AMZN,date,closing,avg
,101.120003,609.9551339485289
AAPL,Wed Mar 09 00:00:00 CET 2016,101.120003,609.9551339485289
GOOG,Tue Mar 08 00:00:00 CET 2016,101.029999,608.0909393150179
AAPL,Tue Mar 08 00:00:00 CET 2016,101.029999,608.0909393150179
AMZN,Tue Mar 08 00:00:00 CET 2016,101.029999,101.075001
GOOG,Mon Mar 07 00:00:00 CET 2016,101.870003,606.2434176496345
AAPL,Mon Mar 07 00:00:00 CET 2016,101.870003,606.2434176496345
AMZN,Mon Mar 07 00:00:00 CET 2016,101.870003,101.34000166666665
GOOG,Fri Mar 04 00:00:00 CET 2016,103.010002,604.4134779563631
AAPL,Fri Mar 04 00:00:00 CET 2016,103.010002,604.4134779563631
AMZN,Fri Mar 04 00:00:00 CET 2016,103.010002,101.75750174999999
GOOG,Thu Mar 03 00:00:00 CET 2016,101.5,602.5913276739125
AAPL,Thu Mar 03 00:00:00 CET 2016,101.5,602.5913276739125
AMZN,Thu Mar 03 00:00:00 CET 2016,101.5,101.70600139999999
GOOG,Wed Mar 02 00:00:00 CET 2016,100.75,600.7796261299634
AAPL,Wed Mar 02 00:00:00 CET 2016,100.75,600.7796261299634
AMZN,Wed Mar 02 00:00:00 CET 2016,100.75,101.54666783333333
GOOG,Tue Mar 01 00:00:00 CET 2016,100.529999,598.9801670395677
AAPL,Tue Mar 01 00:00:00 CET 2016,100.529999,598.9801670395677
AMZN,Tue Mar 01 00:00:00 CET 2016,100.529999,101.40142942857142
GOOG,Mon Feb 29 00:00:00 CET 2016,96.690002,597.1798438673829
AAPL,Mon Feb 29 00:00:00 CET 2016,96.690002,597.1798438673829
AMZN,Mon Feb 29 00:00:00 CET 2016,96.690002,100.812501
GOOG,Fri Feb 26 00:00:00 CET 2016,96.910004,595.3931658678565
AAPL,Fri Feb 26 00:00:00 CET 2016,96.910004,595.3931658678565
AMZN,Fri Feb 26 00:00:00 CET 2016,96.910004,100.37889022222221
GOOG,Thu Feb 25 00:00:00 CET 2016,96.760002,593.6186706227752
AAPL,Thu Feb 25 00:00:00 CET 2016,96.760002,593.6186706227752
AMZN,Thu Feb 25 00:00:00 CET 2016,96.760002,100.0170014
GOOG,Wed Feb 24 00:00:00 CET 2016,96.099998,591.8544200106377
AAPL,Wed Feb 24 00:00:00 CET 2016,96.099998,591.8544200106377
AMZN,Wed Feb 24 00:00:00 CET 2016,96.099998,99.66091018181818
GOOG,Tue Feb 23 00:00:00 CET 2016,94.690002,590.0976552826849
AAPL,Tue Feb 23 00:00:00 CET 2016,94.690002,590.0976552826849
AMZN,Tue Feb 23 00:00:00 CET 2016,94.690002,99.24666783333333
GOOG,Mon Feb 22 00:00:00 CET 2016,96.879997,588.3609733873233
AAPL,Mon Feb 22 00:00:00 CET 2016,96.879997,588.3609733873233
AMZN,Mon Feb 22 00:00:00 CET 2016,96.879997,99.06461623076923
GOOG,Fri Feb 19 00:00:00 CET 2016,96.040001,586.6335313789467
AAPL,Fri Feb 19 00:00:00 CET 2016,96.040001,586.6335313789467
AMZN,Fri Feb 19 00:00:00 CET 2016,96.040001,98.8485722857143
GOOG,Thu Feb 18 00:00:00 CET 2016,96.260002,584.9189386188805
AAPL,Thu Feb 18 00:00:00 CET 2016,96.260002,584.9189386188805
AMZN,Thu Feb 18 00:00:00 CET 2016,96.260002,98.67600093333334
GOOG,Wed Feb 17 00:00:00 CET 2016,98.120003,583.2227750801386
AAPL,Wed Feb 17 00:00:00 CET 2016,98.120003,583.2227750801386
AMZN,Wed Feb 17 00:00:00 CET 2016,98.120003,98.6412510625
GOOG,Tue Feb 16 00:00:00 CET 2016,96.639999,581.5332515520827
AAPL,Tue Feb 16 00:00:00 CET 2016,96.639999,581.5332515520827
AMZN,Tue Feb 16 00:00:00 CET 2016,96.639999,98.52353035294118
GOOG,Fri Feb 12 00:00:00 CET 2016,93.989998,579.8462506747398
AAPL,Fri Feb 12 00:00:00 CET 2016,93.989998,579.8462506747398
AMZN,Fri Feb 12 00:00:00 CET 2016,93.989998,98.27166744444445
GOOG,Thu Feb 11 00:00:00 CET 2016,93.699997,578.169884282758
AAPL,Thu Feb 11 00:00:00 CET 2016,93.699997,578.169884282758
AMZN,Thu Feb 11 00:00:00 CET 2016,93.699997,98.03105321052631
GOOG,Wed Feb 10 00:00:00 CET 2016,94.269997,576.5069980721643
AAPL,Wed Feb 10 00:00:00 CET 2016,94.269997,576.5069980721643
AMZN,Wed Feb 10 00:00:00 CET 2016,94.269997,97.84300040000001
GOOG,Tue Feb 09 00:00:00 CET 2016,94.989998,574.8579672499993
AAPL,Tue Feb 09 00:00:00 CET 2016,94.989998,574.8579672499993
AMZN,Tue Feb 09 00:00:00 CET 2016,94.989998,97.70714314285715
GOOG,Mon Feb 08 00:00:00 CET 2016,95.010002,573.2202608839583
AAPL,Mon Feb 08 00:00:00 CET 2016,95.010002,573.2202608839583
AMZN,Mon Feb 08 00:00:00 CET 2016,95.010002,97.58454581818182
GOOG,Fri Feb 05 00:00:00 CET 2016,94.019997,571.5903280136047
AAPL,Fri Feb 05 00:00:00 CET 2016,94.019997,571.5903280136047
AMZN,Fri Feb 05 00:00:00 CET 2016,94.019997,97.4295654347826
GOOG,Thu Feb 04 00:00:00 CET 2016,96.599998,569.9801913016942
AAPL,Thu Feb 04 00:00:00 CET 2016,96.599998,569.9801913016942
AMZN,Thu Feb 04 00:00:00 CET 2016,96.599998,97.39500012500001
GOOG,Wed Feb 03 00:00:00 CET 2016,96.349998,568.3800892972965
AAPL,Wed Feb 03 00:00:00 CET 2016,96.349998,568.3800892972965
AMZN,Wed Feb 03 00:00:00 CET 2016,96.349998,97.35320004
GOOG,Tue Feb 02 00:00:00 CET 2016,94.480003,566.7844661111103
AAPL,Tue Feb 02 00:00:00 CET 2016,94.480003,566.7844661111103
AMZN,Tue Feb 02 00:00:00 CET 2016,94.480003,97.24269246153848
GOOG,Mon Feb 01 00:00:00 CET 2016,96.43,565.2060954194623
AAPL,Mon Feb 01 00:00:00 CET 2016,96.43,565.2060954194623
AMZN,Mon Feb 01 00:00:00 CET 2016,96.43,97.21259274074075
GOOG,Fri Jan 29 00:00:00 CET 2016,97.339996,563.6413258561864
AAPL,Fri Jan 29 00:00:00 CET 2016,97.339996,563.6413258561864
AMZN,Fri Jan 29 00:00:00 CET 2016,97.339996,97.21714285714287
GOOG,Thu Jan 28 00:00:00 CET 2016,94.089996,562.0761547566658
AAPL,Thu Jan 28 00:00:00 CET 2016,94.089996,562.0761547566658
AMZN,Thu Jan 28 00:00:00 CET 2016,94.089996,97.10931020689657
GOOG,Wed Jan 27 00:00:00 CET 2016,93.419998,560.5191575581387
AAPL,Wed Jan 27 00:00:00 CET 2016,93.419998,560.5191575581387
AMZN,Wed Jan 27 00:00:00 CET 2016,93.419998,96.98633313333335
GOOG,Tue Jan 26 00:00:00 CET 2016,99.989998,558.9942265662244
AAPL,Tue Jan 26 00:00:00 CET 2016,99.989998,558.9942265662244
AMZN,Tue Jan 26 00:00:00 CET 2016,99.989998,97.0832255483871
GOOG,Mon Jan 25 00:00:00 CET 2016,99.440002,557.4775459570949
AAPL,Mon Jan 25 00:00:00 CET 2016,99.440002,557.4775459570949
AMZN,Mon Jan 25 00:00:00 CET 2016,99.440002,97.1568748125
GOOG,Fri Jan 22 00:00:00 CET 2016,101.419998,555.9773566546044
AAPL,Fri Jan 22 00:00:00 CET 2016,101.419998,555.9773566546044
AMZN,Fri Jan 22 00:00:00 CET 2016,101.419998,97.28606036363637
GOOG,Thu Jan 21 00:00:00 CET 2016,96.300003,554.4702177901631
AAPL,Thu Jan 21 00:00:00 CET 2016,96.300003,554.4702177901631
AMZN,Thu Jan 21 00:00:00 CET 2016,96.300003,97.25705867647059
GOOG,Wed Jan 20 00:00:00 CET 2016,96.790001,552.9745308071887
AAPL,Wed Jan 20 00:00:00 CET 2016,96.790001,552.9745308071887
AMZN,Wed Jan 20 00:00:00 CET 2016,96.790001,97.24371417142856
GOOG,Tue Jan 19 00:00:00 CET 2016,96.660004,551.4881642703575
AAPL,Tue Jan 19 00:00:00 CET 2016,96.660004,551.4881642703575
AMZN,Tue Jan 19 00:00:00 CET 2016,96.660004,97.22749999999999
GOOG,Fri Jan 15 00:00:00 CET 2016,97.129997,550.0129754155836
AAPL,Fri Jan 15 00:00:00 CET 2016,97.129997,550.0129754155836
AMZN,Fri Jan 15 00:00:00 CET 2016,97.129997,97.22486478378377
GOOG,Thu Jan 14 00:00:00 CET 2016,99.519997,548.5550693365687
AAPL,Thu Jan 14 00:00:00 CET 2016,99.519997,548.5550693365687
AMZN,Thu Jan 14 00:00:00 CET 2016,99.519997,97.28526299999999
GOOG,Wed Jan 13 00:00:00 CET 2016,97.389999,547.0996981419347
AAPL,Wed Jan 13 00:00:00 CET 2016,97.389999,547.0996981419347
AMZN,Wed Jan 13 00:00:00 CET 2016,97.389999,97.28794853846152
GOOG,Tue Jan 12 00:00:00 CET 2016,99.959999,545.6619499131825
AAPL,Tue Jan 12 00:00:00 CET 2016,99.959999,545.6619499131825
AMZN,Tue Jan 12 00:00:00 CET 2016,99.959999,97.3547498
GOOG,Mon Jan 11 00:00:00 CET 2016,98.529999,544.2288346858967
AAPL,Mon Jan 11 00:00:00 CET 2016,98.529999,544.2288346858967
AMZN,Mon Jan 11 00:00:00 CET 2016,98.529999,97.38341441463413
GOOG,Fri Jan 08 00:00:00 CET 2016,96.959999,542.7998607699673
AAPL,Fri Jan 08 00:00:00 CET 2016,96.959999,542.7998607699673
AMZN,Fri Jan 08 00:00:00 CET 2016,96.959999,97.37333309523808
GOOG,Thu Jan 07 00:00:00 CET 2016,96.449997,541.3783643885342
AAPL,Thu Jan 07 00:00:00 CET 2016,96.449997,541.3783643885342
AMZN,Thu Jan 07 00:00:00 CET 2016,96.449997,97.35186016279069
GOOG,Wed Jan 06 00:00:00 CET 2016,100.699997,539.9793854444437
AAPL,Wed Jan 06 00:00:00 CET 2016,100.699997,539.9793854444437
AMZN,Wed Jan 06 00:00:00 CET 2016,100.699997,97.42795418181817
GOOG,Tue Jan 05 00:00:00 CET 2016,102.709999,538.5956215632904
AAPL,Tue Jan 05 00:00:00 CET 2016,102.709999,538.5956215632904
AMZN,Tue Jan 05 00:00:00 CET 2016,102.709999,97.54533295555552
GOOG,Mon Jan 04 00:00:00 CET 2016,105.349998,537.2289161261822
AAPL,Mon Jan 04 00:00:00 CET 2016,105.349998,537.2289161261822
AMZN,Mon Jan 04 00:00:00 CET 2016,105.349998,97.7149995869565
GOOG,Thu Dec 31 00:00:00 CET 2015,105.260002,535.8705233144647
AAPL,Thu Dec 31 00:00:00 CET 2015,105.260002,535.8705233144647
AMZN,Thu Dec 31 00:00:00 CET 2015,105.260002,97.87553155319145
GOOG,Wed Dec 30 00:00:00 CET 2015,107.32,534.5271047460807
AAPL,Wed Dec 30 00:00:00 CET 2015,107.32,534.5271047460807
AMZN,Wed Dec 30 00:00:00 CET 2015,107.32,98.07229131249996
GOOG,Tue Dec 29 00:00:00 CET 2015,108.739998,533.1965200374992
AAPL,Tue Dec 29 00:00:00 CET 2015,108.739998,533.1965200374992
AMZN,Tue Dec 29 00:00:00 CET 2015,108.739998,98.28999961224486
GOOG,Mon Dec 28 00:00:00 CET 2015,106.82,531.8682442741426
AAPL,Mon Dec 28 00:00:00 CET 2015,106.82,531.8682442741426
AMZN,Mon Dec 28 00:00:00 CET 2015,106.82,98.46059961999995
GOOG,Thu Dec 24 00:00:00 CET 2015,108.029999,530.5519764316763
AAPL,Thu Dec 24 00:00:00 CET 2015,108.029999,530.5519764316763
AMZN,Thu Dec 24 00:00:00 CET 2015,108.029999,98.64823490196075
GOOG,Wed Dec 23 00:00:00 CET 2015,108.610001,529.245654526315
AAPL,Wed Dec 23 00:00:00 CET 2015,108.610001,529.245654526315
AMZN,Wed Dec 23 00:00:00 CET 2015,108.610001,98.83980732692304
GOOG,Tue Dec 22 00:00:00 CET 2015,107.230003,527.9431370833325
AAPL,Tue Dec 22 00:00:00 CET 2015,107.230003,527.9431370833325
AMZN,Tue Dec 22 00:00:00 CET 2015,107.230003,98.99811290566034
GOOG,Mon Dec 21 00:00:00 CET 2015,107.330002,526.6489428215377
AAPL,Mon Dec 21 00:00:00 CET 2015,107.330002,526.6489428215377
AMZN,Mon Dec 21 00:00:00 CET 2015,107.330002,99.1524071481481
GOOG,Fri Dec 18 00:00:00 CET 2015,106.029999,525.3587006625759
AAPL,Fri Dec 18 00:00:00 CET 2015,106.029999,525.3587006625759
AMZN,Fri Dec 18 00:00:00 CET 2015,106.029999,99.27745427272724
GOOG,Thu Dec 17 00:00:00 CET 2015,108.980003,524.0853713119259
AAPL,Thu Dec 17 00:00:00 CET 2015,108.980003,524.0853713119259
AMZN,Thu Dec 17 00:00:00 CET 2015,108.980003,99.45071407142852
GOOG,Wed Dec 16 00:00:00 CET 2015,111.339996,522.8270012652431
AAPL,Wed Dec 16 00:00:00 CET 2015,111.339996,522.8270012652431
AMZN,Wed Dec 16 00:00:00 CET 2015,111.339996,99.65929796491223
GOOG,Tue Dec 15 00:00:00 CET 2015,110.489998,521.5736973039507
AAPL,Tue Dec 15 00:00:00 CET 2015,110.489998,521.5736973039507
AMZN,Tue Dec 15 00:00:00 CET 2015,110.489998,99.84603417241375
GOOG,Mon Dec 14 00:00:00 CET 2015,112.480003,520.3340194424235
AAPL,Mon Dec 14 00:00:00 CET 2015,112.480003,520.3340194424235
AMZN,Mon Dec 14 00:00:00 CET 2015,112.480003,100.06016923728808
GOOG,Fri Dec 11 00:00:00 CET 2015,113.18,519.1039468761322
AAPL,Fri Dec 11 00:00:00 CET 2015,113.18,519.1039468761322
AMZN,Fri Dec 11 00:00:00 CET 2015,113.18,100.27883308333328
GOOG,Thu Dec 10 00:00:00 CET 2015,116.169998,517.8902904036137
AAPL,Thu Dec 10 00:00:00 CET 2015,116.169998,517.8902904036137
AMZN,Thu Dec 10 00:00:00 CET 2015,116.169998,100.53934398360651
GOOG,Wed Dec 09 00:00:00 CET 2015,115.620003,516.6822715225218
AAPL,Wed Dec 09 00:00:00 CET 2015,115.620003,516.6822715225218
AMZN,Wed Dec 09 00:00:00 CET 2015,115.620003,100.7825804193548
GOOG,Tue Dec 08 00:00:00 CET 2015,118.230003,515.4893006586818
AAPL,Tue Dec 08 00:00:00 CET 2015,118.230003,515.4893006586818
AMZN,Tue Dec 08 00:00:00 CET 2015,118.230003,101.0595236349206
GOOG,Mon Dec 07 00:00:00 CET 2015,118.279999,514.3036012507455
AAPL,Mon Dec 07 00:00:00 CET 2015,118.279999,514.3036012507455
AMZN,Mon Dec 07 00:00:00 CET 2015,118.279999,101.32859356249996
GOOG,Fri Dec 04 00:00:00 CET 2015,119.029999,513.1271917202373
AAPL,Fri Dec 04 00:00:00 CET 2015,119.029999,513.1271917202373
AMZN,Fri Dec 04 00:00:00 CET 2015,119.029999,101.60092287692305
GOOG,Thu Dec 03 00:00:00 CET 2015,115.199997,511.9463988575659
AAPL,Thu Dec 03 00:00:00 CET 2015,115.199997,511.9463988575659
AMZN,Thu Dec 03 00:00:00 CET 2015,115.199997,101.80696945454542
GOOG,Wed Dec 02 00:00:00 CET 2015,116.279999,510.7757882070997
AAPL,Wed Dec 02 00:00:00 CET 2015,116.279999,510.7757882070997
AMZN,Wed Dec 02 00:00:00 CET 2015,116.279999,102.02298482089549
GOOG,Tue Dec 01 00:00:00 CET 2015,117.339996,509.61521064896664
AAPL,Tue Dec 01 00:00:00 CET 2015,117.339996,509.61521064896664
AMZN,Tue Dec 01 00:00:00 CET 2015,117.339996,102.24823498529408
GOOG,Mon Nov 30 00:00:00 CET 2015,118.300003,508.4642835676462
AAPL,Mon Nov 30 00:00:00 CET 2015,118.300003,508.4642835676462
AMZN,Mon Nov 30 00:00:00 CET 2015,118.300003,102.48086930434779
GOOG,Fri Nov 27 00:00:00 CET 2015,117.809998,507.31866982697863
AAPL,Fri Nov 27 00:00:00 CET 2015,117.809998,507.31866982697863
AMZN,Fri Nov 27 00:00:00 CET 2015,117.809998,102.69985685714282
GOOG,Wed Nov 25 00:00:00 CET 2015,118.029999,506.1803988596483
AAPL,Wed Nov 25 00:00:00 CET 2015,118.029999,506.1803988596483
AMZN,Wed Nov 25 00:00:00 CET 2015,118.029999,102.91577435211265
GOOG,Tue Nov 24 00:00:00 CET 2015,118.879997,505.0512431690954
AAPL,Tue Nov 24 00:00:00 CET 2015,118.879997,505.0512431690954
AMZN,Tue Nov 24 00:00:00 CET 2015,118.879997,103.13749966666664
GOOG,Mon Nov 23 00:00:00 CET 2015,117.75,503.9253674622085
AAPL,Mon Nov 23 00:00:00 CET 2015,117.75,503.9253674622085
AMZN,Mon Nov 23 00:00:00 CET 2015,117.75,103.33767090410956
GOOG,Fri Nov 20 00:00:00 CET 2015,119.300003,502.81051133333256
AAPL,Fri Nov 20 00:00:00 CET 2015,119.300003,502.81051133333256
AMZN,Fri Nov 20 00:00:00 CET 2015,119.300003,103.55337809459456
GOOG,Thu Nov 19 00:00:00 CET 2015,118.779999,501.70059655780267
AAPL,Thu Nov 19 00:00:00 CET 2015,118.779999,501.70059655780267
AMZN,Thu Nov 19 00:00:00 CET 2015,118.779999,103.75639970666664
GOOG,Wed Nov 18 00:00:00 CET 2015,117.290001,500.59278504322685
AAPL,Wed Nov 18 00:00:00 CET 2015,117.290001,500.59278504322685
AMZN,Wed Nov 18 00:00:00 CET 2015,117.290001,103.93447340789471
GOOG,Tue Nov 17 00:00:00 CET 2015,113.690002,499.48099543678074
AAPL,Tue Nov 17 00:00:00 CET 2015,113.690002,499.48099543678074
AMZN,Tue Nov 17 00:00:00 CET 2015,113.690002,104.06116858441557
GOOG,Mon Nov 16 00:00:00 CET 2015,114.18,498.3769811232083
AAPL,Mon Nov 16 00:00:00 CET 2015,114.18,498.3769811232083
AMZN,Mon Nov 16 00:00:00 CET 2015,114.18,104.19089719230769
GOOG,Fri Nov 13 00:00:00 CET 2015,112.339996,497.27401830857053
AAPL,Fri Nov 13 00:00:00 CET 2015,112.339996,497.27401830857053
AMZN,Fri Nov 13 00:00:00 CET 2015,112.339996,104.29405034177213
GOOG,Thu Nov 12 00:00:00 CET 2015,115.720001,496.18696982621
AAPL,Thu Nov 12 00:00:00 CET 2015,115.720001,496.18696982621
AMZN,Thu Nov 12 00:00:00 CET 2015,115.720001,104.43687472499998
GOOG,Wed Nov 11 00:00:00 CET 2015,116.110001,495.1072057102264
AAPL,Wed Nov 11 00:00:00 CET 2015,116.110001,495.1072057102264
AMZN,Wed Nov 11 00:00:00 CET 2015,116.110001,104.5809873950617
GOOG,Tue Nov 10 00:00:00 CET 2015,116.769997,494.03542891501326
AAPL,Tue Nov 10 00:00:00 CET 2015,116.769997,494.03542891501326
AMZN,Tue Nov 10 00:00:00 CET 2015,116.769997,104.7296338536585
GOOG,Mon Nov 09 00:00:00 CET 2015,120.57,492.98044182768274
AAPL,Mon Nov 09 00:00:00 CET 2015,120.57,492.98044182768274
AMZN,Mon Nov 09 00:00:00 CET 2015,120.57,104.92048163855418
GOOG,Fri Nov 06 00:00:00 CET 2015,121.059998,491.93277860563296
AAPL,Fri Nov 06 00:00:00 CET 2015,121.059998,491.93277860563296
AMZN,Fri Nov 06 00:00:00 CET 2015,121.059998,105.11261873809521
GOOG,Thu Nov 05 00:00:00 CET 2015,120.919998,490.89060787359466
AAPL,Thu Nov 05 00:00:00 CET 2015,120.919998,490.89060787359466
AMZN,Thu Nov 05 00:00:00 CET 2015,120.919998,105.29858790588231
GOOG,Wed Nov 04 00:00:00 CET 2015,122.0,489.85730084873865
AAPL,Wed Nov 04 00:00:00 CET 2015,122.0,489.85730084873865
AMZN,Wed Nov 04 00:00:00 CET 2015,122.0,105.49279037209298
GOOG,Tue Nov 03 00:00:00 CET 2015,122.57,488.83135866759693
AAPL,Tue Nov 03 00:00:00 CET 2015,122.57,488.83135866759693
AMZN,Tue Nov 03 00:00:00 CET 2015,122.57,105.689080137931
GOOG,Mon Nov 02 00:00:00 CET 2015,121.18,487.80726017548665
AAPL,Mon Nov 02 00:00:00 CET 2015,121.18,487.80726017548665
AMZN,Mon Nov 02 00:00:00 CET 2015,121.18,105.86511331818178
GOOG,Fri Oct 30 00:00:00 CET 2015,119.5,486.78418445277697
AAPL,Fri Oct 30 00:00:00 CET 2015,119.5,486.78418445277697
AMZN,Fri Oct 30 00:00:00 CET 2015,119.5,106.0183142921348
GOOG,Thu Oct 29 00:00:00 CET 2015,120.529999,485.7696299224368
AAPL,Thu Oct 29 00:00:00 CET 2015,120.529999,485.7696299224368
AMZN,Thu Oct 29 00:00:00 CET 2015,120.529999,106.1795552333333
GOOG,Wed Oct 28 00:00:00 CET 2015,119.269997,484.75719999723674
AAPL,Wed Oct 28 00:00:00 CET 2015,119.269997,484.75719999723674
AMZN,Wed Oct 28 00:00:00 CET 2015,119.269997,106.3234062417582
GOOG,Tue Oct 27 00:00:00 CET 2015,114.550003,483.73734546005426
AAPL,Tue Oct 27 00:00:00 CET 2015,114.550003,483.73734546005426
AMZN,Tue Oct 27 00:00:00 CET 2015,114.550003,106.4128257717391
GOOG,Mon Oct 26 00:00:00 CET 2015,115.279999,482.7251000027464
AAPL,Mon Oct 26 00:00:00 CET 2015,115.279999,482.7251000027464
AMZN,Mon Oct 26 00:00:00 CET 2015,115.279999,106.50817172043008
GOOG,Fri Oct 23 00:00:00 CEST 2015,119.080002,481.72881206301287
AAPL,Fri Oct 23 00:00:00 CEST 2015,119.080002,481.72881206301287
AMZN,Fri Oct 23 00:00:00 CEST 2015,119.080002,106.64191459574467
GOOG,Thu Oct 22 00:00:00 CEST 2015,115.5,480.7281868934418
AAPL,Thu Oct 22 00:00:00 CEST 2015,115.5,480.7281868934418
AMZN,Thu Oct 22 00:00:00 CEST 2015,115.5,106.73515759999998
GOOG,Wed Oct 21 00:00:00 CEST 2015,113.760002,479.7282735831054
AAPL,Wed Oct 21 00:00:00 CEST 2015,113.760002,479.7282735831054
AMZN,Wed Oct 21 00:00:00 CEST 2015,113.760002,106.80833306249998
GOOG,Tue Oct 20 00:00:00 CEST 2015,113.769997,478.73382174456435
AAPL,Tue Oct 20 00:00:00 CEST 2015,113.769997,478.73382174456435
AMZN,Tue Oct 20 00:00:00 CEST 2015,113.769997,106.88010279381442
GOOG,Mon Oct 19 00:00:00 CEST 2015,111.730003,477.73923144986367
AAPL,Mon Oct 19 00:00:00 CEST 2015,111.730003,477.73923144986367
AMZN,Mon Oct 19 00:00:00 CEST 2015,111.730003,106.92959157142856
GOOG,Fri Oct 16 00:00:00 CEST 2015,111.040001,476.7481524486478
AAPL,Fri Oct 16 00:00:00 CEST 2015,111.040001,476.7481524486478
AMZN,Fri Oct 16 00:00:00 CEST 2015,111.040001,106.97111085858585
GOOG,Thu Oct 15 00:00:00 CEST 2015,111.860001,475.7646264339614
AAPL,Thu Oct 15 00:00:00 CEST 2015,111.860001,475.7646264339614
AMZN,Thu Oct 15 00:00:00 CEST 2015,111.860001,107.01999975999998
GOOG,Wed Oct 14 00:00:00 CEST 2015,110.209999,474.78195270430024
AAPL,Wed Oct 14 00:00:00 CEST 2015,110.209999,474.78195270430024
AMZN,Wed Oct 14 00:00:00 CEST 2015,110.209999,107.05158391089107
GOOG,Tue Oct 13 00:00:00 CEST 2015,111.790001,473.808783932975
AAPL,Tue Oct 13 00:00:00 CEST 2015,111.790001,473.808783932975
AMZN,Tue Oct 13 00:00:00 CEST 2015,111.790001,107.09803898039213
GOOG,Mon Oct 12 00:00:00 CEST 2015,111.599998,472.8403112433146
AAPL,Mon Oct 12 00:00:00 CEST 2015,111.599998,472.8403112433146
AMZN,Mon Oct 12 00:00:00 CEST 2015,111.599998,107.14174732038832
GOOG,Fri Oct 09 00:00:00 CEST 2015,112.120003,471.8783904213324
AAPL,Fri Oct 09 00:00:00 CEST 2015,112.120003,471.8783904213324
AMZN,Fri Oct 09 00:00:00 CEST 2015,112.120003,107.18961516346151
GOOG,Thu Oct 08 00:00:00 CEST 2015,109.5,470.9146181063821
AAPL,Thu Oct 08 00:00:00 CEST 2015,109.5,470.9146181063821
AMZN,Thu Oct 08 00:00:00 CEST 2015,109.5,107.2116188285714
GOOG,Wed Oct 07 00:00:00 CEST 2015,110.779999,469.9593538647205
AAPL,Wed Oct 07 00:00:00 CEST 2015,110.779999,469.9593538647205
AMZN,Wed Oct 07 00:00:00 CEST 2015,110.779999,107.2452827924528
GOOG,Tue Oct 06 00:00:00 CEST 2015,111.309998,469.0105460449726
AAPL,Tue Oct 06 00:00:00 CEST 2015,111.309998,469.0105460449726
AMZN,Tue Oct 06 00:00:00 CEST 2015,111.309998,107.28327078504671
GOOG,Mon Oct 05 00:00:00 CEST 2015,110.779999,468.0653467124001
AAPL,Mon Oct 05 00:00:00 CEST 2015,110.779999,468.0653467124001
AMZN,Mon Oct 05 00:00:00 CEST 2015,110.779999,107.31564789814813
GOOG,Fri Oct 02 00:00:00 CEST 2015,110.379997,467.1240694763149
AAPL,Fri Oct 02 00:00:00 CEST 2015,110.379997,467.1240694763149
AMZN,Fri Oct 02 00:00:00 CEST 2015,110.379997,107.34376119266054
GOOG,Thu Oct 01 00:00:00 CEST 2015,109.580002,466.18563360367364
AAPL,Thu Oct 01 00:00:00 CEST 2015,109.580002,466.18563360367364
AMZN,Thu Oct 01 00:00:00 CEST 2015,109.580002,107.36409065454545
GOOG,Wed Sep 30 00:00:00 CEST 2015,110.300003,465.2539958272243
AAPL,Wed Sep 30 00:00:00 CEST 2015,110.300003,465.2539958272243
AMZN,Wed Sep 30 00:00:00 CEST 2015,110.300003,107.3905403153153
GOOG,Tue Sep 29 00:00:00 CEST 2015,109.059998,464.3239853890331
AAPL,Tue Sep 29 00:00:00 CEST 2015,109.059998,464.3239853890331
AMZN,Tue Sep 29 00:00:00 CEST 2015,109.059998,107.4054461875
GOOG,Mon Sep 28 00:00:00 CEST 2015,112.440002,463.4076208489575
AAPL,Mon Sep 28 00:00:00 CEST 2015,112.440002,463.4076208489575
AMZN,Mon Sep 28 00:00:00 CEST 2015,112.440002,107.44999977876105
GOOG,Fri Sep 25 00:00:00 CEST 2015,114.709999,462.50191274025894
AAPL,Fri Sep 25 00:00:00 CEST 2015,114.709999,462.50191274025894
AMZN,Fri Sep 25 00:00:00 CEST 2015,114.709999,107.51368398245614
GOOG,Thu Sep 24 00:00:00 CEST 2015,115.0,461.6016487176158
AAPL,Thu Sep 24 00:00:00 CEST 2015,115.0,461.6016487176158
AMZN,Thu Sep 24 00:00:00 CEST 2015,115.0,107.5787823826087
GOOG,Wed Sep 23 00:00:00 CEST 2015,114.32,460.70428011627826
AAPL,Wed Sep 23 00:00:00 CEST 2015,114.32,460.70428011627826
AMZN,Wed Sep 23 00:00:00 CEST 2015,114.32,107.6368963275862
GOOG,Tue Sep 22 00:00:00 CEST 2015,113.400002,459.8091659974219
AAPL,Tue Sep 22 00:00:00 CEST 2015,113.400002,459.8091659974219
AMZN,Tue Sep 22 00:00:00 CEST 2015,113.400002,107.68615364102564
GOOG,Mon Sep 21 00:00:00 CEST 2015,115.209999,458.92330695629744
AAPL,Mon Sep 21 00:00:00 CEST 2015,115.209999,458.92330695629744
AMZN,Mon Sep 21 00:00:00 CEST 2015,115.209999,107.74991504237289
GOOG,Fri Sep 18 00:00:00 CEST 2015,113.449997,458.0374779564095
AAPL,Fri Sep 18 00:00:00 CEST 2015,113.449997,458.0374779564095
AMZN,Fri Sep 18 00:00:00 CEST 2015,113.449997,107.7978148907563
GOOG,Thu Sep 17 00:00:00 CEST 2015,113.919998,457.1573820997435
AAPL,Thu Sep 17 00:00:00 CEST 2015,113.919998,457.1573820997435
AMZN,Thu Sep 17 00:00:00 CEST 2015,113.919998,107.84883308333333
GOOG,Wed Sep 16 00:00:00 CEST 2015,116.410004,456.2881285841829
AAPL,Wed Sep 16 00:00:00 CEST 2015,116.410004,456.2881285841829
AMZN,Wed Sep 16 00:00:00 CEST 2015,116.410004,107.91958656198346
GOOG,Tue Sep 15 00:00:00 CEST 2015,116.279999,455.4229679491086
AAPL,Tue Sep 15 00:00:00 CEST 2015,116.279999,455.4229679491086
AMZN,Tue Sep 15 00:00:00 CEST 2015,116.279999,107.98811453278688
GOOG,Mon Sep 14 00:00:00 CEST 2015,115.309998,454.55973706091294
AAPL,Mon Sep 14 00:00:00 CEST 2015,115.309998,454.55973706091294
AMZN,Mon Sep 14 00:00:00 CEST 2015,115.309998,108.0476420406504
GOOG,Fri Sep 11 00:00:00 CEST 2015,114.209999,453.6980921544297
AAPL,Fri Sep 11 00:00:00 CEST 2015,114.209999,453.6980921544297
AMZN,Fri Sep 11 00:00:00 CEST 2015,114.209999,108.09733846774193
GOOG,Thu Sep 10 00:00:00 CEST 2015,112.57,452.83665757828214
AAPL,Thu Sep 10 00:00:00 CEST 2015,112.57,452.83665757828214
AMZN,Thu Sep 10 00:00:00 CEST 2015,112.57,108.13311976
GOOG,Wed Sep 09 00:00:00 CEST 2015,110.150002,451.9734670100749
AAPL,Wed Sep 09 00:00:00 CEST 2015,110.150002,451.9734670100749
AMZN,Wed Sep 09 00:00:00 CEST 2015,110.150002,108.14912676190477
GOOG,Tue Sep 08 00:00:00 CEST 2015,112.309998,451.1200412085421
AAPL,Tue Sep 08 00:00:00 CEST 2015,112.309998,451.1200412085421
AMZN,Tue Sep 08 00:00:00 CEST 2015,112.309998,108.18188952755906
GOOG,Fri Sep 04 00:00:00 CEST 2015,109.269997,450.2632741804505
AAPL,Fri Sep 04 00:00:00 CEST 2015,109.269997,450.2632741804505
AMZN,Fri Sep 04 00:00:00 CEST 2015,109.269997,108.1903903671875
GOOG,Thu Sep 03 00:00:00 CEST 2015,110.370003,449.41354100249936
AAPL,Thu Sep 03 00:00:00 CEST 2015,110.370003,449.41354100249936
AMZN,Thu Sep 03 00:00:00 CEST 2015,110.370003,108.20728658914729
GOOG,Wed Sep 02 00:00:00 CEST 2015,112.339996,448.5729585960093
AAPL,Wed Sep 02 00:00:00 CEST 2015,112.339996,448.5729585960093
AMZN,Wed Sep 02 00:00:00 CEST 2015,112.339996,108.23907666153848
GOOG,Tue Sep 01 00:00:00 CEST 2015,107.720001,447.725065666666
AAPL,Tue Sep 01 00:00:00 CEST 2015,107.720001,447.725065666666
AMZN,Tue Sep 01 00:00:00 CEST 2015,107.720001,108.2351142519084
GOOG,Mon Aug 31 00:00:00 CEST 2015,112.760002,446.89388684863457
AAPL,Mon Aug 31 00:00:00 CEST 2015,112.760002,446.89388684863457
AMZN,Mon Aug 31 00:00:00 CEST 2015,112.760002,108.26939370454546
GOOG,Fri Aug 28 00:00:00 CEST 2015,113.290001,446.0681346559399
AAPL,Fri Aug 28 00:00:00 CEST 2015,113.290001,446.0681346559399
AMZN,Fri Aug 28 00:00:00 CEST 2015,113.290001,108.30714263157896
GOOG,Thu Aug 27 00:00:00 CEST 2015,112.919998,445.2455466641968
AAPL,Thu Aug 27 00:00:00 CEST 2015,112.919998,445.2455466641968
AMZN,Thu Aug 27 00:00:00 CEST 2015,112.919998,108.34156692537314
GOOG,Wed Aug 26 00:00:00 CEST 2015,109.690002,444.4190551748761
AAPL,Wed Aug 26 00:00:00 CEST 2015,109.690002,444.4190551748761
AMZN,Wed Aug 26 00:00:00 CEST 2015,109.690002,108.35155533333334
GOOG,Tue Aug 25 00:00:00 CEST 2015,103.739998,443.5820058943482
AAPL,Tue Aug 25 00:00:00 CEST 2015,103.739998,443.5820058943482
AMZN,Tue Aug 25 00:00:00 CEST 2015,103.739998,108.3176468235294
GOOG,Mon Aug 24 00:00:00 CEST 2015,103.120003,442.74754020097964
AAPL,Mon Aug 24 00:00:00 CEST 2015,103.120003,442.74754020097964
AMZN,Mon Aug 24 00:00:00 CEST 2015,103.120003,108.27970781751824
GOOG,Fri Aug 21 00:00:00 CEST 2015,105.760002,441.9236097897303
AAPL,Fri Aug 21 00:00:00 CEST 2015,105.760002,441.9236097897303
AMZN,Fri Aug 21 00:00:00 CEST 2015,105.760002,108.26144907971015
GOOG,Thu Aug 20 00:00:00 CEST 2015,112.650002,441.12050342926756
AAPL,Thu Aug 20 00:00:00 CEST 2015,112.650002,441.12050342926756
AMZN,Thu Aug 20 00:00:00 CEST 2015,112.650002,108.2930214028777
GOOG,Wed Aug 19 00:00:00 CEST 2015,115.010002,440.32704722141045
AAPL,Wed Aug 19 00:00:00 CEST 2015,115.010002,440.32704722141045
AMZN,Wed Aug 19 00:00:00 CEST 2015,115.010002,108.3409998357143
GOOG,Tue Aug 18 00:00:00 CEST 2015,116.5,439.5410592427177
AAPL,Tue Aug 18 00:00:00 CEST 2015,116.5,439.5410592427177
AMZN,Tue Aug 18 00:00:00 CEST 2015,116.5,108.3988650851064
GOOG,Mon Aug 17 00:00:00 CEST 2015,117.160004,438.76047557384913
AAPL,Mon Aug 17 00:00:00 CEST 2015,117.160004,438.76047557384913
AMZN,Mon Aug 17 00:00:00 CEST 2015,117.160004,108.46056324647887
GOOG,Fri Aug 14 00:00:00 CEST 2015,115.959999,437.9807642777771
AAPL,Fri Aug 14 00:00:00 CEST 2015,115.959999,437.9807642777771
AMZN,Fri Aug 14 00:00:00 CEST 2015,115.959999,108.51300685314686
GOOG,Thu Aug 13 00:00:00 CEST 2015,115.150002,437.20285882650535
AAPL,Thu Aug 13 00:00:00 CEST 2015,115.150002,437.20285882650535
AMZN,Thu Aug 13 00:00:00 CEST 2015,115.150002,108.55909709722224
GOOG,Wed Aug 12 00:00:00 CEST 2015,115.239998,436.4289096418263
AAPL,Wed Aug 12 00:00:00 CEST 2015,115.239998,436.4289096418263
AMZN,Wed Aug 12 00:00:00 CEST 2015,115.239998,108.60517227586207
GOOG,Tue Aug 11 00:00:00 CEST 2015,113.489998,435.6544758009586
AAPL,Tue Aug 11 00:00:00 CEST 2015,113.489998,435.6544758009586
AMZN,Tue Aug 11 00:00:00 CEST 2015,113.489998,108.63862998630137
GOOG,Mon Aug 10 00:00:00 CEST 2015,119.720001,434.898651698564
AAPL,Mon Aug 10 00:00:00 CEST 2015,119.720001,434.898651698564
AMZN,Mon Aug 10 00:00:00 CEST 2015,119.720001,108.71401346258503
GOOG,Fri Aug 07 00:00:00 CEST 2015,115.519997,434.1364114725531
AAPL,Fri Aug 07 00:00:00 CEST 2015,115.519997,434.1364114725531
AMZN,Fri Aug 07 00:00:00 CEST 2015,115.519997,108.75999983783782
GOOG,Thu Aug 06 00:00:00 CEST 2015,115.129997,433.3768723904756
AAPL,Thu Aug 06 00:00:00 CEST 2015,115.129997,433.3768723904756
AMZN,Thu Aug 06 00:00:00 CEST 2015,115.129997,108.80275149664429
GOOG,Wed Aug 05 00:00:00 CEST 2015,115.400002,432.62158291211347
AAPL,Wed Aug 05 00:00:00 CEST 2015,115.400002,432.62158291211347
AMZN,Wed Aug 05 00:00:00 CEST 2015,115.400002,108.84673316666667
GOOG,Tue Aug 04 00:00:00 CEST 2015,114.639999,431.8680720497625
AAPL,Tue Aug 04 00:00:00 CEST 2015,114.639999,431.8680720497625
AMZN,Tue Aug 04 00:00:00 CEST 2015,114.639999,108.88509916556292
GOOG,Mon Aug 03 00:00:00 CEST 2015,118.440002,431.1271073451531
AAPL,Mon Aug 03 00:00:00 CEST 2015,118.440002,431.1271073451531
AMZN,Mon Aug 03 00:00:00 CEST 2015,118.440002,108.94796036842105
GOOG,Fri Jul 31 00:00:00 CEST 2015,121.300003,430.39638304245227
AAPL,Fri Jul 31 00:00:00 CEST 2015,121.300003,430.39638304245227
AMZN,Fri Jul 31 00:00:00 CEST 2015,121.300003,109.02869267320261
GOOG,Thu Jul 30 00:00:00 CEST 2015,122.370003,429.6716150894112
AAPL,Thu Jul 30 00:00:00 CEST 2015,122.370003,429.6716150894112
AMZN,Thu Jul 30 00:00:00 CEST 2015,122.370003,109.11532455844156
GOOG,Wed Jul 29 00:00:00 CEST 2015,122.989998,428.9517051901403
AAPL,Wed Jul 29 00:00:00 CEST 2015,122.989998,428.9517051901403
AMZN,Wed Jul 29 00:00:00 CEST 2015,122.989998,109.20483858064516
GOOG,Tue Jul 28 00:00:00 CEST 2015,123.379997,428.2360805807957
AAPL,Tue Jul 28 00:00:00 CEST 2015,123.379997,428.2360805807957
AMZN,Tue Jul 28 00:00:00 CEST 2015,123.379997,109.29570498076923
GOOG,Mon Jul 27 00:00:00 CEST 2015,122.769997,427.52237477803686
AAPL,Mon Jul 27 00:00:00 CEST 2015,122.769997,427.52237477803686
AMZN,Mon Jul 27 00:00:00 CEST 2015,122.769997,109.38152849681529
GOOG,Fri Jul 24 00:00:00 CEST 2015,124.5,426.8160289160834
AAPL,Fri Jul 24 00:00:00 CEST 2015,124.5,426.8160289160834
AMZN,Fri Jul 24 00:00:00 CEST 2015,124.5,109.47721502531645
GOOG,Thu Jul 23 00:00:00 CEST 2015,125.160004,426.1145032767437
AAPL,Thu Jul 23 00:00:00 CEST 2015,125.160004,426.1145032767437
AMZN,Thu Jul 23 00:00:00 CEST 2015,125.160004,109.575848918239
GOOG,Wed Jul 22 00:00:00 CEST 2015,125.220001,425.41637218097395
AAPL,Wed Jul 22 00:00:00 CEST 2015,125.220001,425.41637218097395
AMZN,Wed Jul 22 00:00:00 CEST 2015,125.220001,109.67362486875001
GOOG,Tue Jul 21 00:00:00 CEST 2015,130.75,424.7342740972217
AAPL,Tue Jul 21 00:00:00 CEST 2015,130.75,424.7342740972217
AMZN,Tue Jul 21 00:00:00 CEST 2015,130.75,109.80453403105592
GOOG,Mon Jul 20 00:00:00 CEST 2015,132.070007,424.05837509699717
AAPL,Mon Jul 20 00:00:00 CEST 2015,132.070007,424.05837509699717
AMZN,Mon Jul 20 00:00:00 CEST 2015,132.070007,109.94197522222223
GOOG,Fri Jul 17 00:00:00 CEST 2015,129.619995,423.37994564976907
AAPL,Fri Jul 17 00:00:00 CEST 2015,129.619995,423.37994564976907
AMZN,Fri Jul 17 00:00:00 CEST 2015,129.619995,110.06269926993866
GOOG,Thu Jul 16 00:00:00 CEST 2015,128.509995,422.70208369425234
AAPL,Thu Jul 16 00:00:00 CEST 2015,128.509995,422.70208369425234
AMZN,Thu Jul 16 00:00:00 CEST 2015,128.509995,110.17518278048782
GOOG,Wed Jul 15 00:00:00 CEST 2015,126.82,422.0234550619261
AAPL,Wed Jul 15 00:00:00 CEST 2015,126.82,422.0234550619261
AMZN,Wed Jul 15 00:00:00 CEST 2015,126.82,110.27606046060608
GOOG,Tue Jul 14 00:00:00 CEST 2015,125.610001,421.3451634050338
AAPL,Tue Jul 14 00:00:00 CEST 2015,125.610001,421.3451634050338
AMZN,Tue Jul 14 00:00:00 CEST 2015,125.610001,110.36843359638556
GOOG,Mon Jul 13 00:00:00 CEST 2015,125.660004,420.67008313241956
AAPL,Mon Jul 13 00:00:00 CEST 2015,125.660004,420.67008313241956
AMZN,Mon Jul 13 00:00:00 CEST 2015,125.660004,110.45999988622756
GOOG,Fri Jul 10 00:00:00 CEST 2015,123.279999,419.99265697266463
AAPL,Fri Jul 10 00:00:00 CEST 2015,123.279999,419.99265697266463
AMZN,Fri Jul 10 00:00:00 CEST 2015,123.279999,110.53630940476192
GOOG,Thu Jul 09 00:00:00 CEST 2015,120.07,419.311014570454
AAPL,Thu Jul 09 00:00:00 CEST 2015,120.07,419.311014570454
AMZN,Thu Jul 09 00:00:00 CEST 2015,120.07,110.59272177514794
GOOG,Wed Jul 08 00:00:00 CEST 2015,122.57,418.6381324512467
AAPL,Wed Jul 08 00:00:00 CEST 2015,122.57,418.6381324512467
AMZN,Wed Jul 08 00:00:00 CEST 2015,122.57,110.66317635294119
GOOG,Tue Jul 07 00:00:00 CEST 2015,125.690002,417.9753538755651
AAPL,Tue Jul 07 00:00:00 CEST 2015,125.690002,417.9753538755651
AMZN,Tue Jul 07 00:00:00 CEST 2015,125.690002,110.7510525263158
GOOG,Mon Jul 06 00:00:00 CEST 2015,126.0,417.3162672979679
AAPL,Mon Jul 06 00:00:00 CEST 2015,126.0,417.3162672979679
AMZN,Mon Jul 06 00:00:00 CEST 2015,126.0,110.83970919767442
GOOG,Thu Jul 02 00:00:00 CEST 2015,126.440002,416.6611405743238
AAPL,Thu Jul 02 00:00:00 CEST 2015,126.440002,416.6611405743238
AMZN,Thu Jul 02 00:00:00 CEST 2015,126.440002,110.92988430057804
GOOG,Wed Jul 01 00:00:00 CEST 2015,126.599998,416.0093177820219
AAPL,Wed Jul 01 00:00:00 CEST 2015,126.599998,416.0093177820219
AMZN,Wed Jul 01 00:00:00 CEST 2015,126.599998,111.01994242528737
GOOG,Tue Jun 30 00:00:00 CEST 2015,125.43,415.3577946479815
AAPL,Tue Jun 30 00:00:00 CEST 2015,125.43,415.3577946479815
AMZN,Tue Jun 30 00:00:00 CEST 2015,125.43,111.10228561142858
GOOG,Mon Jun 29 00:00:00 CEST 2015,124.529999,414.70717318120745
AAPL,Mon Jun 29 00:00:00 CEST 2015,124.529999,414.70717318120745
AMZN,Mon Jun 29 00:00:00 CEST 2015,124.529999,111.1785794375
GOOG,Fri Jun 26 00:00:00 CEST 2015,126.75,414.064411633928
AAPL,Fri Jun 26 00:00:00 CEST 2015,126.75,414.064411633928
AMZN,Fri Jun 26 00:00:00 CEST 2015,126.75,111.26655356497176
GOOG,Thu Jun 25 00:00:00 CEST 2015,127.5,413.42618354565644
AAPL,Thu Jun 25 00:00:00 CEST 2015,127.5,413.42618354565644
AMZN,Thu Jun 25 00:00:00 CEST 2015,127.5,111.3577527022472
GOOG,Wed Jun 24 00:00:00 CEST 2015,128.110001,412.79214758444385
AAPL,Wed Jun 24 00:00:00 CEST 2015,128.110001,412.79214758444385
AMZN,Wed Jun 24 00:00:00 CEST 2015,128.110001,111.45134068156426
GOOG,Tue Jun 23 00:00:00 CEST 2015,127.029999,412.1585286297111
AAPL,Tue Jun 23 00:00:00 CEST 2015,127.029999,412.1585286297111
AMZN,Tue Jun 23 00:00:00 CEST 2015,127.029999,111.53788878333333
GOOG,Mon Jun 22 00:00:00 CEST 2015,127.610001,411.5289964889374
AAPL,Mon Jun 22 00:00:00 CEST 2015,127.610001,411.5289964889374
AMZN,Mon Jun 22 00:00:00 CEST 2015,127.610001,111.62668498342542
GOOG,Fri Jun 19 00:00:00 CEST 2015,126.599998,410.9000141523172
AAPL,Fri Jun 19 00:00:00 CEST 2015,126.599998,410.9000141523172
AMZN,Fri Jun 19 00:00:00 CEST 2015,126.599998,111.70895593406595
GOOG,Thu Jun 18 00:00:00 CEST 2015,127.879997,410.2766220440522
AAPL,Thu Jun 18 00:00:00 CEST 2015,127.879997,410.2766220440522
AMZN,Thu Jun 18 00:00:00 CEST 2015,127.879997,111.79732227868854
GOOG,Wed Jun 17 00:00:00 CEST 2015,127.300003,409.6546954087906
AAPL,Wed Jun 17 00:00:00 CEST 2015,127.300003,409.6546954087906
AMZN,Wed Jun 17 00:00:00 CEST 2015,127.300003,111.88157597826088
GOOG,Tue Jun 16 00:00:00 CEST 2015,127.599998,409.03615440570115
AAPL,Tue Jun 16 00:00:00 CEST 2015,127.599998,409.03615440570115
AMZN,Tue Jun 16 00:00:00 CEST 2015,127.599998,111.96654042162164
GOOG,Mon Jun 15 00:00:00 CEST 2015,126.919998,408.418832400437
AAPL,Mon Jun 15 00:00:00 CEST 2015,126.919998,408.418832400437
AMZN,Mon Jun 15 00:00:00 CEST 2015,126.919998,112.04693535483874
GOOG,Fri Jun 12 00:00:00 CEST 2015,127.169998,407.8047519759819
AAPL,Fri Jun 12 00:00:00 CEST 2015,127.169998,407.8047519759819
AMZN,Fri Jun 12 00:00:00 CEST 2015,127.169998,112.12780734759362
GOOG,Thu Jun 11 00:00:00 CEST 2015,128.589996,407.19644096078366
AAPL,Thu Jun 11 00:00:00 CEST 2015,128.589996,407.19644096078366
AMZN,Thu Jun 11 00:00:00 CEST 2015,128.589996,112.21537218085109
GOOG,Wed Jun 10 00:00:00 CEST 2015,128.880005,406.5914052304342
AAPL,Wed Jun 10 00:00:00 CEST 2015,128.880005,406.5914052304342
AMZN,Wed Jun 10 00:00:00 CEST 2015,128.880005,112.30354484126987
GOOG,Tue Jun 09 00:00:00 CEST 2015,127.419998,405.9858273405634
AAPL,Tue Jun 09 00:00:00 CEST 2015,127.419998,405.9858273405634
AMZN,Tue Jun 09 00:00:00 CEST 2015,127.419998,112.38310512105267
GOOG,Mon Jun 08 00:00:00 CEST 2015,127.800003,405.38369352164443
AAPL,Mon Jun 08 00:00:00 CEST 2015,127.800003,405.38369352164443
AMZN,Mon Jun 08 00:00:00 CEST 2015,127.800003,112.46382186387439
GOOG,Fri Jun 05 00:00:00 CEST 2015,128.649994,404.7859965464357
AAPL,Fri Jun 05 00:00:00 CEST 2015,128.649994,404.7859965464357
AMZN,Fri Jun 05 00:00:00 CEST 2015,128.649994,112.54812484375003
GOOG,Thu Jun 04 00:00:00 CEST 2015,129.360001,404.1924060387925
AAPL,Thu Jun 04 00:00:00 CEST 2015,129.360001,404.1924060387925
AMZN,Thu Jun 04 00:00:00 CEST 2015,129.360001,112.63523301036273
GOOG,Wed Jun 03 00:00:00 CEST 2015,130.119995,403.60300300430043
AAPL,Wed Jun 03 00:00:00 CEST 2015,130.119995,403.60300300430043
AMZN,Wed Jun 03 00:00:00 CEST 2015,130.119995,112.72536064948457
GOOG,Tue Jun 02 00:00:00 CEST 2015,129.960007,403.01578627467745
AAPL,Tue Jun 02 00:00:00 CEST 2015,129.960007,403.01578627467745
AMZN,Tue Jun 02 00:00:00 CEST 2015,129.960007,112.8137434512821
GOOG,Mon Jun 01 00:00:00 CEST 2015,130.539993,402.4323263319052
AAPL,Mon Jun 01 00:00:00 CEST 2015,130.539993,402.4323263319052
AMZN,Mon Jun 01 00:00:00 CEST 2015,130.539993,112.90418350000004
GOOG,Fri May 29 00:00:00 CEST 2015,130.279999,401.85080426495665
AAPL,Fri May 29 00:00:00 CEST 2015,130.279999,401.85080426495665
AMZN,Fri May 29 00:00:00 CEST 2015,130.279999,112.99238560913709
GOOG,Thu May 28 00:00:00 CEST 2015,131.779999,401.27496033048976
AAPL,Thu May 28 00:00:00 CEST 2015,131.779999,401.27496033048976
AMZN,Thu May 28 00:00:00 CEST 2015,131.779999,113.08727254545457
GOOG,Wed May 27 00:00:00 CEST 2015,132.039993,400.70211997446745
AAPL,Wed May 27 00:00:00 CEST 2015,132.039993,400.70211997446745
AMZN,Wed May 27 00:00:00 CEST 2015,132.039993,113.18251234673369
GOOG,Tue May 26 00:00:00 CEST 2015,129.619995,400.12657406157047
AAPL,Tue May 26 00:00:00 CEST 2015,129.619995,400.12657406157047
AMZN,Tue May 26 00:00:00 CEST 2015,129.619995,113.26469976000003
GOOG,Fri May 22 00:00:00 CEST 2015,132.539993,399.55965333898246
AAPL,Fri May 22 00:00:00 CEST 2015,132.539993,399.55965333898246
AMZN,Fri May 22 00:00:00 CEST 2015,132.539993,113.36059674129355
GOOG,Thu May 21 00:00:00 CEST 2015,131.389999,398.99269846722984
AAPL,Thu May 21 00:00:00 CEST 2015,131.389999,398.99269846722984
AMZN,Thu May 21 00:00:00 CEST 2015,131.389999,113.4498512079208
GOOG,Wed May 20 00:00:00 CEST 2015,130.059998,398.4253299008433
AAPL,Wed May 20 00:00:00 CEST 2015,130.059998,398.4253299008433
AMZN,Wed May 20 00:00:00 CEST 2015,130.059998,113.53167459113301
GOOG,Tue May 19 00:00:00 CEST 2015,130.070007,397.8603713263152
AAPL,Tue May 19 00:00:00 CEST 2015,130.070007,397.8603713263152
AMZN,Tue May 19 00:00:00 CEST 2015,130.070007,113.61274484803921
GOOG,Mon May 18 00:00:00 CEST 2015,130.190002,397.29803861764645
AAPL,Mon May 18 00:00:00 CEST 2015,130.190002,397.29803861764645
AMZN,Mon May 18 00:00:00 CEST 2015,130.190002,113.69360951707317
GOOG,Fri May 15 00:00:00 CEST 2015,128.770004,396.7350867631021
AAPL,Fri May 15 00:00:00 CEST 2015,128.770004,396.7350867631021
AMZN,Fri May 15 00:00:00 CEST 2015,128.770004,113.76679589805826
GOOG,Thu May 14 00:00:00 CEST 2015,128.949997,396.1748669100412
AAPL,Thu May 14 00:00:00 CEST 2015,128.949997,396.1748669100412
AMZN,Thu May 14 00:00:00 CEST 2015,128.949997,113.84014469565219
GOOG,Wed May 13 00:00:00 CEST 2015,126.010002,395.6108484029221
AAPL,Wed May 13 00:00:00 CEST 2015,126.010002,395.6108484029221
AMZN,Wed May 13 00:00:00 CEST 2015,126.010002,113.89865362500001
GOOG,Tue May 12 00:00:00 CEST 2015,125.870003,395.04888830833266
AAPL,Tue May 12 00:00:00 CEST 2015,125.870003,395.04888830833266
AMZN,Tue May 12 00:00:00 CEST 2015,125.870003,113.95593280861245
GOOG,Mon May 11 00:00:00 CEST 2015,126.32,394.4902003908517
AAPL,Mon May 11 00:00:00 CEST 2015,126.32,394.4902003908517
AMZN,Mon May 11 00:00:00 CEST 2015,126.32,114.01480931904763
GOOG,Fri May 08 00:00:00 CEST 2015,127.620003,393.936527782157
AAPL,Fri May 08 00:00:00 CEST 2015,127.620003,393.936527782157
AMZN,Fri May 08 00:00:00 CEST 2015,127.620003,114.07928890995261
GOOG,Thu May 07 00:00:00 CEST 2015,125.260002,393.38026168322915
AAPL,Thu May 07 00:00:00 CEST 2015,125.260002,393.38026168322915
AMZN,Thu May 07 00:00:00 CEST 2015,125.260002,114.13202812264151
GOOG,Wed May 06 00:00:00 CEST 2015,125.010002,392.8257776756191
AAPL,Wed May 06 00:00:00 CEST 2015,125.010002,392.8257776756191
AMZN,Wed May 06 00:00:00 CEST 2015,125.010002,114.18309842253521
GOOG,Tue May 05 00:00:00 CEST 2015,125.800003,392.27520906804057
AAPL,Tue May 05 00:00:00 CEST 2015,125.800003,392.27520906804057
AMZN,Tue May 05 00:00:00 CEST 2015,125.800003,114.23738302336449
GOOG,Mon May 04 00:00:00 CEST 2015,128.699997,391.73287324074005
AAPL,Mon May 04 00:00:00 CEST 2015,128.699997,391.73287324074005
AMZN,Mon May 04 00:00:00 CEST 2015,128.699997,114.30465099534884
GOOG,Fri May 01 00:00:00 CEST 2015,128.949997,391.19327801231964
AAPL,Fri May 01 00:00:00 CEST 2015,128.949997,391.19327801231964
AMZN,Fri May 01 00:00:00 CEST 2015,128.949997,114.37245352314814
GOOG,Thu Apr 30 00:00:00 CEST 2015,125.150002,390.6481073647534
AAPL,Thu Apr 30 00:00:00 CEST 2015,125.150002,390.6481073647534
AMZN,Thu Apr 30 00:00:00 CEST 2015,125.150002,114.42211964516127
GOOG