FB,date,avg
Wed Mar 09 00:00:00 CET 2016,387.80851793869647
Wed Mar 09 00:00:00 CET 2016,147.42221757976654
Tue Mar 08 00:00:00 CET 2016,388.13825310516165
Tue Mar 08 00:00:00 CET 2016,388.13825310516165
Tue Mar 08 00:00:00 CET 2016,149.0223640620155
Tue Mar 08 00:00:00 CET 2016,559.8649905
Mon Mar 07 00:00:00 CET 2016,388.4715770267167
Mon Mar 07 00:00:00 CET 2016,388.4715770267167
Mon Mar 07 00:00:00 CET 2016,150.61996106563706
Mon Mar 07 00:00:00 CET 2016,560.8433229999999
Fri Mar 04 00:00:00 CET 2016,388.82713595618964
Fri Mar 04 00:00:00 CET 2016,388.82713595618964
Fri Mar 04 00:00:00 CET 2016,152.25273050384615
Fri Mar 04 00:00:00 CET 2016,564.417496
Thu Mar 03 00:00:00 CET 2016,389.18581058364936
Thu Mar 03 00:00:00 CET 2016,389.18581058364936
Thu Mar 03 00:00:00 CET 2016,153.88199203448275
Thu Mar 03 00:00:00 CET 2016,567.0319948
Wed Mar 02 00:00:00 CET 2016,389.5482853681207
Wed Mar 02 00:00:00 CET 2016,389.5482853681207
Wed Mar 02 00:00:00 CET 2016,155.50919825572518
Wed Mar 02 00:00:00 CET 2016,569.2283326666667
Tue Mar 01 00:00:00 CET 2016,389.9071711496204
Tue Mar 01 00:00:00 CET 2016,389.9071711496204
Tue Mar 01 00:00:00 CET 2016,157.1195814486692
Tue Mar 01 00:00:00 CET 2016,570.6299962857144
Mon Feb 29 00:00:00 CET 2016,390.21456783931865
Mon Feb 29 00:00:00 CET 2016,390.21456783931865
Mon Feb 29 00:00:00 CET 2016,158.61731038257577
Mon Feb 29 00:00:00 CET 2016,568.36624925
Fri Feb 26 00:00:00 CET 2016,390.5259176735841
Fri Feb 26 00:00:00 CET 2016,390.5259176735841
Fri Feb 26 00:00:00 CET 2016,160.11396196603772
Fri Feb 26 00:00:00 CET 2016,566.9066637777778
Thu Feb 25 00:00:00 CET 2016,390.83594423917054
Thu Feb 25 00:00:00 CET 2016,390.83594423917054
Thu Feb 25 00:00:00 CET 2016,161.59905994360903
Thu Feb 25 00:00:00 CET 2016,565.7309998000001
Wed Feb 24 00:00:00 CET 2016,391.142718738721
Wed Feb 24 00:00:00 CET 2016,391.142718738721
Wed Feb 24 00:00:00 CET 2016,163.0688761161049
Wed Feb 24 00:00:00 CET 2016,564.6681796363637
Tue Feb 23 00:00:00 CET 2016,391.4462783696051
Tue Feb 23 00:00:00 CET 2016,391.4462783696051
Tue Feb 23 00:00:00 CET 2016,164.52361912313435
Tue Feb 23 00:00:00 CET 2016,563.6908315000001
Mon Feb 22 00:00:00 CET 2016,391.7609857134823
Mon Feb 22 00:00:00 CET 2016,391.7609857134823
Mon Feb 22 00:00:00 CET 2016,165.99193280669147
Mon Feb 22 00:00:00 CET 2016,563.3684598461539
Fri Feb 19 00:00:00 CET 2016,392.02853531775617
Fri Feb 19 00:00:00 CET 2016,392.02853531775617
Fri Feb 19 00:00:00 CET 2016,167.3582590703704
Fri Feb 19 00:00:00 CET 2016,561.3350001428572
Thu Feb 18 00:00:00 CET 2016,392.2766164085812
Thu Feb 18 00:00:00 CET 2016,392.2766164085812
Thu Feb 18 00:00:00 CET 2016,168.67797029151293
Thu Feb 18 00:00:00 CET 2016,558.9126668000001
Wed Feb 17 00:00:00 CET 2016,392.5407194990681
Wed Feb 17 00:00:00 CET 2016,392.5407194990681
Wed Feb 17 00:00:00 CET 2016,170.02143354779415
Wed Feb 17 00:00:00 CET 2016,557.361873625
Tue Feb 16 00:00:00 CET 2016,392.7796772249062
Tue Feb 16 00:00:00 CET 2016,392.7796772249062
Tue Feb 16 00:00:00 CET 2016,171.30743553479854
Tue Feb 16 00:00:00 CET 2016,555.2288208235294
Fri Feb 12 00:00:00 CET 2016,392.99173716883035
Fri Feb 12 00:00:00 CET 2016,392.99173716883035
Fri Feb 12 00:00:00 CET 2016,172.53288280291972
Fri Feb 12 00:00:00 CET 2016,552.5538856111111
Thu Feb 11 00:00:00 CET 2016,393.19697470555474
Thu Feb 11 00:00:00 CET 2016,393.19697470555474
Thu Feb 11 00:00:00 CET 2016,173.73756325454548
Thu Feb 11 00:00:00 CET 2016,549.9889446315789
Wed Feb 10 00:00:00 CET 2016,393.3767954750454
Wed Feb 10 00:00:00 CET 2016,393.3767954750454
Wed Feb 10 00:00:00 CET 2016,174.88518081884058
Wed Feb 10 00:00:00 CET 2016,547.01349795
Tue Feb 09 00:00:00 CET 2016,393.54043608671503
Tue Feb 09 00:00:00 CET 2016,393.54043608671503
Tue Feb 09 00:00:00 CET 2016,175.99415131046933
Tue Feb 09 00:00:00 CET 2016,543.9209507619047
Mon Feb 08 00:00:00 CET 2016,393.7145789410673
Mon Feb 08 00:00:00 CET 2016,393.7145789410673
Mon Feb 08 00:00:00 CET 2016,177.1168342410072
Mon Feb 08 00:00:00 CET 2016,541.3836350909091
Fri Feb 05 00:00:00 CET 2016,393.9138720036757
Fri Feb 05 00:00:00 CET 2016,393.9138720036757
Fri Feb 05 00:00:00 CET 2016,178.281756
Fri Feb 05 00:00:00 CET 2016,539.676955521739
Thu Feb 04 00:00:00 CET 2016,394.17505757798085
Thu Feb 04 00:00:00 CET 2016,394.17505757798085
Thu Feb 04 00:00:00 CET 2016,179.56024976428571
Thu Feb 04 00:00:00 CET 2016,539.5345827916666
Wed Feb 03 00:00:00 CET 2016,394.42578092857065
Wed Feb 03 00:00:00 CET 2016,394.42578092857065
Wed Feb 03 00:00:00 CET 2016,180.8111741672598
Wed Feb 03 00:00:00 CET 2016,539.19599976
Tue Feb 02 00:00:00 CET 2016,394.7140335703831
Tue Feb 02 00:00:00 CET 2016,394.7140335703831
Tue Feb 02 00:00:00 CET 2016,182.1278011241135
Tue Feb 02 00:00:00 CET 2016,539.6923065384615
Mon Feb 01 00:00:00 CET 2016,395.0426758412401
Mon Feb 01 00:00:00 CET 2016,395.0426758412401
Mon Feb 01 00:00:00 CET 2016,183.51537072438163
Mon Feb 01 00:00:00 CET 2016,540.9929617777777
Fri Jan 29 00:00:00 CET 2016,395.3923248834236
Fri Jan 29 00:00:00 CET 2016,395.3923248834236
Fri Jan 29 00:00:00 CET 2016,184.93609125
Fri Jan 29 00:00:00 CET 2016,542.6360702857143
Thu Jan 28 00:00:00 CET 2016,395.8286115218174
Thu Jan 28 00:00:00 CET 2016,395.8286115218174
Thu Jan 28 00:00:00 CET 2016,186.51649084561402
Thu Jan 28 00:00:00 CET 2016,545.8331015172414
Wed Jan 27 00:00:00 CET 2016,396.1689406769502
Wed Jan 27 00:00:00 CET 2016,396.1689406769502
Wed Jan 27 00:00:00 CET 2016,187.90402051398598
Wed Jan 27 00:00:00 CET 2016,547.083664
Tue Jan 26 00:00:00 CET 2016,396.5404643351441
Tue Jan 26 00:00:00 CET 2016,396.5404643351441
Tue Jan 26 00:00:00 CET 2016,189.3442504076655
Tue Jan 26 00:00:00 CET 2016,548.8309651612904
Mon Jan 25 00:00:00 CET 2016,396.9021091175399
Mon Jan 25 00:00:00 CET 2016,396.9021091175399
Mon Jan 25 00:00:00 CET 2016,190.75808991666665
Mon Jan 25 00:00:00 CET 2016,550.32156090625
Fri Jan 22 00:00:00 CET 2016,397.26217752165985
Fri Jan 22 00:00:00 CET 2016,397.26217752165985
Fri Jan 22 00:00:00 CET 2016,192.16162595501729
Fri Jan 22 00:00:00 CET 2016,551.7172713333333
Thu Jan 21 00:00:00 CET 2016,397.58246192252176
Thu Jan 21 00:00:00 CET 2016,397.58246192252176
Thu Jan 21 00:00:00 CET 2016,193.4818273137931
Thu Jan 21 00:00:00 CET 2016,552.4026462941176
Wed Jan 20 00:00:00 CET 2016,397.8957488974812
Wed Jan 20 00:00:00 CET 2016,397.8957488974812
Wed Jan 20 00:00:00 CET 2016,194.7817867388316
Wed Jan 20 00:00:00 CET 2016,552.9559998285714
Tue Jan 19 00:00:00 CET 2016,398.21277624236905
Tue Jan 19 00:00:00 CET 2016,398.21277624236905
Tue Jan 19 00:00:00 CET 2016,196.08212301712328
Tue Jan 19 00:00:00 CET 2016,553.5538881666666
Fri Jan 15 00:00:00 CET 2016,398.52096121863724
Fri Jan 15 00:00:00 CET 2016,398.52096121863724
Fri Jan 15 00:00:00 CET 2016,197.358907556314
Fri Jan 15 00:00:00 CET 2016,554.0032423513514
Thu Jan 14 00:00:00 CET 2016,398.86886647584896
Thu Jan 14 00:00:00 CET 2016,398.86886647584896
Thu Jan 14 00:00:00 CET 2016,198.7046255578231
Thu Jan 14 00:00:00 CET 2016,555.0294728157895
Wed Jan 13 00:00:00 CET 2016,399.1955470678564
Wed Jan 13 00:00:00 CET 2016,399.1955470678564
Wed Jan 13 00:00:00 CET 2016,200.0032878372881
Wed Jan 13 00:00:00 CET 2016,555.716152948718
Tue Jan 12 00:00:00 CET 2016,399.5853767789654
Tue Jan 12 00:00:00 CET 2016,399.5853767789654
Tue Jan 12 00:00:00 CET 2016,201.41506732094592
Tue Jan 12 00:00:00 CET 2016,557.2704995000001
Mon Jan 11 00:00:00 CET 2016,399.97355224733025
Mon Jan 11 00:00:00 CET 2016,399.97355224733025
Mon Jan 11 00:00:00 CET 2016,202.8168347373737
Mon Jan 11 00:00:00 CET 2016,558.7453651219513
Fri Jan 08 00:00:00 CET 2016,400.34136119182875
Fri Jan 08 00:00:00 CET 2016,400.34136119182875
Fri Jan 08 00:00:00 CET 2016,204.17332182885903
Fri Jan 08 00:00:00 CET 2016,559.8954751904762
Thu Jan 07 00:00:00 CET 2016,400.70944388829713
Thu Jan 07 00:00:00 CET 2016,400.70944388829713
Thu Jan 07 00:00:00 CET 2016,205.52371206354513
Thu Jan 07 00:00:00 CET 2016,561.0127897674419
Wed Jan 06 00:00:00 CET 2016,401.1199581893798
Wed Jan 06 00:00:00 CET 2016,401.1199581893798
Wed Jan 06 00:00:00 CET 2016,206.94746643666664
Wed Jan 06 00:00:00 CET 2016,562.6409087272727
Tue Jan 05 00:00:00 CET 2016,401.5310359628968
Tue Jan 05 00:00:00 CET 2016,401.5310359628968
Tue Jan 05 00:00:00 CET 2016,208.3655478704319
Tue Jan 05 00:00:00 CET 2016,564.2219991555555
Mon Jan 04 00:00:00 CET 2016,401.94630748677173
Mon Jan 04 00:00:00 CET 2016,401.94630748677173
Mon Jan 04 00:00:00 CET 2016,209.784834102649
Mon Jan 04 00:00:00 CET 2016,565.8039120000001
Thu Dec 31 00:00:00 CET 2015,402.42860274647813
Thu Dec 31 00:00:00 CET 2015,402.42860274647813
Thu Dec 31 00:00:00 CET 2015,211.32313502970297
Thu Dec 31 00:00:00 CET 2015,568.1461695106384
Wed Dec 30 00:00:00 CET 2015,402.93236619859334
Wed Dec 30 00:00:00 CET 2015,402.93236619859334
Wed Dec 30 00:00:00 CET 2015,212.89467079276315
Wed Dec 30 00:00:00 CET 2015,570.665416125
Tue Dec 29 00:00:00 CET 2015,403.4429584877186
Tue Dec 29 00:00:00 CET 2015,403.4429584877186
Tue Dec 29 00:00:00 CET 2015,214.4719668590164
Tue Dec 29 00:00:00 CET 2015,573.1818356122449
Mon Dec 28 00:00:00 CET 2015,403.91889028020944
Mon Dec 28 00:00:00 CET 2015,403.91889028020944
Mon Dec 28 00:00:00 CET 2015,215.97761406535946
Mon Dec 28 00:00:00 CET 2015,575.22219914
Thu Dec 24 00:00:00 CET 2015,404.37146211188735
Thu Dec 24 00:00:00 CET 2015,404.37146211188735
Thu Dec 24 00:00:00 CET 2015,217.43302893159606
Thu Dec 24 00:00:00 CET 2015,576.9392144117647
Wed Dec 23 00:00:00 CET 2015,404.82404247818425
Wed Dec 23 00:00:00 CET 2015,404.82404247818425
Wed Dec 23 00:00:00 CET 2015,218.8819477077922
Wed Dec 23 00:00:00 CET 2015,578.6076912884616
Tue Dec 22 00:00:00 CET 2015,405.2740877421595
Tue Dec 22 00:00:00 CET 2015,405.2740877421595
Tue Dec 22 00:00:00 CET 2015,220.3197084724919
Tue Dec 22 00:00:00 CET 2015,580.2028296415094
Mon Dec 21 00:00:00 CET 2015,405.7249328243471
Mon Dec 21 00:00:00 CET 2015,405.7249328243471
Mon Dec 21 00:00:00 CET 2015,221.7525804129032
Mon Dec 21 00:00:00 CET 2015,581.7640737222223
Fri Dec 18 00:00:00 CET 2015,406.17357011979095
Fri Dec 18 00:00:00 CET 2015,406.17357011979095
Fri Dec 18 00:00:00 CET 2015,223.17504804823147
Fri Dec 18 00:00:00 CET 2015,583.261818109091
Thu Dec 17 00:00:00 CET 2015,406.6319348578849
Thu Dec 17 00:00:00 CET 2015,406.6319348578849
Thu Dec 17 00:00:00 CET 2015,224.60926271474358
Thu Dec 17 00:00:00 CET 2015,584.8223217857143
Wed Dec 16 00:00:00 CET 2015,407.0975716833903
Wed Dec 16 00:00:00 CET 2015,407.0975716833903
Wed Dec 16 00:00:00 CET 2015,226.050670884984
Wed Dec 16 00:00:00 CET 2015,586.4178954385966
Tue Dec 15 00:00:00 CET 2015,407.5320145906729
Tue Dec 15 00:00:00 CET 2015,407.5320145906729
Tue Dec 15 00:00:00 CET 2015,227.42834395541396
Tue Dec 15 00:00:00 CET 2015,587.6631043965518
Mon Dec 14 00:00:00 CET 2015,407.9637007258614
Mon Dec 14 00:00:00 CET 2015,407.9637007258614
Mon Dec 14 00:00:00 CET 2015,228.79495230158727
Mon Dec 14 00:00:00 CET 2015,588.8537292881357
Fri Dec 11 00:00:00 CET 2015,408.3633329518065
Fri Dec 11 00:00:00 CET 2015,408.3633329518065
Fri Dec 11 00:00:00 CET 2015,230.0967088575949
Fri Dec 11 00:00:00 CET 2015,589.7086675333335
Thu Dec 10 00:00:00 CET 2015,408.7996846254289
Thu Dec 10 00:00:00 CET 2015,408.7996846254289
Thu Dec 10 00:00:00 CET 2015,231.46018929337538
Thu Dec 10 00:00:00 CET 2015,590.8990173606559
Wed Dec 09 00:00:00 CET 2015,409.23877603773514
Wed Dec 09 00:00:00 CET 2015,409.23877603773514
Wed Dec 09 00:00:00 CET 2015,232.82286158490564
Wed Dec 09 00:00:00 CET 2015,592.0908070483872
Tue Dec 08 00:00:00 CET 2015,409.6978363818486
Tue Dec 08 00:00:00 CET 2015,409.6978363818486
Tue Dec 08 00:00:00 CET 2015,234.21630094357366
Tue Dec 08 00:00:00 CET 2015,593.4438103809525
Mon Dec 07 00:00:00 CET 2015,410.14250677606765
Mon Dec 07 00:00:00 CET 2015,410.14250677606765
Mon Dec 07 00:00:00 CET 2015,235.57759380624998
Mon Dec 07 00:00:00 CET 2015,594.6373448593752
Fri Dec 04 00:00:00 CET 2015,410.5904547423201
Fri Dec 04 00:00:00 CET 2015,410.5904547423201
Fri Dec 04 00:00:00 CET 2015,236.9391589813084
Fri Dec 04 00:00:00 CET 2015,595.8373859384617
Thu Dec 03 00:00:00 CET 2015,411.02599059454786
Thu Dec 03 00:00:00 CET 2015,411.02599059454786
Thu Dec 03 00:00:00 CET 2015,238.2724224627329
Thu Dec 03 00:00:00 CET 2015,596.9042437272728
Wed Dec 02 00:00:00 CET 2015,411.4766436887748
Wed Dec 02 00:00:00 CET 2015,411.4766436887748
Wed Dec 02 00:00:00 CET 2015,239.62764719195042
Wed Dec 02 00:00:00 CET 2015,598.0849268059702
Tue Dec 01 00:00:00 CET 2015,411.93094479965976
Tue Dec 01 00:00:00 CET 2015,411.93094479965976
Tue Dec 01 00:00:00 CET 2015,240.98391987962958
Tue Dec 01 00:00:00 CET 2015,599.2757366764706
Mon Nov 30 00:00:00 CET 2015,412.35953639830444
Mon Nov 30 00:00:00 CET 2015,412.35953639830444
Mon Nov 30 00:00:00 CET 2015,242.28796931999995
Mon Nov 30 00:00:00 CET 2015,600.2253635072464
Fri Nov 27 00:00:00 CET 2015,412.8009923604054
Fri Nov 27 00:00:00 CET 2015,412.8009923604054
Fri Nov 27 00:00:00 CET 2015,243.60996944478524
Fri Nov 27 00:00:00 CET 2015,601.2687156
Wed Nov 25 00:00:00 CET 2015,413.2444704594588
Wed Nov 25 00:00:00 CET 2015,413.2444704594588
Wed Nov 25 00:00:00 CET 2015,244.93024485015286
Wed Nov 25 00:00:00 CET 2015,602.3119735070422
Tue Nov 24 00:00:00 CET 2015,413.6793870758847
Tue Nov 24 00:00:00 CET 2015,413.6793870758847
Tue Nov 24 00:00:00 CET 2015,246.2296953963414
Tue Nov 24 00:00:00 CET 2015,603.2680575416666
Mon Nov 23 00:00:00 CET 2015,414.1260379225583
Mon Nov 23 00:00:00 CET 2015,414.1260379225583
Mon Nov 23 00:00:00 CET 2015,247.545076231003
Mon Nov 23 00:00:00 CET 2015,604.3053442876712
Fri Nov 20 00:00:00 CET 2015,414.55347317310856
Fri Nov 20 00:00:00 CET 2015,414.55347317310856
Fri Nov 20 00:00:00 CET 2015,248.8205457333333
Fri Nov 20 00:00:00 CET 2015,605.1721641216217
Thu Nov 19 00:00:00 CET 2015,414.96742711073756
Thu Nov 19 00:00:00 CET 2015,414.96742711073756
Thu Nov 19 00:00:00 CET 2015,250.06661665256792
Thu Nov 19 00:00:00 CET 2015,605.9201355333335
Wed Nov 18 00:00:00 CET 2015,415.3837965427129
Wed Nov 18 00:00:00 CET 2015,415.3837965427129
Wed Nov 18 00:00:00 CET 2015,251.31201834337344
Wed Nov 18 00:00:00 CET 2015,606.6782913552632
Tue Nov 17 00:00:00 CET 2015,415.7649272976582
Tue Nov 17 00:00:00 CET 2015,415.7649272976582
Tue Nov 17 00:00:00 CET 2015,252.48915939339335
Tue Nov 17 00:00:00 CET 2015,607.1538978051949
Mon Nov 16 00:00:00 CET 2015,416.1523147278792
Mon Nov 16 00:00:00 CET 2015,416.1523147278792
Mon Nov 16 00:00:00 CET 2015,253.6727547185628
Mon Nov 16 00:00:00 CET 2015,607.6751298589744
Fri Nov 13 00:00:00 CET 2015,416.52931082999936
Fri Nov 13 00:00:00 CET 2015,416.52931082999936
Fri Nov 13 00:00:00 CET 2015,254.83298522985066
Fri Nov 13 00:00:00 CET 2015,608.1140519620253
Thu Nov 12 00:00:00 CET 2015,416.94373789351016
Thu Nov 12 00:00:00 CET 2015,416.94373789351016
Thu Nov 12 00:00:00 CET 2015,256.0555060357142
Thu Nov 12 00:00:00 CET 2015,608.8326260125
Wed Nov 11 00:00:00 CET 2015,417.36949580398607
Wed Nov 11 00:00:00 CET 2015,417.36949580398607
Wed Nov 11 00:00:00 CET 2015,257.293471893175
Wed Nov 11 00:00:00 CET 2015,609.6279022345678
Tue Nov 10 00:00:00 CET 2015,417.7713374245433
Tue Nov 10 00:00:00 CET 2015,417.7713374245433
Tue Nov 10 00:00:00 CET 2015,258.4839645591715
Tue Nov 10 00:00:00 CET 2015,610.2382935853658
Mon Nov 09 00:00:00 CET 2015,418.16491135264835
Mon Nov 09 00:00:00 CET 2015,418.16491135264835
Mon Nov 09 00:00:00 CET 2015,259.655073778761
Mon Nov 09 00:00:00 CET 2015,610.7834947469879
Fri Nov 06 00:00:00 CET 2015,418.56359744132163
Fri Nov 06 00:00:00 CET 2015,418.56359744132163
Fri Nov 06 00:00:00 CET 2015,260.83070589999994
Fri Nov 06 00:00:00 CET 2015,611.3619054642857
Thu Nov 05 00:00:00 CET 2015,418.95482916831617
Thu Nov 05 00:00:00 CET 2015,418.95482916831617
Thu Nov 05 00:00:00 CET 2015,261.98853381231663
Thu Nov 05 00:00:00 CET 2015,611.8829421529412
Wed Nov 04 00:00:00 CET 2015,419.32055434596305
Wed Nov 04 00:00:00 CET 2015,419.32055434596305
Wed Nov 04 00:00:00 CET 2015,263.0966083099415
Wed Nov 04 00:00:00 CET 2015,612.2209313372093
Tue Nov 03 00:00:00 CET 2015,419.65935277302566
Tue Nov 03 00:00:00 CET 2015,419.65935277302566
Tue Nov 03 00:00:00 CET 2015,264.15262402332354
Tue Nov 03 00:00:00 CET 2015,612.3713803793104
Mon Nov 02 00:00:00 CET 2015,420.00203031527025
Mon Nov 02 00:00:00 CET 2015,420.00203031527025
Mon Nov 02 00:00:00 CET 2015,265.2113372558139
Mon Nov 02 00:00:00 CET 2015,612.5529553295454
Fri Oct 30 00:00:00 CET 2015,420.3395680098354
Fri Oct 30 00:00:00 CET 2015,420.3395680098354
Fri Oct 30 00:00:00 CET 2015,266.25681171014486
Fri Oct 30 00:00:00 CET 2015,612.7029223932584
Thu Oct 29 00:00:00 CET 2015,420.677064605564
Thu Oct 29 00:00:00 CET 2015,420.677064605564
Thu Oct 29 00:00:00 CET 2015,267.298121468208
Thu Oct 29 00:00:00 CET 2015,612.8567786777778
Wed Oct 28 00:00:00 CET 2015,420.99801707516275
Wed Oct 28 00:00:00 CET 2015,420.99801707516275
Wed Oct 28 00:00:00 CET 2015,268.30619597694516
Wed Oct 28 00:00:00 CET 2015,612.9034072197802
Tue Oct 27 00:00:00 CET 2015,421.30798769983625
Tue Oct 27 00:00:00 CET 2015,421.30798769983625
Tue Oct 27 00:00:00 CET 2015,269.29097705172404
Tue Oct 27 00:00:00 CET 2015,612.8828268152173
Mon Oct 26 00:00:00 CET 2015,421.61303981270294
Mon Oct 26 00:00:00 CET 2015,421.61303981270294
Mon Oct 26 00:00:00 CET 2015,270.2632378194842
Mon Oct 26 00:00:00 CET 2015,612.8368822795699
Fri Oct 23 00:00:00 CEST 2015,421.9015227219505
Fri Oct 23 00:00:00 CEST 2015,421.9015227219505
Fri Oct 23 00:00:00 CEST 2015,271.20257150857134
Fri Oct 23 00:00:00 CEST 2015,612.6900008617021
Thu Oct 22 00:00:00 CEST 2015,422.13205592045387
Thu Oct 22 00:00:00 CEST 2015,422.13205592045387
Thu Oct 22 00:00:00 CEST 2015,272.03649572934467
Thu Oct 22 00:00:00 CEST 2015,612.1765268842105
Wed Oct 21 00:00:00 CEST 2015,422.34864905510466
Wed Oct 21 00:00:00 CEST 2015,422.34864905510466
Wed Oct 21 00:00:00 CEST 2015,272.8425568778408
Wed Oct 21 00:00:00 CEST 2015,611.5889591041667
Tue Oct 20 00:00:00 CEST 2015,422.5728098252421
Tue Oct 20 00:00:00 CEST 2015,422.5728098252421
Tue Oct 20 00:00:00 CEST 2015,273.65852698583564
Tue Oct 20 00:00:00 CEST 2015,611.0661863814433
Mon Oct 19 00:00:00 CEST 2015,422.8160686526649
Mon Oct 19 00:00:00 CEST 2015,422.8160686526649
Mon Oct 19 00:00:00 CEST 2015,274.5045481638417
Mon Oct 19 00:00:00 CEST 2015,610.6792867653062
Fri Oct 16 00:00:00 CEST 2015,423.05468791290264
Fri Oct 16 00:00:00 CEST 2015,423.05468791290264
Fri Oct 16 00:00:00 CEST 2015,275.3390705915492
Fri Oct 16 00:00:00 CEST 2015,610.2760617474747
Thu Oct 15 00:00:00 CEST 2015,423.2791409146532
Thu Oct 15 00:00:00 CEST 2015,423.2791409146532
Thu Oct 15 00:00:00 CEST 2015,276.1455338820224
Thu Oct 15 00:00:00 CEST 2015,609.7977011500001
Wed Oct 14 00:00:00 CEST 2015,423.4745603295814
Wed Oct 14 00:00:00 CEST 2015,423.4745603295814
Wed Oct 14 00:00:00 CEST 2015,276.89815148179264
Wed Oct 14 00:00:00 CEST 2015,609.1544567524753
Tue Oct 13 00:00:00 CEST 2015,423.6758853113958
Tue Oct 13 00:00:00 CEST 2015,423.6758853113958
Tue Oct 13 00:00:00 CEST 2015,277.6579332486033
Tue Oct 13 00:00:00 CEST 2015,608.5637270196079
Mon Oct 12 00:00:00 CEST 2015,423.8786322932686
Mon Oct 12 00:00:00 CEST 2015,423.8786322932686
Mon Oct 12 00:00:00 CEST 2015,278.41707550139273
Mon Oct 12 00:00:00 CEST 2015,607.9969918252428
Fri Oct 09 00:00:00 CEST 2015,424.06410646239937
Fri Oct 09 00:00:00 CEST 2015,424.06410646239937
Fri Oct 09 00:00:00 CEST 2015,279.14313914722214
Fri Oct 09 00:00:00 CEST 2015,607.3412514038463
Thu Oct 08 00:00:00 CEST 2015,424.23838100958403
Thu Oct 08 00:00:00 CEST 2015,424.23838100958403
Thu Oct 08 00:00:00 CEST 2015,279.8467868864265
Thu Oct 08 00:00:00 CEST 2015,606.6347630380953
Wed Oct 07 00:00:00 CEST 2015,424.4261028931414
Wed Oct 07 00:00:00 CEST 2015,424.4261028931414
Wed Oct 07 00:00:00 CEST 2015,280.57080129281763
Wed Oct 07 00:00:00 CEST 2015,606.0244351037737
Tue Oct 06 00:00:00 CEST 2015,424.60612499044527
Tue Oct 06 00:00:00 CEST 2015,424.60612499044527
Tue Oct 06 00:00:00 CEST 2015,281.27854007713495
Tue Oct 06 00:00:00 CEST 2015,605.3838327196263
Mon Oct 05 00:00:00 CEST 2015,424.79543161685154
Mon Oct 05 00:00:00 CEST 2015,424.79543161685154
Mon Oct 05 00:00:00 CEST 2015,281.9994231895604
Mon Oct 05 00:00:00 CEST 2015,604.8125008703705
Fri Oct 02 00:00:00 CEST 2015,424.9664547063486
Fri Oct 02 00:00:00 CEST 2015,424.9664547063486
Fri Oct 02 00:00:00 CEST 2015,282.6858356684931
Fri Oct 02 00:00:00 CEST 2015,604.1494502018348
Thu Oct 01 00:00:00 CEST 2015,425.118203543581
Thu Oct 01 00:00:00 CEST 2015,425.118203543581
Thu Oct 01 00:00:00 CEST 2015,283.3362021584699
Thu Oct 01 00:00:00 CEST 2015,603.3910003909091
Wed Sep 30 00:00:00 CEST 2015,425.255500713607
Wed Sep 30 00:00:00 CEST 2015,425.255500713607
Wed Sep 30 00:00:00 CEST 2015,283.9589645912806
Wed Sep 30 00:00:00 CEST 2015,602.5666671891892
Tue Sep 29 00:00:00 CEST 2015,425.3673719715634
Tue Sep 29 00:00:00 CEST 2015,425.3673719715634
Tue Sep 29 00:00:00 CEST 2015,284.53535329347824
Tue Sep 29 00:00:00 CEST 2015,601.6158041517857
Mon Sep 28 00:00:00 CEST 2015,425.49149283280695
Mon Sep 28 00:00:00 CEST 2015,425.49149283280695
Mon Sep 28 00:00:00 CEST 2015,285.1302710298103
Mon Sep 28 00:00:00 CEST 2015,600.7524784336283
Fri Sep 25 00:00:00 CEST 2015,425.64701804094426
Fri Sep 25 00:00:00 CEST 2015,425.64701804094426
Fri Sep 25 00:00:00 CEST 2015,285.7765405675675
Fri Sep 25 00:00:00 CEST 2015,600.0814040614035
Thu Sep 24 00:00:00 CEST 2015,425.81699128301824
Thu Sep 24 00:00:00 CEST 2015,425.81699128301824
Thu Sep 24 00:00:00 CEST 2015,286.4449326415094
Thu Sep 24 00:00:00 CEST 2015,599.5046092434783
Wed Sep 23 00:00:00 CEST 2015,425.99007294034476
Wed Sep 23 00:00:00 CEST 2015,425.99007294034476
Wed Sep 23 00:00:00 CEST 2015,287.11596778763436
Wed Sep 23 00:00:00 CEST 2015,598.9577592241379
Tue Sep 22 00:00:00 CEST 2015,426.16626408620624
Tue Sep 22 00:00:00 CEST 2015,426.16626408620624
Tue Sep 22 00:00:00 CEST 2015,287.7896515844504
Tue Sep 22 00:00:00 CEST 2015,598.4401717435898
Mon Sep 21 00:00:00 CEST 2015,426.3575375618147
Mon Sep 21 00:00:00 CEST 2015,426.3575375618147
Mon Sep 21 00:00:00 CEST 2015,288.48644399999995
Mon Sep 21 00:00:00 CEST 2015,598.0160178728813
Fri Sep 18 00:00:00 CEST 2015,426.5355101749994
Fri Sep 18 00:00:00 CEST 2015,426.5355101749994
Fri Sep 18 00:00:00 CEST 2015,289.1578401759999
Fri Sep 18 00:00:00 CEST 2015,597.5306732689075
Thu Sep 17 00:00:00 CEST 2015,426.7107589812787
Thu Sep 17 00:00:00 CEST 2015,426.7107589812787
Thu Sep 17 00:00:00 CEST 2015,289.82196824734035
Thu Sep 17 00:00:00 CEST 2015,597.0418342833333
Wed Sep 16 00:00:00 CEST 2015,426.86758025233587
Wed Sep 16 00:00:00 CEST 2015,426.86758025233587
Wed Sep 16 00:00:00 CEST 2015,290.4521222175066
Wed Sep 16 00:00:00 CEST 2015,596.4661994132231
Tue Sep 15 00:00:00 CEST 2015,427.01610655831985
Tue Sep 15 00:00:00 CEST 2015,427.01610655831985
Tue Sep 15 00:00:00 CEST 2015,291.06566156349203
Tue Sep 15 00:00:00 CEST 2015,595.8588534754098
Mon Sep 14 00:00:00 CEST 2015,427.1626343509311
Mon Sep 14 00:00:00 CEST 2015,427.1626343509311
Mon Sep 14 00:00:00 CEST 2015,291.6733511240105
Mon Sep 14 00:00:00 CEST 2015,595.2533343821137
Fri Sep 11 00:00:00 CEST 2015,427.3212039131778
Fri Sep 11 00:00:00 CEST 2015,427.3212039131778
Fri Sep 11 00:00:00 CEST 2015,292.29905283684207
Fri Sep 11 00:00:00 CEST 2015,594.7225817016129
Thu Sep 10 00:00:00 CEST 2015,427.4681370185753
Thu Sep 10 00:00:00 CEST 2015,427.4681370185753
Thu Sep 10 00:00:00 CEST 2015,292.9025723569553
Thu Sep 10 00:00:00 CEST 2015,594.142720968
Wed Sep 09 00:00:00 CEST 2015,427.60634703091137
Wed Sep 09 00:00:00 CEST 2015,427.60634703091137
Wed Sep 09 00:00:00 CEST 2015,293.4889269188481
Wed Sep 09 00:00:00 CEST 2015,593.5296042539683
Tue Sep 08 00:00:00 CEST 2015,427.7451334984562
Tue Sep 08 00:00:00 CEST 2015,427.7451334984562
Tue Sep 08 00:00:00 CEST 2015,294.07391660835503
Tue Sep 08 00:00:00 CEST 2015,592.9312607401574
Fri Sep 04 00:00:00 CEST 2015,427.85492528043085
Fri Sep 04 00:00:00 CEST 2015,427.85492528043085
Fri Sep 04 00:00:00 CEST 2015,294.60757828385414
Fri Sep 04 00:00:00 CEST 2015,592.197422765625
Thu Sep 03 00:00:00 CEST 2015,427.97317924307634
Thu Sep 03 00:00:00 CEST 2015,427.97317924307634
Thu Sep 03 00:00:00 CEST 2015,295.1533248363636
Thu Sep 03 00:00:00 CEST 2015,591.5193032170542
Wed Sep 02 00:00:00 CEST 2015,428.10002533947716
Wed Sep 02 00:00:00 CEST 2015,428.10002533947716
Wed Sep 02 00:00:00 CEST 2015,295.7113472797927
Wed Sep 02 00:00:00 CEST 2015,590.8964623307692
Tue Sep 01 00:00:00 CEST 2015,428.20499463957
Tue Sep 01 00:00:00 CEST 2015,428.20499463957
Tue Sep 01 00:00:00 CEST 2015,296.2302843901808
Tue Sep 01 00:00:00 CEST 2015,590.1761840610686
Mon Aug 31 00:00:00 CEST 2015,428.33468073506833
Mon Aug 31 00:00:00 CEST 2015,428.33468073506833
Mon Aug 31 00:00:00 CEST 2015,296.7886857577319
Mon Aug 31 00:00:00 CEST 2015,589.5906827803029
Fri Aug 28 00:00:00 CEST 2015,428.4717989755346
Fri Aug 28 00:00:00 CEST 2015,428.4717989755346
Fri Aug 28 00:00:00 CEST 2015,297.3573781079691
Fri Aug 28 00:00:00 CEST 2015,589.0524822330826
Thu Aug 27 00:00:00 CEST 2015,428.6090481297705
Thu Aug 27 00:00:00 CEST 2015,428.6090481297705
Thu Aug 27 00:00:00 CEST 2015,297.92407712564096
Thu Aug 27 00:00:00 CEST 2015,588.5250009850746
Wed Aug 26 00:00:00 CEST 2015,428.71904956402386
Wed Aug 26 00:00:00 CEST 2015,428.71904956402386
Wed Aug 26 00:00:00 CEST 2015,298.44286462404085
Wed Aug 26 00:00:00 CEST 2015,587.8749638592592
Tue Aug 25 00:00:00 CEST 2015,428.7763569391167
Tue Aug 25 00:00:00 CEST 2015,428.7763569391167
Tue Aug 25 00:00:00 CEST 2015,298.8712501607142
Tue Aug 25 00:00:00 CEST 2015,586.9815449705882
Mon Aug 24 00:00:00 CEST 2015,428.8289308571424
Mon Aug 24 00:00:00 CEST 2015,428.8289308571424
Mon Aug 24 00:00:00 CEST 2015,299.28982203053425
Mon Aug 24 00:00:00 CEST 2015,586.0792708832116
Fri Aug 21 00:00:00 CEST 2015,428.9285379438538
Fri Aug 21 00:00:00 CEST 2015,428.9285379438538
Fri Aug 21 00:00:00 CEST 2015,299.7852031954314
Fri Aug 21 00:00:00 CEST 2015,585.4154355942028
Thu Aug 20 00:00:00 CEST 2015,429.06013111212076
Thu Aug 20 00:00:00 CEST 2015,429.06013111212076
Thu Aug 20 00:00:00 CEST 2015,300.3320255392404
Thu Aug 20 00:00:00 CEST 2015,584.914461446043
Wed Aug 19 00:00:00 CEST 2015,429.2172564553702
Wed Aug 19 00:00:00 CEST 2015,429.2172564553702
Wed Aug 19 00:00:00 CEST 2015,300.9193688661615
Wed Aug 19 00:00:00 CEST 2015,584.5430723142856
Tue Aug 18 00:00:00 CEST 2015,429.37707936102674
Tue Aug 18 00:00:00 CEST 2015,429.37707936102674
Tue Aug 18 00:00:00 CEST 2015,301.5090430503777
Tue Aug 18 00:00:00 CEST 2015,584.1918449929077
Mon Aug 17 00:00:00 CEST 2015,429.5367217315229
Mon Aug 17 00:00:00 CEST 2015,429.5367217315229
Mon Aug 17 00:00:00 CEST 2015,302.09625643718584
Mon Aug 17 00:00:00 CEST 2015,583.8469726408449
Fri Aug 14 00:00:00 CEST 2015,429.6903110361441
Fri Aug 14 00:00:00 CEST 2015,429.6903110361441
Fri Aug 14 00:00:00 CEST 2015,302.67125333834576
Fri Aug 14 00:00:00 CEST 2015,583.4810498951047
Thu Aug 13 00:00:00 CEST 2015,429.84064135488677
Thu Aug 13 00:00:00 CEST 2015,429.84064135488677
Thu Aug 13 00:00:00 CEST 2015,303.2387251374999
Thu Aug 13 00:00:00 CEST 2015,583.1072924166665
Wed Aug 12 00:00:00 CEST 2015,429.9848896006001
Wed Aug 12 00:00:00 CEST 2015,429.9848896006001
Wed Aug 12 00:00:00 CEST 2015,303.7940150324188
Wed Aug 12 00:00:00 CEST 2015,582.7128281448274
Tue Aug 11 00:00:00 CEST 2015,430.13102922938486
Tue Aug 11 00:00:00 CEST 2015,430.13102922938486
Tue Aug 11 00:00:00 CEST 2015,304.35039813432826
Tue Aug 11 00:00:00 CEST 2015,582.3343842671231
Mon Aug 10 00:00:00 CEST 2015,430.27155164071814
Mon Aug 10 00:00:00 CEST 2015,430.27155164071814
Mon Aug 10 00:00:00 CEST 2015,304.89543436724557
Mon Aug 10 00:00:00 CEST 2015,581.9375517210883
Fri Aug 07 00:00:00 CEST 2015,430.4095911674136
Fri Aug 07 00:00:00 CEST 2015,430.4095911674136
Fri Aug 07 00:00:00 CEST 2015,305.4343565470296
Fri Aug 07 00:00:00 CEST 2015,581.5367574189188
Thu Aug 06 00:00:00 CEST 2015,430.5574276313429
Thu Aug 06 00:00:00 CEST 2015,430.5574276313429
Thu Aug 06 00:00:00 CEST 2015,305.9875063382715
Thu Aug 06 00:00:00 CEST 2015,581.1872491275166
Wed Aug 05 00:00:00 CEST 2015,430.7160752950816
Wed Aug 05 00:00:00 CEST 2015,430.7160752950816
Wed Aug 05 00:00:00 CEST 2015,306.5565272832511
Wed Aug 05 00:00:00 CEST 2015,580.8927341999998
Tue Aug 04 00:00:00 CEST 2015,430.86664664732103
Tue Aug 04 00:00:00 CEST 2015,430.86664664732103
Tue Aug 04 00:00:00 CEST 2015,307.1101968083537
Tue Aug 04 00:00:00 CEST 2015,580.5682791655628
Mon Aug 03 00:00:00 CEST 2015,431.0214213610695
Mon Aug 03 00:00:00 CEST 2015,431.0214213610695
Mon Aug 03 00:00:00 CEST 2015,307.6688238480391
Mon Aug 03 00:00:00 CEST 2015,580.2686854144736
Fri Jul 31 00:00:00 CEST 2015,431.17739851632007
Fri Jul 31 00:00:00 CEST 2015,431.17739851632007
Fri Jul 31 00:00:00 CEST 2015,308.22745758924196
Fri Jul 31 00:00:00 CEST 2015,579.9803281503267
Thu Jul 30 00:00:00 CEST 2015,431.33381719999966
Thu Jul 30 00:00:00 CEST 2015,431.33381719999966
Thu Jul 30 00:00:00 CEST 2015,308.7848540585365
Thu Jul 30 00:00:00 CEST 2015,579.6996767337661
Wed Jul 29 00:00:00 CEST 2015,431.4782938017748
Wed Jul 29 00:00:00 CEST 2015,431.4782938017748
Wed Jul 29 00:00:00 CEST 2015,309.32065733333326
Wed Jul 29 00:00:00 CEST 2015,579.3725820451612
Tue Jul 28 00:00:00 CEST 2015,431.6179566307234
Tue Jul 28 00:00:00 CEST 2015,431.6179566307234
Tue Jul 28 00:00:00 CEST 2015,309.8466509538834
Tue Jul 28 00:00:00 CEST 2015,579.030642602564
Mon Jul 27 00:00:00 CEST 2015,431.7651424955749
Mon Jul 27 00:00:00 CEST 2015,431.7651424955749
Mon Jul 27 00:00:00 CEST 2015,310.38312388861976
Mon Jul 27 00:00:00 CEST 2015,578.7273262356687
Fri Jul 24 00:00:00 CEST 2015,431.9089640574371
Fri Jul 24 00:00:00 CEST 2015,431.9089640574371
Fri Jul 24 00:00:00 CEST 2015,310.91219842753617
Fri Jul 24 00:00:00 CEST 2015,578.4152544430378
Thu Jul 23 00:00:00 CEST 2015,431.98289204117617
Thu Jul 23 00:00:00 CEST 2015,431.98289204117617
Thu Jul 23 00:00:00 CEST 2015,311.32489190843364
Thu Jul 23 00:00:00 CEST 2015,577.810001226415
Wed Jul 22 00:00:00 CEST 2015,432.06554563436094
Wed Jul 22 00:00:00 CEST 2015,432.06554563436094
Wed Jul 22 00:00:00 CEST 2015,311.7502406995191
Wed Jul 22 00:00:00 CEST 2015,577.2503761499999
Tue Jul 21 00:00:00 CEST 2015,432.1475609633428
Tue Jul 21 00:00:00 CEST 2015,432.1475609633428
Tue Jul 21 00:00:00 CEST 2015,312.17290199280563
Tue Jul 21 00:00:00 CEST 2015,576.6960259875775
Mon Jul 20 00:00:00 CEST 2015,432.22948255197633
Mon Jul 20 00:00:00 CEST 2015,432.22948255197633
Mon Jul 20 00:00:00 CEST 2015,312.59378023205727
Mon Jul 20 00:00:00 CEST 2015,576.1491369753085
Fri Jul 17 00:00:00 CEST 2015,432.30372308918106
Fri Jul 17 00:00:00 CEST 2015,432.30372308918106
Fri Jul 17 00:00:00 CEST 2015,313.0005015441526
Fri Jul 17 00:00:00 CEST 2015,575.5777312883433
Thu Jul 16 00:00:00 CEST 2015,432.36675416642316
Thu Jul 16 00:00:00 CEST 2015,432.36675416642316
Thu Jul 16 00:00:00 CEST 2015,313.3873575190475
Thu Jul 16 00:00:00 CEST 2015,574.9673793353656
Wed Jul 15 00:00:00 CEST 2015,432.40877056268204
Wed Jul 15 00:00:00 CEST 2015,432.40877056268204
Wed Jul 15 00:00:00 CEST 2015,313.73843268408535
Wed Jul 15 00:00:00 CEST 2015,574.2778194727271
Tue Jul 14 00:00:00 CEST 2015,432.45704019359516
Tue Jul 14 00:00:00 CEST 2015,432.45704019359516
Tue Jul 14 00:00:00 CEST 2015,314.09822314454965
Tue Jul 14 00:00:00 CEST 2015,573.62295313253
Mon Jul 13 00:00:00 CEST 2015,432.49063462209284
Mon Jul 13 00:00:00 CEST 2015,432.49063462209284
Mon Jul 13 00:00:00 CEST 2015,314.43267180614646
Mon Jul 13 00:00:00 CEST 2015,572.9160492634729
Fri Jul 10 00:00:00 CEST 2015,432.50662791001434
Fri Jul 10 00:00:00 CEST 2015,432.50662791001434
Fri Jul 10 00:00:00 CEST 2015,314.7370994905659
Fri Jul 10 00:00:00 CEST 2015,572.145775220238
Thu Jul 09 00:00:00 CEST 2015,432.5093574565216
Thu Jul 09 00:00:00 CEST 2015,432.5093574565216
Thu Jul 09 00:00:00 CEST 2015,315.01863576235286
Thu Jul 09 00:00:00 CEST 2015,571.3306523786981
Wed Jul 08 00:00:00 CEST 2015,432.5052918335744
Wed Jul 08 00:00:00 CEST 2015,432.5052918335744
Wed Jul 08 00:00:00 CEST 2015,315.2878408708919
Wed Jul 08 00:00:00 CEST 2015,570.4975309647058
Tue Jul 07 00:00:00 CEST 2015,432.51138245375705
Tue Jul 07 00:00:00 CEST 2015,432.51138245375705
Tue Jul 07 00:00:00 CEST 2015,315.57222532084296
Tue Jul 07 00:00:00 CEST 2015,569.71520622807
Mon Jul 06 00:00:00 CEST 2015,432.5164742669551
Mon Jul 06 00:00:00 CEST 2015,432.5164742669551
Mon Jul 06 00:00:00 CEST 2015,315.85369210514006
Mon Jul 06 00:00:00 CEST 2015,568.938024848837
Thu Jul 02 00:00:00 CEST 2015,432.52395772046094
Thu Jul 02 00:00:00 CEST 2015,432.52395772046094
Thu Jul 02 00:00:00 CEST 2015,316.1377394219113
Thu Jul 02 00:00:00 CEST 2015,568.1794813005779
Wed Jul 01 00:00:00 CEST 2015,432.53095924172646
Wed Jul 01 00:00:00 CEST 2015,432.53095924172646
Wed Jul 01 00:00:00 CEST 2015,316.41972145813946
Wed Jul 01 00:00:00 CEST 2015,567.4278177011493
Tue Jun 30 00:00:00 CEST 2015,432.5331992370688
Tue Jun 30 00:00:00 CEST 2015,432.5331992370688
Tue Jun 30 00:00:00 CEST 2015,316.6927383364268
Tue Jun 30 00:00:00 CEST 2015,566.6658872914284
Mon Jun 29 00:00:00 CEST 2015,432.5293639225249
Mon Jun 29 00:00:00 CEST 2015,432.5293639225249
Mon Jun 29 00:00:00 CEST 2015,316.9546995555554
Mon Jun 29 00:00:00 CEST 2015,565.8885810284089
Fri Jun 26 00:00:00 CEST 2015,432.5373447851001
Fri Jun 26 00:00:00 CEST 2015,432.5373447851001
Fri Jun 26 00:00:00 CEST 2015,317.2344808637412
Fri Jun 26 00:00:00 CEST 2015,565.1666116779659
Thu Jun 25 00:00:00 CEST 2015,432.54816404291836
Thu Jun 25 00:00:00 CEST 2015,432.54816404291836
Thu Jun 25 00:00:00 CEST 2015,317.5175811520736
Thu Jun 25 00:00:00 CEST 2015,564.4639902977525
Wed Jun 24 00:00:00 CEST 2015,432.56000951714276
Wed Jun 24 00:00:00 CEST 2015,432.56000951714276
Wed Jun 24 00:00:00 CEST 2015,317.8010809563217
Wed Jun 24 00:00:00 CEST 2015,563.7733534581002
Tue Jun 23 00:00:00 CEST 2015,432.57916783452197
Tue Jun 23 00:00:00 CEST 2015,432.57916783452197
Tue Jun 23 00:00:00 CEST 2015,318.0950922155962
Tue Jun 23 00:00:00 CEST 2015,563.1190014388886
Mon Jun 22 00:00:00 CEST 2015,432.5844539330483
Mon Jun 22 00:00:00 CEST 2015,432.5844539330483
Mon Jun 22 00:00:00 CEST 2015,318.3655611327229
Mon Jun 22 00:00:00 CEST 2015,562.4182887734804
Fri Jun 19 00:00:00 CEST 2015,432.5877762076812
Fri Jun 19 00:00:00 CEST 2015,432.5877762076812
Fri Jun 19 00:00:00 CEST 2015,318.6316671872144
Fri Jun 19 00:00:00 CEST 2015,561.717748796703
Thu Jun 18 00:00:00 CEST 2015,432.59743847869305
Thu Jun 18 00:00:00 CEST 2015,432.59743847869305
Thu Jun 18 00:00:00 CEST 2015,318.9067431503415
Thu Jun 18 00:00:00 CEST 2015,561.0492912349724
Wed Jun 17 00:00:00 CEST 2015,432.5906477829786
Wed Jun 17 00:00:00 CEST 2015,432.5906477829786
Wed Jun 17 00:00:00 CEST 2015,319.15425054772714
Wed Jun 17 00:00:00 CEST 2015,560.325164641304
Tue Jun 16 00:00:00 CEST 2015,432.5830973045325
Tue Jun 16 00:00:00 CEST 2015,432.5830973045325
Tue Jun 16 00:00:00 CEST 2015,319.3993883242629
Tue Jun 16 00:00:00 CEST 2015,559.6058935351348
Mon Jun 15 00:00:00 CEST 2015,432.57049039603953
Mon Jun 15 00:00:00 CEST 2015,432.57049039603953
Mon Jun 15 00:00:00 CEST 2015,319.635294714932
Mon Jun 15 00:00:00 CEST 2015,558.8750554677416
Fri Jun 12 00:00:00 CEST 2015,432.5667467838983
Fri Jun 12 00:00:00 CEST 2015,432.5667467838983
Fri Jun 12 00:00:00 CEST 2015,319.8842444176071
Fri Jun 12 00:00:00 CEST 2015,558.18545631016
Thu Jun 11 00:00:00 CEST 2015,432.56731554866
Thu Jun 11 00:00:00 CEST 2015,432.56731554866
Thu Jun 11 00:00:00 CEST 2015,320.1389420675674
Thu Jun 11 00:00:00 CEST 2015,557.5194166542549
Wed Jun 10 00:00:00 CEST 2015,432.5647841028168
Wed Jun 10 00:00:00 CEST 2015,432.5647841028168
Wed Jun 10 00:00:00 CEST 2015,320.3875511617976
Wed Jun 10 00:00:00 CEST 2015,556.8487847619043
Tue Jun 09 00:00:00 CEST 2015,432.5548195836849
Tue Jun 09 00:00:00 CEST 2015,432.5548195836849
Tue Jun 09 00:00:00 CEST 2015,320.6231844798205
Tue Jun 09 00:00:00 CEST 2015,556.1573701631575
Mon Jun 08 00:00:00 CEST 2015,432.54210214044934
Mon Jun 08 00:00:00 CEST 2015,432.54210214044934
Mon Jun 08 00:00:00 CEST 2015,320.85333395525714
Mon Jun 08 00:00:00 CEST 2015,555.4628289581148
Fri Jun 05 00:00:00 CEST 2015,432.5342590967741
Fri Jun 05 00:00:00 CEST 2015,432.5342590967741
Fri Jun 05 00:00:00 CEST 2015,321.09015689732126
Fri Jun 05 00:00:00 CEST 2015,554.7934913697912
Thu Jun 04 00:00:00 CEST 2015,432.53180214985986
Thu Jun 04 00:00:00 CEST 2015,432.53180214985986
Thu Jun 04 00:00:00 CEST 2015,321.3344549866368
Thu Jun 04 00:00:00 CEST 2015,554.1509344145074
Wed Jun 03 00:00:00 CEST 2015,432.5374779454545
Wed Jun 03 00:00:00 CEST 2015,432.5374779454545
Wed Jun 03 00:00:00 CEST 2015,321.5905784111109
Wed Jun 03 00:00:00 CEST 2015,553.5449501958759
Tue Jun 02 00:00:00 CEST 2015,432.53531664944126
Tue Jun 02 00:00:00 CEST 2015,432.53531664944126
Tue Jun 02 00:00:00 CEST 2015,321.83314916851424
Tue Jun 02 00:00:00 CEST 2015,552.9164632205125
Mon Jun 01 00:00:00 CEST 2015,432.5330637852161
Mon Jun 01 00:00:00 CEST 2015,432.5330637852161
Mon Jun 01 00:00:00 CEST 2015,322.07449178761044
Mon Jun 01 00:00:00 CEST 2015,552.2940323520404
Fri May 29 00:00:00 CEST 2015,432.5284634331476
Fri May 29 00:00:00 CEST 2015,432.5284634331476
Fri May 29 00:00:00 CEST 2015,322.3110381876378
Fri May 29 00:00:00 CEST 2015,551.6693418883245
Thu May 28 00:00:00 CEST 2015,432.52017628929065
Thu May 28 00:00:00 CEST 2015,432.52017628929065
Thu May 28 00:00:00 CEST 2015,322.5406834933919
Thu May 28 00:00:00 CEST 2015,551.0375270656563
Wed May 27 00:00:00 CEST 2015,432.5186482847222
Wed May 27 00:00:00 CEST 2015,432.5186482847222
Wed May 27 00:00:00 CEST 2015,322.77997872307674
Wed May 27 00:00:00 CEST 2015,550.4364340301504
Tue May 26 00:00:00 CEST 2015,432.5088720748959
Tue May 26 00:00:00 CEST 2015,432.5088720748959
Tue May 26 00:00:00 CEST 2015,323.0051761403507
Tue May 26 00:00:00 CEST 2015,549.8116018649996
Fri May 22 00:00:00 CEST 2015,432.50211464127415
Fri May 22 00:00:00 CEST 2015,432.50211464127415
Fri May 22 00:00:00 CEST 2015,323.23411449671755
Fri May 22 00:00:00 CEST 2015,549.2037332238802
Thu May 21 00:00:00 CEST 2015,432.50090840387264
Thu May 21 00:00:00 CEST 2015,432.50090840387264
Thu May 21 00:00:00 CEST 2015,323.4707867467248
Thu May 21 00:00:00 CEST 2015,548.621685064356
Wed May 20 00:00:00 CEST 2015,432.4889734267955
Wed May 20 00:00:00 CEST 2015,432.4889734267955
Wed May 20 00:00:00 CEST 2015,323.68949959694976
Wed May 20 00:00:00 CEST 2015,548.0070954088666
Tue May 19 00:00:00 CEST 2015,432.4741058648275
Tue May 19 00:00:00 CEST 2015,432.4741058648275
Tue May 19 00:00:00 CEST 2015,323.90258762173903
Tue May 19 00:00:00 CEST 2015,547.387991955882
Mon May 18 00:00:00 CEST 2015,432.4641415179062
Mon May 18 00:00:00 CEST 2015,432.4641415179062
Mon May 18 00:00:00 CEST 2015,324.12240845119294
Mon May 18 00:00:00 CEST 2015,546.7921480439021
Fri May 15 00:00:00 CEST 2015,432.4552499889957
Fri May 15 00:00:00 CEST 2015,432.4552499889957
Fri May 15 00:00:00 CEST 2015,324.3429227186146
Fri May 15 00:00:00 CEST 2015,546.2057783932034
Thu May 14 00:00:00 CEST 2015,432.4550092596153
Thu May 14 00:00:00 CEST 2015,432.4550092596153
Thu May 14 00:00:00 CEST 2015,324.5760481533476
Thu May 14 00:00:00 CEST 2015,545.6554123091784
Wed May 13 00:00:00 CEST 2015,432.44734806035655
Wed May 13 00:00:00 CEST 2015,432.44734806035655
Wed May 13 00:00:00 CEST 2015,324.7965092456895
Wed May 13 00:00:00 CEST 2015,545.084328572115
Tue May 12 00:00:00 CEST 2015,432.4453927739725
Tue May 12 00:00:00 CEST 2015,432.4453927739725
Tue May 12 00:00:00 CEST 2015,325.02494683655897
Tue May 12 00:00:00 CEST 2015,544.5385661818178
Mon May 11 00:00:00 CEST 2015,432.4459462804377
Mon May 11 00:00:00 CEST 2015,432.4459462804377
Mon May 11 00:00:00 CEST 2015,325.2563310836908
Mon May 11 00:00:00 CEST 2015,544.0067158952377
Fri May 08 00:00:00 CEST 2015,432.44764581010924
Fri May 08 00:00:00 CEST 2015,432.44764581010924
Fri May 08 00:00:00 CEST 2015,325.4885230985009
Fri May 08 00:00:00 CEST 2015,543.4838878672982
Thu May 07 00:00:00 CEST 2015,432.44005012005454
Thu May 07 00:00:00 CEST 2015,432.44005012005454
Thu May 07 00:00:00 CEST 2015,325.7051715641024
Thu May 07 00:00:00 CEST 2015,542.9338695518863
Wed May 06 00:00:00 CEST 2015,432.4218756730245
Wed May 06 00:00:00 CEST 2015,432.4218756730245
Wed May 06 00:00:00 CEST 2015,325.9043076716416
Wed May 06 00:00:00 CEST 2015,542.3524899107977
Tue May 05 00:00:00 CEST 2015,432.4065942122449
Tue May 05 00:00:00 CEST 2015,432.4065942122449
Tue May 05 00:00:00 CEST 2015,326.10704319148914
Tue May 05 00:00:00 CEST 2015,541.7863100607473
Mon May 04 00:00:00 CEST 2015,432.3938678736413
Mon May 04 00:00:00 CEST 2015,432.3938678736413
Mon May 04 00:00:00 CEST 2015,326.3128456666664
Mon May 04 00:00