GOOG,date,closing,avg
GOOG,Wed Apr 06 00:00:00 CEST 2016,745.690002,745.690002
GOOG,Tue Apr 05 00:00:00 CEST 2016,737.799988,741.744995
GOOG,Mon Apr 04 00:00:00 CEST 2016,745.289978,742.926656
GOOG,Fri Apr 01 00:00:00 CEST 2016,749.909973,744.6724852499999
GOOG,Thu Mar 31 00:00:00 CEST 2016,744.950012,744.7279906
GOOG,Wed Mar 30 00:00:00 CEST 2016,750.530029,745.694997
GOOG,Tue Mar 29 00:00:00 CEST 2016,744.77002,745.5628574285713
GOOG,Mon Mar 28 00:00:00 CEST 2016,733.530029,744.0587538749999
GOOG,Thu Mar 24 00:00:00 CET 2016,735.299988,743.0855576666665
GOOG,Wed Mar 23 00:00:00 CET 2016,738.059998,742.5830016999998
GOOG,Tue Mar 22 00:00:00 CET 2016,740.75,742.416365181818
GOOG,Mon Mar 21 00:00:00 CET 2016,742.090027,742.3891703333333
GOOG,Fri Mar 18 00:00:00 CET 2016,737.599976,742.0207707692306
GOOG,Thu Mar 17 00:00:00 CET 2016,737.780029,741.717860642857
GOOG,Wed Mar 16 00:00:00 CET 2016,736.090027,741.3426717333332
GOOG,Tue Mar 15 00:00:00 CET 2016,728.330017,740.5293808124999
GOOG,Mon Mar 14 00:00:00 CET 2016,730.48999,739.9388284117646
GOOG,Fri Mar 11 00:00:00 CET 2016,726.820007,739.2100049999999
GOOG,Thu Mar 10 00:00:00 CET 2016,712.820007,737.821057736842
GOOG,Wed Mar 09 00:00:00 CET 2016,705.23999,736.1920043499999
GOOG,Tue Mar 08 00:00:00 CET 2016,693.969971,734.1814313333333
GOOG,Mon Mar 07 00:00:00 CET 2016,695.159973,732.4077286818182
GOOG,Fri Mar 04 00:00:00 CET 2016,710.890015,731.4721759130434
GOOG,Thu Mar 03 00:00:00 CET 2016,712.419983,730.6783345416666
GOOG,Wed Mar 02 00:00:00 CET 2016,718.849976,730.2052001999999
GOOG,Tue Mar 01 00:00:00 CET 2016,718.809998,729.7669231923077
GOOG,Mon Feb 29 00:00:00 CET 2016,697.77002,728.5818527037037
GOOG,Fri Feb 26 00:00:00 CET 2016,705.070007,727.7421439285714
GOOG,Thu Feb 25 00:00:00 CET 2016,705.75,726.983794137931
GOOG,Wed Feb 24 00:00:00 CET 2016,699.559998,726.0696676
GOOG,Tue Feb 23 00:00:00 CET 2016,695.849976,725.0948388387097
GOOG,Mon Feb 22 00:00:00 CET 2016,706.460022,724.5125008125
GOOG,Fri Feb 19 00:00:00 CET 2016,700.909973,723.7972726969697
GOOG,Thu Feb 18 00:00:00 CET 2016,697.349976,723.0194110294118
GOOG,Wed Feb 17 00:00:00 CET 2016,708.400024,722.6017142571429
GOOG,Tue Feb 16 00:00:00 CET 2016,691.0,721.7238888611112
GOOG,Fri Feb 12 00:00:00 CET 2016,682.400024,720.6610817027027
GOOG,Thu Feb 11 00:00:00 CET 2016,683.109985,719.6728949473684
GOOG,Wed Feb 10 00:00:00 CET 2016,684.119995,718.7612821282052
GOOG,Tue Feb 09 00:00:00 CET 2016,678.109985,717.7449997
GOOG,Mon Feb 08 00:00:00 CET 2016,682.73999,716.8912189756097
GOOG,Fri Feb 05 00:00:00 CET 2016,683.570007,716.0978567857143
GOOG,Thu Feb 04 00:00:00 CET 2016,708.01001,715.9097673255815
GOOG,Wed Feb 03 00:00:00 CET 2016,726.950012,716.1606819772728
GOOG,Tue Feb 02 00:00:00 CET 2016,764.650024,717.2382229111112
GOOG,Mon Feb 01 00:00:00 CET 2016,752.0,717.9939137173914
GOOG,Fri Jan 29 00:00:00 CET 2016,742.950012,718.524894531915
GOOG,Thu Jan 28 00:00:00 CET 2016,730.960022,718.7839596875001
GOOG,Wed Jan 27 00:00:00 CET 2016,699.98999,718.4004092857144
GOOG,Tue Jan 26 00:00:00 CET 2016,713.039978,718.2932006600001
GOOG,Mon Jan 25 00:00:00 CET 2016,711.669983,718.163333647059
GOOG,Fri Jan 22 00:00:00 CET 2016,725.25,718.2996156923078
GOOG,Thu Jan 21 00:00:00 CET 2016,706.590027,718.0786800566038
GOOG,Wed Jan 20 00:00:00 CET 2016,698.450012,717.7151862037039
GOOG,Tue Jan 19 00:00:00 CET 2016,701.789978,717.4256369636365
GOOG,Fri Jan 15 00:00:00 CET 2016,694.450012,717.0153579464287
GOOG,Thu Jan 14 00:00:00 CET 2016,714.719971,716.9750880000001
GOOG,Wed Jan 13 00:00:00 CET 2016,700.559998,716.6920692068966
GOOG,Tue Jan 12 00:00:00 CET 2016,726.070007,716.8510173050848
GOOG,Mon Jan 11 00:00:00 CET 2016,716.030029,716.8373341666668
GOOG,Fri Jan 08 00:00:00 CET 2016,714.469971,716.7985249344264
GOOG,Thu Jan 07 00:00:00 CET 2016,726.390015,716.9532263870968
GOOG,Wed Jan 06 00:00:00 CET 2016,743.619995,717.3765084285715
GOOG,Tue Jan 05 00:00:00 CET 2016,742.580017,717.7703132500001
GOOG,Mon Jan 04 00:00:00 CET 2016,741.840027,718.1406165384616
GOOG,Thu Dec 31 00:00:00 CET 2015,758.880005,718.75788
GOOG,Wed Dec 30 00:00:00 CET 2015,771.0,719.5376131343284
GOOG,Tue Dec 29 00:00:00 CET 2015,776.599976,720.3767655294117
GOOG,Mon Dec 28 00:00:00 CET 2015,762.51001,720.9873922608696
GOOG,Thu Dec 24 00:00:00 CET 2015,748.400024,721.3790012857143
GOOG,Wed Dec 23 00:00:00 CET 2015,750.309998,721.786480112676
GOOG,Tue Dec 22 00:00:00 CET 2015,750.0,722.1783345555555
GOOG,Mon Dec 21 00:00:00 CET 2015,747.77002,722.5289055890411
GOOG,Fri Dec 18 00:00:00 CET 2015,739.309998,722.7556771081081
GOOG,Thu Dec 17 00:00:00 CET 2015,749.429993,723.1113346533333
GOOG,Wed Dec 16 00:00:00 CET 2015,758.090027,723.5715806052631
GOOG,Tue Dec 15 00:00:00 CET 2015,743.400024,723.8290928571428
GOOG,Mon Dec 14 00:00:00 CET 2015,747.77002,724.1360278205128
GOOG,Fri Dec 11 00:00:00 CET 2015,738.869995,724.3225337341772
GOOG,Thu Dec 10 00:00:00 CET 2015,749.460022,724.6367523375
GOOG,Wed Dec 09 00:00:00 CET 2015,751.609985,724.9697552098766
GOOG,Tue Dec 08 00:00:00 CET 2015,762.369995,725.425855695122
GOOG,Mon Dec 07 00:00:00 CET 2015,763.25,725.8815682771085
GOOG,Fri Dec 04 00:00:00 CET 2015,766.809998,726.3688114880953
GOOG,Thu Dec 03 00:00:00 CET 2015,752.539978,726.6767075647059
GOOG,Wed Dec 02 00:00:00 CET 2015,762.380005,727.0918621860466
GOOG,Tue Dec 01 00:00:00 CET 2015,767.039978,727.5510359310344
GOOG,Mon Nov 30 00:00:00 CET 2015,742.599976,727.7220466136364
GOOG,Fri Nov 27 00:00:00 CET 2015,750.26001,727.9752821573034
GOOG,Wed Nov 25 00:00:00 CET 2015,748.150024,728.1994459555556
GOOG,Tue Nov 24 00:00:00 CET 2015,748.280029,728.4201117032967
GOOG,Mon Nov 23 00:00:00 CET 2015,755.97998,728.7196754891305
GOOG,Fri Nov 20 00:00:00 CET 2015,756.599976,729.0194636666666
GOOG,Thu Nov 19 00:00:00 CET 2015,738.409973,729.1193627021277
GOOG,Wed Nov 18 00:00:00 CET 2015,740.0,729.2338957263158
GOOG,Tue Nov 17 00:00:00 CET 2015,725.299988,729.1929175208334
GOOG,Mon Nov 16 00:00:00 CET 2015,728.960022,729.1905165360824
GOOG,Fri Nov 13 00:00:00 CET 2015,717.0,729.0661235102041
GOOG,Thu Nov 12 00:00:00 CET 2015,731.22998,729.0879806464648
GOOG,Wed Nov 11 00:00:00 CET 2015,735.400024,729.1511010800001
GOOG,Tue Nov 10 00:00:00 CET 2015,728.320007,729.1428724257427
GOOG,Mon Nov 09 00:00:00 CET 2015,724.890015,729.1011777450981
GOOG,Fri Nov 06 00:00:00 CET 2015,733.76001,729.1464091262136
GOOG,Thu Nov 05 00:00:00 CET 2015,731.25,729.1666359615385
GOOG,Wed Nov 04 00:00:00 CET 2015,728.109985,729.1565726190477
GOOG,Tue Nov 03 00:00:00 CET 2015,722.159973,729.0905669622642
GOOG,Mon Nov 02 00:00:00 CET 2015,721.109985,729.0159820841122
GOOG,Fri Oct 30 00:00:00 CET 2015,710.809998,728.8474081574075
GOOG,Thu Oct 29 00:00:00 CET 2015,716.919983,728.7379822385321
GOOG,Wed Oct 28 00:00:00 CET 2015,712.950012,728.5944552363637
GOOG,Tue Oct 27 00:00:00 CET 2015,708.48999,728.4133339279281
GOOG,Mon Oct 26 00:00:00 CET 2015,712.780029,728.2737508482144
GOOG,Fri Oct 23 00:00:00 CEST 2015,702.0,728.0412397787612
GOOG,Thu Oct 22 00:00:00 CEST 2015,651.789978,727.3723690614037
GOOG,Wed Oct 21 00:00:00 CEST 2015,642.609985,726.635304852174
GOOG,Tue Oct 20 00:00:00 CEST 2015,650.280029,725.9770697155174
GOOG,Mon Oct 19 00:00:00 CEST 2015,666.099976,725.4652996837608
GOOG,Fri Oct 16 00:00:00 CEST 2015,662.200012,724.9291531779662
GOOG,Thu Oct 15 00:00:00 CEST 2015,661.73999,724.3981518067228
GOOG,Wed Oct 14 00:00:00 CEST 2015,651.159973,723.7878336500002
GOOG,Tue Oct 13 00:00:00 CEST 2015,652.299988,723.1970250082646
GOOG,Mon Oct 12 00:00:00 CEST 2015,646.669983,722.5697541721313
GOOG,Fri Oct 09 00:00:00 CEST 2015,643.609985,721.9278048292684
GOOG,Thu Oct 08 00:00:00 CEST 2015,639.159973,721.2603223145163
GOOG,Wed Oct 07 00:00:00 CEST 2015,642.359985,720.6291196160003
GOOG,Tue Oct 06 00:00:00 CEST 2015,645.440002,720.0323805873019
GOOG,Mon Oct 05 00:00:00 CEST 2015,641.469971,719.4137789370081
GOOG,Fri Oct 02 00:00:00 CEST 2015,626.909973,718.6910929531252
GOOG,Thu Oct 01 00:00:00 CEST 2015,611.289978,717.8585261705429
GOOG,Wed Sep 30 00:00:00 CEST 2015,608.419983,717.0166912230771
GOOG,Tue Sep 29 00:00:00 CEST 2015,594.969971,716.0850368702293
GOOG,Mon Sep 28 00:00:00 CEST 2015,594.890015,715.1668927651517
GOOG,Fri Sep 25 00:00:00 CEST 2015,611.969971,714.3909760601506
GOOG,Thu Sep 24 00:00:00 CEST 2015,625.799988,713.7298492835822
GOOG,Wed Sep 23 00:00:00 CEST 2015,622.359985,713.0530354740742
GOOG,Tue Sep 22 00:00:00 CEST 2015,622.690002,712.3886014044119
GOOG,Mon Sep 21 00:00:00 CEST 2015,635.440002,711.8269327956207
GOOG,Fri Sep 18 00:00:00 CEST 2015,629.25,711.228549224638
GOOG,Thu Sep 17 00:00:00 CEST 2015,642.900024,710.7369771007196
GOOG,Wed Sep 16 00:00:00 CEST 2015,635.97998,710.2029985500003
GOOG,Tue Sep 15 00:00:00 CEST 2015,635.140015,709.6706369645393
GOOG,Mon Sep 14 00:00:00 CEST 2015,623.23999,709.06197043662
GOOG,Fri Sep 11 00:00:00 CEST 2015,625.77002,708.4795092447555
GOOG,Thu Sep 10 00:00:00 CEST 2015,621.349976,707.8744430416668
GOOG,Wed Sep 09 00:00:00 CEST 2015,612.719971,707.2182053034485
GOOG,Tue Sep 08 00:00:00 CEST 2015,614.659973,706.5842448082194
GOOG,Fri Sep 04 00:00:00 CEST 2015,600.700012,705.8639439047621
GOOG,Thu Sep 03 00:00:00 CEST 2015,606.25,705.1908767162164
GOOG,Wed Sep 02 00:00:00 CEST 2015,614.340027,704.5811394697988
GOOG,Tue Sep 01 00:00:00 CEST 2015,597.789978,703.8691983933336
GOOG,Mon Aug 31 00:00:00 CEST 2015,618.25,703.3021838344373
GOOG,Fri Aug 28 00:00:00 CEST 2015,630.380005,702.822432657895
GOOG,Thu Aug 27 00:00:00 CEST 2015,637.609985,702.3962075098042
GOOG,Wed Aug 26 00:00:00 CEST 2015,628.619995,701.9171411948054
GOOG,Tue Aug 25 00:00:00 CEST 2015,582.059998,701.143869303226
GOOG,Mon Aug 24 00:00:00 CEST 2015,589.609985,700.4289085064105
GOOG,Fri Aug 21 00:00:00 CEST 2015,612.47998,699.868724248408
GOOG,Thu Aug 20 00:00:00 CEST 2015,646.830017,699.5330362278484
GOOG,Wed Aug 19 00:00:00 CEST 2015,660.900024,699.2900613081764
GOOG,Tue Aug 18 00:00:00 CEST 2015,656.130005,699.0203109562502
GOOG,Mon Aug 17 00:00:00 CEST 2015,660.869995,698.78335247205
GOOG,Fri Aug 14 00:00:00 CEST 2015,657.119995,698.5261712530867
GOOG,Thu Aug 13 00:00:00 CEST 2015,656.450012,698.2680353067487
GOOG,Wed Aug 12 00:00:00 CEST 2015,659.559998,698.0320106890247
GOOG,Tue Aug 11 00:00:00 CEST 2015,660.780029,697.8062411030305
GOOG,Mon Aug 10 00:00:00 CEST 2015,633.72998,697.4202395301207
GOOG,Fri Aug 07 00:00:00 CEST 2015,635.299988,697.0482619760481
GOOG,Thu Aug 06 00:00:00 CEST 2015,642.679993,696.7246413273812
GOOG,Wed Aug 05 00:00:00 CEST 2015,643.780029,696.4113595976333
GOOG,Tue Aug 04 00:00:00 CEST 2015,629.25,696.0162927764709
GOOG,Mon Aug 03 00:00:00 CEST 2015,631.210022,695.6373087368423
GOOG,Wed Apr 06 00:00:00 CEST 2016,110.959999,692.2380220523258
GOOG,Fri Jul 31 00:00:00 CEST 2015,625.609985,691.8528888901736
GOOG,Tue Apr 05 00:00:00 CEST 2016,109.809998,688.507814804598
GOOG,Thu Jul 30 00:00:00 CEST 2015,632.590027,688.1882845885716
GOOG,Mon Apr 04 00:00:00 CEST 2016,111.120003,684.9094875340911
GOOG,Wed Jul 29 00:00:00 CEST 2015,631.929993,684.6101683559324
GOOG,Fri Apr 01 00:00:00 CEST 2016,109.989998,681.3819651516857
GOOG,Tue Jul 28 00:00:00 CEST 2015,628.0,681.0837418826818
GOOG,Thu Mar 31 00:00:00 CEST 2016,108.989998,677.9054433055559
GOOG,Mon Jul 27 00:00:00 CEST 2015,627.26001,677.6256342817683
GOOG,Wed Mar 30 00:00:00 CEST 2016,109.559998,674.5043945219783
GOOG,Fri Jul 24 00:00:00 CEST 2015,623.559998,674.2260098415303
GOOG,Tue Mar 29 00:00:00 CEST 2016,107.68,671.1469554402175
GOOG,Thu Jul 23 00:00:00 CEST 2015,644.280029,671.001728810811
GOOG,Mon Mar 28 00:00:00 CEST 2016,105.190002,667.9597302795701
GOOG,Wed Jul 22 00:00:00 CEST 2015,662.099976,667.9283946951874
GOOG,Thu Mar 24 00:00:00 CET 2016,105.669998,664.9376585425533
GOOG,Tue Jul 21 00:00:00 CEST 2015,662.299988,664.9237026137567
GOOG,Wed Mar 23 00:00:00 CET 2016,106.129997,661.9826831105265
GOOG,Mon Jul 20 00:00:00 CEST 2015,663.02002,661.9881141937174
GOOG,Tue Mar 22 00:00:00 CET 2016,106.720001,659.0960927708335
GOOG,Fri Jul 17 00:00:00 CEST 2015,672.929993,659.1677710103628
GOOG,Mon Mar 21 00:00:00 CET 2016,105.910004,656.3159268505156
GOOG,Thu Jul 16 00:00:00 CEST 2015,579.849976,655.9237937692309
GOOG,Fri Mar 18 00:00:00 CET 2016,105.919998,653.1176519540817
GOOG,Wed Jul 15 00:00:00 CEST 2015,560.219971,652.6460901218275
GOOG,Thu Mar 17 00:00:00 CET 2016,105.800003,649.8842411969698
GOOG,Tue Jul 14 00:00:00 CEST 2015,561.099976,649.4380891105528
GOOG,Wed Mar 16 00:00:00 CET 2016,105.970001,646.72074867
GOOG,Mon Jul 13 00:00:00 CEST 2015,546.549988,646.2223866766169
GOOG,Tue Mar 15 00:00:00 CET 2016,104.580002,643.5409887326733
GOOG,Fri Jul 10 00:00:00 CEST 2015,530.130005,642.9823139359606
GOOG,Mon Mar 14 00:00:00 CET 2016,102.519997,640.3329888529412
GOOG,Thu Jul 09 00:00:00 CEST 2015,520.679993,639.749315702439
GOOG,Fri Mar 11 00:00:00 CET 2016,102.260002,637.1401442766991
GOOG,Wed Jul 08 00:00:00 CEST 2015,516.830017,636.5589359323671
GOOG,Thu Mar 10 00:00:00 CET 2016,101.169998,633.9849506538461
GOOG,Tue Jul 07 00:00:00 CEST 2015,525.02002,633.4635873492822
GOOG,Wed Mar 09 00:00:00 CET 2016,101.120003,630.9286179
GOOG,Mon Jul 06 00:00:00 CEST 2015,522.859985,630.4164442843601
GOOG,Tue Mar 08 00:00:00 CET 2016,101.029999,627.9193384103771
GOOG,Thu Jul 02 00:00:00 CEST 2015,523.400024,627.4286374037557
GOOG,Mon Mar 07 00:00:00 CET 2016,101.870003,624.9727559345793
GOOG,Wed Jul 01 00:00:00 CEST 2015,521.840027,624.4930688232556
GOOG,Fri Mar 04 00:00:00 CET 2016,103.010002,622.0787953657405
GOOG,Tue Jun 30 00:00:00 CEST 2015,520.51001,621.6107364470043
GOOG,Thu Mar 03 00:00:00 CET 2016,101.5,619.2249073807337
GOOG,Mon Jun 29 00:00:00 CEST 2015,521.52002,618.7787663424655
GOOG,Wed Mar 02 00:00:00 CET 2016,100.75,616.4240901318179
GOOG,Fri Jun 26 00:00:00 CEST 2015,531.690002,616.0406779683254
GOOG,Tue Mar 01 00:00:00 CET 2016,100.529999,613.7185577927925
GOOG,Thu Jun 25 00:00:00 CEST 2015,535.22998,613.3665910762328
GOOG,Mon Feb 29 00:00:00 CET 2016,96.690002,611.0599991607139
GOOG,Wed Jun 24 00:00:00 CEST 2015,537.840027,610.7345770622218
GOOG,Fri Feb 26 00:00:00 CET 2016,96.910004,608.4610170044244
GOOG,Tue Jun 23 00:00:00 CEST 2015,540.47998,608.1615410704842
GOOG,Thu Feb 25 00:00:00 CET 2016,96.760002,605.9185518640347
GOOG,Mon Jun 22 00:00:00 CEST 2015,538.190002,605.6227940043664
GOOG,Wed Feb 24 00:00:00 CET 2016,96.099998,603.4074774999996
GOOG,Fri Jun 19 00:00:00 CEST 2015,536.690002,603.1186572597397
GOOG,Tue Feb 23 00:00:00 CET 2016,94.690002,600.9271544353443
GOOG,Thu Jun 18 00:00:00 CEST 2015,536.72998,600.6516300815446
GOOG,Mon Feb 22 00:00:00 CET 2016,96.879997,598.4987598547003
GOOG,Wed Jun 17 00:00:00 CEST 2015,529.26001,598.2041268765952
GOOG,Fri Feb 19 00:00:00 CET 2016,96.040001,596.0763127838977
GOOG,Tue Jun 16 00:00:00 CEST 2015,528.150024,595.7897039704636
GOOG,Thu Feb 18 00:00:00 CET 2016,96.260002,593.69083967647
GOOG,Mon Jun 15 00:00:00 CEST 2015,527.200012,593.4126353765685
GOOG,Wed Feb 17 00:00:00 CET 2016,98.120003,591.3489160749994
GOOG,Fri Jun 12 00:00:00 CEST 2015,532.330017,591.1040243775927
GOOG,Tue Feb 16 00:00:00 CET 2016,96.639999,589.0607846033051
GOOG,Thu Jun 11 00:00:00 CEST 2015,534.609985,588.8367072386825
GOOG,Fri Feb 12 00:00:00 CET 2016,93.989998,586.8086469549173
GOOG,Wed Jun 10 00:00:00 CEST 2015,536.690002,586.6040810571421
GOOG,Thu Feb 11 00:00:00 CET 2016,93.699997,584.6004059186985
GOOG,Tue Jun 09 00:00:00 CEST 2015,526.690002,584.3659508421044
GOOG,Wed Feb 10 00:00:00 CET 2016,94.269997,582.389757479838
GOOG,Mon Jun 08 00:00:00 CEST 2015,526.830017,582.1666259919671
GOOG,Tue Feb 09 00:00:00 CET 2016,94.989998,580.2179194799992
GOOG,Fri Jun 05 00:00:00 CEST 2015,533.330017,580.0311150876487
GOOG,Mon Feb 08 00:00:00 CET 2016,95.010002,578.1064281309516
GOOG,Thu Jun 04 00:00:00 CEST 2015,536.700012,577.9427664071138
GOOG,Fri Feb 05 00:00:00 CET 2016,94.019997,576.0375586535424
GOOG,Wed Jun 03 00:00:00 CEST 2015,540.309998,575.8974505725482
GOOG,Thu Feb 04 00:00:00 CET 2016,96.599998,574.0251948984367
GOOG,Tue Jun 02 00:00:00 CEST 2015,539.179993,573.8896104552521
GOOG,Wed Feb 03 00:00:00 CET 2016,96.349998,572.0386817248053
GOOG,Mon Jun 01 00:00:00 CEST 2015,533.98999,571.8917755791497
GOOG,Tue Feb 02 00:00:00 CET 2016,94.480003,570.0555764538453
GOOG,Fri May 29 00:00:00 CEST 2015,532.109985,569.9101910459761
GOOG,Mon Feb 01 00:00:00 CET 2016,96.43,568.1030147442739
GOOG,Thu May 28 00:00:00 CEST 2015,539.780029,567.995322783269
GOOG,Fri Jan 29 00:00:00 CET 2016,97.339996,566.2125374545445
GOOG,Wed May 27 00:00:00 CEST 2015,539.789978,566.1128296830178
GOOG,Thu Jan 28 00:00:00 CET 2016,94.089996,564.3383077518787
GOOG,Tue May 26 00:00:00 CEST 2015,532.320007,564.2183890224709
GOOG,Wed Jan 27 00:00:00 CET 2016,93.419998,562.4616786082079
GOOG,Fri May 22 00:00:00 CEST 2015,540.109985,562.3785868104079
GOOG,Tue Jan 26 00:00:00 CET 2016,99.989998,560.6660364814804
GOOG,Thu May 21 00:00:00 CEST 2015,542.51001,560.5990400737996
GOOG,Mon Jan 25 00:00:00 CET 2016,99.440002,558.9036024338225
GOOG,Wed May 20 00:00:00 CEST 2015,539.27002,558.8316845494495
GOOG,Fri Jan 22 00:00:00 CET 2016,101.419998,557.1622988321157
GOOG,Tue May 19 00:00:00 CEST 2015,537.359985,557.0902904181806
GOOG,Thu Jan 21 00:00:00 CET 2016,96.300003,555.4207603913032
GOOG,Mon May 18 00:00:00 CEST 2015,532.299988,555.337291898916
GOOG,Wed Jan 20 00:00:00 CET 2016,96.790001,553.6878412122292
GOOG,Fri May 15 00:00:00 CEST 2015,533.849976,553.6167377526871
GOOG,Tue Jan 19 00:00:00 CET 2016,96.660004,551.984749417856
GOOG,Thu May 14 00:00:00 CEST 2015,538.400024,551.9364051992872
GOOG,Fri Jan 15 00:00:00 CET 2016,97.129997,550.3236165177295
GOOG,Wed May 13 00:00:00 CEST 2015,529.619995,550.2504588445219
GOOG,Thu Jan 14 00:00:00 CET 2016,99.519997,548.6633797535201
GOOG,Tue May 12 00:00:00 CEST 2015,529.039978,548.5945257122796
GOOG,Wed Jan 13 00:00:00 CET 2016,97.389999,547.0168875069919
GOOG,Mon May 11 00:00:00 CEST 2015,535.700012,546.9774558850163
GOOG,Tue Jan 12 00:00:00 CET 2016,99.959999,545.4253119374989
GOOG,Fri May 08 00:00:00 CEST 2015,538.219971,545.4003799619367
GOOG,Mon Jan 11 00:00:00 CET 2016,98.529999,543.8594476137921
GOOG,Wed Apr 06 00:00:00 CEST 2016,602.080017,544.059518298968
GOOG,Thu May 07 00:00:00 CEST 2015,530.700012,544.0137665650674
GOOG,Fri Jan 08 00:00:00 CET 2016,96.959999,542.4879857883949
GOOG,Tue Apr 05 00:00:00 CEST 2016,586.140015,542.6364620782302
GOOG,Wed May 06 00:00:00 CEST 2015,524.219971,542.5740332949143
GOOG,Thu Jan 07 00:00:00 CET 2016,96.449997,541.0668574966206
GOOG,Mon Apr 04 00:00:00 CEST 2016,593.190002,541.2423562996622
GOOG,Tue May 05 00:00:00 CEST 2015,530.799988,541.207314795301
GOOG,Wed Jan 06 00:00:00 CET 2016,100.699997,539.734046173912
GOOG,Fri Apr 01 00:00:00 CEST 2016,598.5,539.9299326866657
GOOG,Mon May 04 00:00:00 CEST 2015,540.780029,539.9327569269093
GOOG,Tue Jan 05 00:00:00 CET 2016,102.709999,538.4849994503302
GOOG,Thu Mar 31 00:00:00 CEST 2016,593.640015,538.6670292046196
GOOG,Fri May 01 00:00:00 CEST 2015,537.900024,538.6645061611832
GOOG,Mon Jan 04 00:00:00 CET 2016,105.349998,537.2438028557367
GOOG,Wed Mar 30 00:00:00 CEST 2016,598.690002,537.4446074281036
GOOG,Thu Apr 30 00:00:00 CEST 2015,537.340027,537.4442667752432
GOOG,Thu Dec 31 00:00:00 CET 2015,105.260002,536.0410711103885
GOOG,Tue Mar 29 00:00:00 CEST 2016,593.859985,536.2281873365686
GOOG,Wed Apr 29 00:00:00 CEST 2015,549.080017,536.2696448516118
GOOG,Wed Dec 30 00:00:00 CET 2015,107.32,534.8903855434073
GOOG,Mon Mar 28 00:00:00 CEST 2016,579.869995,535.0345509583323
GOOG,Tue Apr 28 00:00:00 CEST 2015,553.679993,535.0941210607018
GOOG,Tue Dec 29 00:00:00 CET 2015,108.739998,533.7363053821646
GOOG,Thu Mar 24 00:00:00 CET 2016,582.950012,533.8925393714275
GOOG,Mon Apr 27 00:00:00 CEST 2015,555.369995,533.9605060031635
GOOG,Mon Dec 28 00:00:00 CET 2015,106.82,532.6130596119863
GOOG,Wed Mar 23 00:00:00 CET 2016,569.630005,532.7294651006279
GOOG,Fri Apr 24 00:00:00 CEST 2015,565.062561,532.8308227680241
GOOG,Thu Dec 24 00:00:00 CET 2015,108.029999,531.5033201937489
GOOG,Tue Mar 22 00:00:00 CET 2016,560.47998,531.5935901619927
GOOG,Thu Apr 23 00:00:00 CEST 2015,547.002472,531.641443832297
GOOG,Wed Dec 23 00:00:00 CET 2015,108.610001,530.3317489628472
GOOG,Mon Mar 21 00:00:00 CET 2016,553.97998,530.4047373302458
GOOG,Wed Apr 22 00:00:00 CEST 2015,539.367458,530.4323149323066
GOOG,Tue Dec 22 00:00:00 CET 2015,107.230003,529.1341483312873
GOOG,Fri Mar 18 00:00:00 CET 2016,552.080017,529.2043191834852
GOOG,Tue Apr 21 00:00:00 CEST 2015,533.972413,529.218856054877
GOOG,Mon Dec 21 00:00:00 CET 2015,107.330002,527.9365191124609
GOOG,Thu Mar 17 00:00:00 CET 2016,559.440002,528.0319842121202
GOOG,Mon Apr 20 00:00:00 CEST 2015,535.382408,528.0541909305125
GOOG,Fri Dec 18 00:00:00 CET 2015,106.029999,526.7830337259026
GOOG,Wed Mar 16 00:00:00 CET 2016,574.27002,526.9256372882872
GOOG,Fri Apr 17 00:00:00 CEST 2015,524.052386,526.9170347395199
GOOG,Thu Dec 17 00:00:00 CET 2015,108.980003,525.6694615104467
GOOG,Tue Mar 15 00:00:00 CET 2016,577.02002,525.8222905535704
GOOG,Thu Apr 16 00:00:00 CEST 2015,533.802391,525.8459703768535
GOOG,Wed Dec 16 00:00:00 CET 2015,111.339996,524.6196213402357
GOOG,Mon Mar 14 00:00:00 CET 2016,573.369995,524.7634277522112
GOOG,Wed Apr 15 00:00:00 CEST 2015,532.532429,524.7862777558813
GOOG,Tue Dec 15 00:00:00 CET 2015,110.489998,523.5713326539579
GOOG,Fri Mar 11 00:00:00 CET 2016,569.609985,523.7059485964901
GOOG,Tue Apr 14 00:00:00 CEST 2015,530.392405,523.7254426384828
GOOG,Mon Dec 14 00:00:00 CET 2015,112.480003,522.5299617093012
GOOG,Thu Mar 10 00:00:00 CET 2016,558.929993,522.6354690463758
GOOG,Mon Apr 13 00:00:00 CEST 2015,539.172466,522.683263835259
GOOG,Fri Dec 11 00:00:00 CET 2015,113.18,521.5031391556184
GOOG,Wed Mar 09 00:00:00 CET 2016,559.469971,521.6122392471253
GOOG,Fri Apr 10 00:00:00 CEST 2015,540.012416,521.6649618166178
GOOG,Thu Dec 10 00:00:00 CET 2015,116.169998,520.5064047771418
GOOG,Tue Mar 08 00:00:00 CET 2016,560.26001,520.6196629116798
GOOG,Thu Apr 09 00:00:00 CEST 2015,540.782472,520.6769436193171
GOOG,Wed Dec 09 00:00:00 CET 2015,115.620003,519.5294735325767
GOOG,Mon Mar 07 00:00:00 CET 2016,562.799988,519.6517066242927
GOOG,Wed Apr 08 00:00:00 CEST 2015,541.612446,519.7135678619708
GOOG,Tue Dec 08 00:00:00 CET 2015,118.230003,518.5858050393248
GOOG,Fri Mar 04 00:00:00 CET 2016,575.140015,518.7442201932763
GOOG,Tue Apr 07 00:00:00 CEST 2015,537.022404,518.7952765726246
GOOG,Mon Dec 07 00:00:00 CET 2015,118.279999,517.6796351309182
GOOG,Thu Mar 03 00:00:00 CET 2016,577.48999,517.8457750055545
GOOG,Fri Dec 04 00:00:00 CET 2015,119.029999,516.7410221634339
GOOG,Wed Mar 02 00:00:00 CET 2016,580.210022,516.9163508922642
GOOG,Thu Dec 03 00:00:00 CET 2015,115.199997,515.8096942699714
GOOG,Tue Mar 01 00:00:00 CET 2016,579.039978,515.9834038406583
GOOG,Wed Dec 02 00:00:00 CET 2015,116.279999,514.888326019177
GOOG,Mon Feb 29 00:00:00 CET 2016,552.52002,514.9911448551901
GOOG,Tue Dec 01 00:00:00 CET 2015,117.339996,513.9076267384185
GOOG,Fri Feb 26 00:00:00 CET 2016,555.22998,514.0199157418467
GOOG,Mon Nov 30 00:00:00 CET 2015,118.300003,512.9475040541995
GOOG,Thu Feb 25 00:00:00 CET 2016,555.150024,513.0615649189178
GOOG,Fri Nov 27 00:00:00 CET 2015,117.809998,511.99619681401515
GOOG,Wed Feb 24 00:00:00 CET 2016,554.039978,512.1092177311817
GOOG,Wed Nov 25 00:00:00 CET 2015,118.029999,511.05270508042787
GOOG,Tue Feb 23 00:00:00 CET 2016,552.940002,511.16470320053367
GOOG,Tue Nov 24 00:00:00 CET 2015,118.879997,510.1186106506656
GOOG,Mon Feb 22 00:00:00 CET 2016,559.5,510.24994413297765
GOOG,Mon Nov 23 00:00:00 CET 2015,117.75,509.2088302228106
GOOG,Fri Feb 19 00:00:00 CET 2016,534.900024,509.27679634391427
GOOG,Fri Nov 20 00:00:00 CET 2015,119.300003,508.247833828495
GOOG,Thu Feb 18 00:00:00 CET 2016,525.0,508.2919184763148
GOOG,Thu Nov 19 00:00:00 CET 2015,118.779999,507.2695774803139
GOOG,Wed Feb 17 00:00:00 CET 2016,534.099976,507.3398141256534
GOOG,Wed Nov 18 00:00:00 CET 2015,117.290001,506.32140730287097
GOOG,Tue Feb 16 00:00:00 CET 2016,521.099976,506.3598931588531
GOOG,Tue Nov 17 00:00:00 CET 2015,113.690002,505.33997136363524
GOOG,Fri Feb 12 00:00:00 CET 2016,507.079987,505.3444791761647
GOOG,Mon Nov 16 00:00:00 CET 2015,114.18,504.3337182480609
GOOG,Thu Feb 11 00:00:00 CET 2016,503.820007,504.3323942499989
GOOG,Fri Nov 13 00:00:00 CET 2015,112.339996,503.32470170951046
GOOG,Wed Feb 10 00:00:00 CET 2016,490.480011,503.2917666051271
GOOG,Thu Nov 12 00:00:00 CET 2015,115.720001,502.30053446802964
GOOG,Tue Feb 09 00:00:00 CET 2016,482.070007,502.24892597959075
GOOG,Wed Nov 11 00:00:00 CET 2015,116.110001,501.2663841857496
GOOG,Mon Feb 08 00:00:00 CET 2016,488.100006,501.2329669822324
GOOG,Tue Nov 10 00:00:00 CET 2015,116.769997,500.25964300759387
GOOG,Fri Feb 05 00:00:00 CET 2016,502.130005,500.26436614393833
GOOG,Mon Nov 09 00:00:00 CET 2015,120.57,499.30795716120804
GOOG,Thu Feb 04 00:00:00 CET 2016,536.26001,499.40080151507436
GOOG,Fri Nov 06 00:00:00 CET 2015,121.059998,498.45257894987367
GOOG,Wed Feb 03 00:00:00 CET 2016,531.070007,498.534122519999
GOOG,Thu Nov 05 00:00:00 CET 2015,120.919998,497.5924414114703
GOOG,Tue Feb 02 00:00:00 CET 2016,552.099976,497.7280322935313
GOOG,Wed Nov 04 00:00:00 CET 2015,122.0,496.79570466997416
GOOG,Mon Feb 01 00:00:00 CET 2016,574.809998,496.9888093564347
GOOG,Tue Nov 03 00:00:00 CET 2015,122.57,496.06431846913483
GOOG,Fri Jan 29 00:00:00 CET 2016,587.0,496.2882979802946
GOOG,Mon Nov 02 00:00:00 CET 2015,121.18,495.366655970515
GOOG,Thu Jan 28 00:00:00 CET 2016,635.349976,495.7097523431363
GOOG,Fri Oct 30 00:00:00 CET 2015,119.5,494.7899240977985
GOOG,Wed Jan 27 00:00:00 CET 2016,583.349976,495.0059242243893
GOOG,Thu Oct 29 00:00:00 CET 2015,120.529999,494.09479058637373
GOOG,Tue Jan 26 00:00:00 CET 2016,601.25,494.3548760461155
GOOG,Wed Oct 28 00:00:00 CET 2015,119.269997,493.44668021307405
GOOG,Mon Jan 25 00:00:00 CET 2016,596.530029,493.6956738091777
GOOG,Tue Oct 27 00:00:00 CET 2015,114.550003,492.78206978313153
GOOG,Fri Jan 22 00:00:00 CET 2016,596.380005,493.03110328124905
GOOG,Mon Oct 26 00:00:00 CET 2015,115.279999,492.12522533333237
GOOG,Thu Jan 21 00:00:00 CET 2016,575.02002,492.32353823923347
GOOG,Fri Oct 23 00:00:00 CEST 2015,119.080002,491.43274221002287
GOOG,Wed Jan 20 00:00:00 CET 2016,571.77002,491.62402144285613
GOOG,Thu Oct 22 00:00:00 CEST 2015,115.5,490.730615216151
GOOG,Tue Jan 19 00:00:00 CET 2016,574.47998,490.92907342653933
GOOG,Fri Jan 15 00:00:00 CET 2016,570.179993,491.1164278463347
GOOG,Wed Oct 21 00:00:00 CEST 2015,113.760002,490.22643627594243
GOOG,Thu Jan 14 00:00:00 CET 2016,593.0,490.46825642588135
GOOG,Tue Oct 20 00:00:00 CEST 2015,113.769997,489.5839882112666
GOOG,Wed Jan 13 00:00:00 CET 2016,581.809998,489.79997418266885
GOOG,Mon Oct 19 00:00:00 CEST 2015,111.730003,488.91663312850375
GOOG,Tue Jan 12 00:00:00 CET 2016,617.890015,489.21727038228346
GOOG,Fri Oct 16 00:00:00 CEST 2015,111.040001,488.3377883604642
GOOG,Mon Jan 11 00:00:00 CET 2016,617.73999,488.63802548723805
GOOG,Thu Oct 15 00:00:00 CEST 2015,111.860001,487.7658541342583
GOOG,Fri Jan 08 00:00:00 CET 2016,607.049988,488.04133712240093
GOOG,Wed Oct 14 00:00:00 CEST 2015,110.209999,487.1707580023033
GOOG,Thu Jan 07 00:00:00 CET 2016,607.940002,487.44838844827495
GOOG,Tue Oct 13 00:00:00 CEST 2015,111.790001,486.5867866422009
GOOG,Wed Jan 06 00:00:00 CET 2016,632.650024,486.9210274599533
GOOG,Mon Oct 12 00:00:00 CEST 2015,111.599998,486.06413013241917
GOOG,Tue Jan 05 00:00:00 CET 2016,633.789978,486.4006354806368
GOOG,Fri Oct 09 00:00:00 CEST 2015,112.120003,485.54999767954445
GOOG,Mon Jan 04 00:00:00 CET 2016,636.98999,485.89339902267477
GOOG,Thu Oct 08 00:00:00 CEST 2015,109.5,485.04183024660534
GOOG,Thu Dec 31 00:00:00 CET 2015,675.890015,485.47263879006675
GOOG,Wed Oct 07 00:00:00 CEST 2015,110.779999,484.62873644819723
GOOG,Wed Dec 30 00:00:00 CET 2015,689.070007,485.08815503370687
GOOG,Tue Oct 06 00:00:00 CEST 2015,111.309998,484.2500874170394
GOOG,Tue Dec 29 00:00:00 CET 2015,693.969971,484.71925941610647
GOOG,Mon Oct 05 00:00:00 CEST 2015,110.779999,483.88457356696335
GOOG,Mon Dec 28 00:00:00 CET 2015,675.200012,484.31066585746004
GOOG,Fri Oct 02 00:00:00 CEST 2015,110.379997,483.4797088155546
GOOG,Thu Dec 24 00:00:00 CET 2015,662.789978,483.87729256097464
GOOG,Thu Oct 01 00:00:00 CEST 2015,109.580002,483.049201210176
GOOG,Wed Dec 23 00:00:00 CET 2015,663.700012,483.4479888719637
GOOG,Wed Sep 30 00:00:00 CEST 2015,110.300003,482.6260770088096
GOOG,Tue Dec 22 00:00:00 CET 2015,663.150024,483.0228329362628
GOOG,Tue Sep 29 00:00:00 CEST 2015,109.059998,482.2027389999991
GOOG,Mon Dec 21 00:00:00 CET 2015,664.51001,482.6016608183798
GOOG,Mon Sep 28 00:00:00 CEST 2015,112.440002,481.7934475895187
GOOG,Fri Dec 18 00:00:00 CET 2015,664.140015,482.19071679956335
GOOG,Fri Sep 25 00:00:00 CEST 2015,114.709999,481.39184567391214
GOOG,Thu Dec 17 00:00:00 CET 2015,670.650024,481.80238402169107
GOOG,Thu Sep 24 00:00:00 CEST 2015,115.0,481.0084394675316
GOOG,Wed Dec 16 00:00:00 CET 2015,675.77002,481.42909082937274
GOOG,Wed Sep 23 00:00:00 CEST 2015,114.32,480.63790744396465
GOOG,Tue Dec 15 00:00:00 CET 2015,658.640015,481.020707675268
GOOG,Tue Sep 22 00:00:00 CEST 2015,113.400002,480.2318220407717
GOOG,Mon Dec 14 00:00:00 CET 2015,657.909973,480.6122891734467
GOOG,Mon Sep 21 00:00:00 CEST 2015,115.209999,479.8315150491445
GOOG,Fri Dec 11 00:00:00 CET 2015,640.150024,480.1733455586346
GOOG,Fri Sep 18 00:00:00 CEST 2015,113.449997,479.3930831148928
GOOG,Thu Dec 10 00:00:00 CET 2015,662.320007,479.7814629957529
GOOG,Thu Sep 17 00:00:00 CEST 2015,113.919998,479.0063327733043
GOOG,Wed Dec 09 00:00:00 CET 2015,664.789978,479.39911003594
GOOG,Wed Sep 16 00:00:00 CEST 2015,116.410004,478.6333102341764
GOOG,Tue Dec 08 00:00:00 CET 2015,677.330017,479.0516190905255
GOOG,Tue Sep 15 00:00:00 CEST 2015,116.279999,478.2894938382345
GOOG,Mon Dec 07 00:00:00 CET 2015,669.830017,478.6910462976931
GOOG,Mon Sep 14 00:00:00 CEST 2015,115.309998,477.9308348995808
GOOG,Fri Dec 04 00:00:00 CET 2015,672.640015,478.33732588100133
GOOG,Fri Sep 11 00:00:00 CEST 2015,114.209999,477.57872728333257
GOOG,Thu Dec 03 00:00:00 CET 2015,666.25,477.9709752515585
GOOG,Thu Sep 10 00:00:00 CEST 2015,112.57,477.212881941908
GOOG,Wed Dec 02 00:00:00 CET 2015,676.01001,477.624470198757
GOOG,Wed Sep 09 00:00:00 CEST 2015,110.150002,476.8652254297514
GOOG,Wed Apr 06 00:00:00 CEST 2016,113.709999,476.1164517670096
GOOG,Tue Dec 01 00:00:00 CET 2015,679.059998,476.5340310802463
GOOG,Tue Sep 08 00:00:00 CEST 2015,112.309998,475.7861377885004
GOOG,Tue Apr 05 00:00:00 CEST 2016,112.220001,475.0411252131141
GOOG,Mon Nov 30 00:00:00 CET 2015,664.799988,475.4291801472387
GOOG,Fri Sep 04 00:00:00 CEST 2015,109.269997,474.68191650816266
GOOG,Mon Apr 04 00:00:00 CEST 2016,112.550003,473.94437696944954
GOOG,Fri Nov 27 00:00:00 CET 2015,673.26001,474.34949004471486
GOOG,Thu Sep 03 00:00:00 CEST 2015,110.370003,473.6111949391475
GOOG,Fri Apr 01 00:00:00 CEST 2016,116.059998,472.88740709109254
GOOG,Wed Nov 25 00:00:00 CET 2015,675.340027,473.2964022828277
GOOG,Wed Sep 02 00:00:00 CEST 2015,112.339996,472.56866759274135
GOOG,Thu Mar 31 00:00:00 CEST 2016,114.099998,471.8474026639833
GOOG,Tue Nov 24 00:00:00 CET 2015,671.150024,472.2476087309231
GOOG,Tue Sep 01 00:00:00 CEST 2015,107.720001,471.5170924829654
GOOG,Wed Mar 30 00:00:00 CEST 2016,114.699997,470.8034582919994
GOOG,Mon Nov 23 00:00:00 CET 2015,678.98999,471.2190002714565
GOOG,Mon Aug 31 00:00:00 CEST 2015,112.760002,470.50493852191175
GOOG,Tue Mar 29 00:00:00 CEST 2016,116.139999,469.80043566003917
GOOG,Fri Nov 20 00:00:00 CET 2015,668.450012,470.1945816448407
GOOG,Fri Aug 28 00:00:00 CEST 2015,113.290001,469.48783990098946
GOOG,Mon Mar 28 00:00:00 CEST 2016,113.690002,468.7846821185764
GOOG,Thu Nov 19 00:00:00 CET 2015,661.27002,469.16433761735635
GOOG,Thu Aug 27 00:00:00 CEST 2015,112.919998,468.4630692322828
GOOG,Thu Mar 24 00:00:00 CET 2016,113.050003,467.76481173477345
GOOG,Wed Nov 18 00:00:00 CET 2015,663.539978,468.14868460980324
GOOG,Wed Aug 26 00:00:00 CEST 2015,109.690002,467.4471999080228
GOOG,Wed Mar 23 00:00:00 CET 2016,112.540001,466.75402178515554
GOOG,Tue Nov 17 00:00:00 CET 2015,643.299988,467.09816596881024
GOOG,Tue Aug 25 00:00:00 CEST 2015,103.739998,466.39124346303436
GOOG,Tue Mar 22 00:00:00 CET 2016,112.25,465.7035905631061
GOOG,Mon Nov 16 00:00:00 CET 2015,647.809998,466.0565099573637
GOOG,Mon Aug 24 00:00:00 CEST 2015,103.120003,465.3545051083166
GOOG,Mon Mar 21 00:00:00 CET 2016,111.849998,464.6720639749028
GOOG,Fri Nov 13 00:00:00 CET 2015,642.349976,465.0144106262035
GOOG,Fri Aug 21 00:00:00 CEST 2015,105.760002,464.3235367634608
GOOG,Fri Mar 18 00:00:00 CET 2016,111.449997,463.64623630326224
GOOG,Thu Nov 12 00:00:00 CET 2015,665.599976,464.03312086206824
GOOG,Thu Aug 20 00:00:00 CEST 2015,112.650002,463.36126021414844
GOOG,Thu Mar 17 00:00:00 CET 2016,111.019997,462.68885322328174
GOOG,Wed Nov 11 00:00:00 CET 2015,673.25,463.089922074285
GOOG,Wed Aug 19 00:00:00 CEST 2015,115.010002,462.4281731768054
GOOG,Wed Mar 16 00:00:00 CET 2016,112.18,461.7635656375704
GOOG,Tue Nov 10 00:00:00 CET 2015,659.679993,462.1384073560599
GOOG,Tue Aug 18 00:00:00 CEST 2015,116.5,461.4850266238178
GOOG,Tue Mar 15 00:00:00 CET 2016,110.669998,460.82311147547097
GOOG,Mon Nov 09 00:00:00 CET 2015,655.48999,461.1897157664776
GOOG,Mon Aug 17 00:00:00 CEST 2015,117.160004,460.54304337593913
GOOG,Mon Mar 14 00:00:00 CET 2016,109.889999,459.8851577392113
GOOG,Wed Apr 06 00:00:00 CEST 2016,55.119999,459.12717055056106
GOOG,Fri Nov 06 00:00:00 CET 2015,659.369995,459.5014562037376
GOOG,Fri Aug 14 00:00:00 CEST 2015,115.959999,458.86052064925303
GOOG,Fri Mar 11 00:00:00 CET 2016,109.410004,458.20977480819295
GOOG,Tue Apr 05 00:00:00 CEST 2016,54.560001,457.45949641821494
GOOG,Thu Nov 05 00:00:00 CET 2015,655.650024,457.82719684044457
GOOG,Thu Aug 13 00:00:00 CEST 2015,115.150002,457.1926094425919
GOOG,Thu Mar 10 00:00:00 CET 2016,107.32,456.54589482255017
GOOG,Mon Apr 04 00:00:00 CEST 2016,55.43,455.8058285959403
GOOG,Wed Nov 04 00:00:00 CET 2015,640.950012,456.1467939429091
GOOG,Wed Aug 12 00:00:00 CEST 2015,115.239998,455.52012703860225
GOOG,Wed Mar 09 00:00:00 CET 2016,107.510002,454.88157635045803
GOOG,Fri Apr 01 00:00:00 CEST 2016,55.57,454.1502364670323
GOOG,Tue Nov 03 00:00:00 CET 2015,625.309998,454.46314279524614
GOOG,Tue Aug 11 00:00:00 CEST 2015,113.489998,453.8409290273716
GOOG,Tue Mar 08 00:00:00 CET 2016,105.93,453.20721148815966
GOOG,Thu Mar 31 00:00:00 CEST 2016,55.23,452.4836165581812
GOOG,Mon Nov 02 00:00:00 CET 2015,628.349976,452.80279325408287
GOOG,Mon Aug 10 00:00:00 CEST 2015,119.720001,452.1993823985501
GOOG,Mon Mar 07 00:00:00 CET 2016,105.730003,451.57285549186196
GOOG,Wed Mar 30 00:00:00 CEST 2016,55.049999,450.8571102635373
GOOG,Fri Oct 30 00:00:00 CET 2015,625.900024,451.1725029009003
GOOG,Fri Aug 07 00:00:00 CEST 2015,115.519997,450.5688113435246
GOOG,Fri Mar 04 00:00:00 CET 2016,108.389999,449.9544867253136
GOOG,Tue Mar 29 00:00:00 CEST 2016,54.709999,449.24616327060875
GOOG,Thu Oct 29 00:00:00 CET 2015,626.549988,449.563343636851
GOOG,Thu Aug 06 00:00:00 CEST 2015,115.129997,448.9661412321423
GOOG,Thu Mar 03 00:00:00 CET 2016,109.580002,448.36117485204943
GOOG,Mon Mar 28 00:00:00 CEST 2016,53.540001,447.6586460729532
GOOG,Wed Oct 28 00:00:00 CET 2015,617.099976,447.9596075825927
GOOG,Wed Aug 05 00:00:00 CEST 2015,115.400002,447.36996289184344
GOOG,Wed Mar 02 00:00:00 CET 2016,109.949997,446.77275941238884
GOOG,Thu Mar 24 00:00:00 CET 2016,54.209999,446.07918563074156
GOOG,Tue Oct 27 00:00:00 CET 2015,611.01001,446.37006891887074
GOOG,Tue Aug 04 00:00:00 CEST 2015,114.639999,445.7860371056333
GOOG,Tue Mar 01 00:00:00 CET 2016,109.82,445.1955871282948
GOOG,Wed Mar 23 00:00:00 CET 2016,53.970001,444.5092264508767
GOOG,Mon Oct 26 00:00:00 CET 2015,608.609985,444.7966183222412
GOOG,Mon Aug 03 00:00:00 CEST 2015,118.440002,444.2260647972023
GOOG,Mon Feb 29 00:00:00 CET 2016,106.919998,443.6373980139611
GOOG,Tue Mar 22 00:00:00 CET 2016,54.07,442.95870916724687
GOOG,Fri Oct 23 00:00:00 CEST 2015,599.030029,443.2301375495647
GOOG,Fri Jul 31 00:00:00 CEST 2015,121.300003,442.6712310659717
GOOG,Fri Feb 26 00:00:00 CET 2016,107.919998,442.09107294973956
GOOG,Mon Mar 21 00:00:00 CET 2016,53.860001,441.41939289446316
GOOG,Thu Oct 22 00:00:00 CEST 2015,563.909973,441.6309483005176
GOOG,Thu Jul 30 00:00:00 CEST 2015,122.370003,441.08049839482703
GOOG,Thu Feb 25 00:00:00 CET 2016,108.07,440.50733058347623
GOOG,Fri Mar 18 00:00:00 CET 2016,53.490002,439.8423523556696
GOOG,Wed Oct 21 00:00:00 CEST 2015,555.77002,440.04119912692914
GOOG,Wed Jul 29 00:00:00 CEST 2015,122.989998,439.49830323458855
GOOG,Wed Feb 24 00:00:00 CET 2016,106.879997,438.92972493333286
GOOG,Thu Mar 17 00:00:00 CET 2016,54.66,438.2739745494876
GOOG,Tue Oct 20 00:00:00 CEST 2015,560.880005,438.4828434258939
GOOG,Tue Jul 28 00:00:00 CEST 2015,123.379997,437.94695423129207
GOOG,Tue Feb 23 00:00:00 CET 2016,105.459999,437.38246024957516
GOOG,Wed Mar 16 00:00:00 CET 2016,54.349998,436.73325268644027
GOOG,Mon Oct 19 00:00:00 CEST 2015,573.150024,436.96407632656474
GOOG,Mon Jul 27 00:00:00 CEST 2015,122.769997,436.433343084459
GOOG,Wed Apr 06 00:00:00 CEST 2016,17.26,435.72647404047177
GOOG,Mon Feb 22 00:00:00 CET 2016,107.160004,435.1733318350164
GOOG,Tue Mar 15 00:00:00 CET 2016,53.59,434.53201531092395
GOOG,Fri Oct 16 00:00:00 CEST 2015,570.76001,434.7605857718117
GOOG,Fri Jul 24 00:00:00 CEST 2015,124.5,434.240886298157
GOOG,Tue Apr 05 00:00:00 CEST 2016,17.049999,433.54324267391263
GOOG,Fri Feb 19 00:00:00 CET 2016,104.57,432.99403859599295
GOOG,Mon Mar 14 00:00:00 CET 2016,53.169998,432.36099852833297
GOOG,Thu Oct 15 00:00:00 CEST 2015,562.440002,432.57743613810277
GOOG,Thu Jul 23 00:00:00 CEST 2015,125.160004,432.06677595182686
GOOG,Mon Apr 04 00:00:00 CEST 2016,17.09,431.3785889270311
GOOG,Thu Feb 18 00:00:00 CET 2016,103.470001,430.8356939139069
GOOG,Fri Mar 11 00:00:00 CET 2016,53.07,430.2112878082641
GOOG,Wed Oct 14 00:00:00 CEST 2015,544.830017,430.4004276254122
GOOG,Wed Jul 22 00:00:00 CEST 2015,125.220001,429.89765921252024
GOOG,Fri Apr 01 00:00:00 CEST 2016,15.98,429.2168735888155
GOOG,Wed Feb 17 00:00:00 CET 2016,105.199997,428.68482617241347
GOOG,Thu Mar 10 00:00:00 CET 2016,52.049999,428.06739202950786
GOOG,Tue Oct 13 00:00:00 CEST 2015,548.900024,428.26515411129265
GOOG,Tue Jul 21 00:00:00 CEST 2015,130.75,427.7790182385618
GOOG,Thu Mar 31 00:00:00 CEST 2016,16.549999,427.1081715513863
GOOG,Tue Feb 16 00:00:00 CET 2016,101.610001,426.5780442377847
GOOG,Wed Mar 09 00:00:00 CET 2016,52.84,425.9703401008127
GOOG,Mon Oct 12 00:00:00 CEST 2015,550.190002,426.1719953961036
GOOG,Mon Jul 20 00:00:00 CEST 2015,132.070007,425.69533090923795
GOOG,Wed Mar 30 00:00:00 CEST 2016,16.360001,425.0329760064722
GOOG,Fri Feb 12 00:00:00 CET 2016,102.010002,424.5111295218091
GOOG,Tue Mar 08 00:00:00 CET 2016,51.650002,423.9097406064513
GOOG,Fri Oct 09 00:00:00 CEST 2015,539.799988,424.0963593623186
GOOG,Fri Jul 17 00:00:00 CEST 2015,129.619995,423.6229246929258
GOOG,Tue Mar 29 00:00:00 CEST 2016,15.97,422.96858613001575
GOOG,Thu Feb 11 00:00:00 CET 2016,101.910004,422.4540691714741
GOOG,Mon Mar 07 00:00:00 CET 2016,51.029999,421.85979065919975
GOOG,Thu Oct 08 00:00:00 CEST 2015,533.159973,422.03758647763556
GOOG,Thu Jul 16 00:00:00 CEST 2015,128.509995,421.56944039872377
GOOG,Mon Mar 28 00:00:00 CEST 2016,15.6,420.9229922452226
GOOG,Wed Feb 10 00:00:00 CET 2016,101.0,420.41437063592974
GOOG,Fri Mar 04 00:00:00 CET 2016,52.029999,419.8296335380949
GOOG,Wed Oct 07 00:00:00 CEST 2015,541.940002,420.0231523470679
GOOG,Wed Jul 15 00:00:00 CEST 2015,126.82,419.55922330854406
GOOG,Thu Mar 24 00:00:00 CET 2016,15.91,418.92154681042626
GOOG,Tue Feb 09 00:00:00 CET 2016,99.540001,418.41779042902175
GOOG,Thu Mar 03 00:00:00 CET 2016,52.349998,417.84130571653515
GOOG,Tue Oct 06 00:00:00 CEST 2015,537.47998,418.02941683962234
GOOG,Tue Jul 14 00:00:00 CEST 2015,125.610001,417.5703596718992
GOOG,Wed Mar 23 00:00:00 CET 2016,16.01,416.94095471943547
GOOG,Mon Feb 08 00:00:00 CET 2016,99.75,416.44456824882604
GOOG,Wed Mar 02 00:00:00 CET 2016,52.950001,415.87660798749977
GOOG,Mon Oct 05 00:00:00 CEST 2015,543.679993,416.07598924336946
GOOG,Mon Jul 13 00:00:00 CEST 2015,125.660004,415.6236278956384
GOOG,Tue Mar 22 00:00:00 CET 2016,16.860001,415.00346673405886
GOOG,Fri Feb 05 00:00:00 CET 2016,104.07,414.5206507919252
GOOG,Tue Mar 01 00:00:00 CET 2016,52.580002,413.9595024992245
GOOG,Fri Oct 02 00:00:00 CEST 2015,532.539978,414.14306360681087
GOOG,Fri Jul 10 00:00:00 CEST 2015,123.279999,413.69350709273544
GOOG,Mon Mar 21 00:00:00 CET 2016,16.889999,413.08115599999974
GOOG,Thu Feb 04 00:00:00 CET 2016,110.489998,412.6149138459165
GOOG,Mon Feb 29 00:00:00 CET 2016,50.880001,412.05839859538435
GOOG,Thu Oct 01 00:00:00 CEST 2015,520.719971,412.2253134531487
GOOG,Thu Jul 09 00:00:00 CEST 2015,120.07,411.7772224815948
GOOG,Fri Mar 18 00:00:00 CET 2016,16.85,411.1724334732003
GOOG,Wed Feb 03 00:00:00 CET 2016,112.690002,410.71603831804254
GOOG,Fri Feb 26 00:00:00 CET 2016,51.299999,410.1673115404577
GOOG,Wed Sep 30 00:00:00 CEST 2015,511.890015,410.3223766371948
GOOG,Wed Jul 08 00:00:00 CEST 2015,122.57,409.88439737290685
GOOG,Thu Mar 17 00:00:00 CET 2016,16.85,409.28708065957414
GOOG,Tue Feb 02 00:00:00 CET 2016,114.610001,408.83992272382363
GOOG,Thu Feb 25 00:00:00 CET 2016,52.099998,408.29940768636334
GOOG,Tue Sep 29 00:00:00 CEST 2015,496.070007,408.43219225416004
GOOG,Tue Jul 07 00:00:00 CEST 2015,125.690002,408.00508924773385
GOOG,Wed Mar 16 00:00:00 CET 2016,16.700001,407.4148854947207
GOOG,Mon Feb 01 00:00:00 CET 2016,115.089996,406.9746371671684
GOOG,Wed Feb 24 00:00:00 CET 2016,51.360001,406.4398783157892
GOOG,Mon Sep 28 00:00:00 CEST 2015,504.059998,406.5864550720718
GOOG,Mon Jul 06 00:00:00 CEST 2015,126.0,406.16578572413766
GOOG,Tue Mar 15 00:00:00 CET 2016,16.190001,405.58198963922126
GOOG,Fri Jan 29 00:00:00 CET 2016,112.209999,405.14346648430467
GOOG,Tue Feb 23 00:00:00 CET 2016,51.18,404.6151628029848
GOOG,Fri Sep 25 00:00:00 CEST 2015,524.25,404.7934561520117
GOOG,Thu Jul 02 00:00:00 CEST 2015,126.440002,404.3792397023807
GOOG,Mon Mar 14 00:00:00 CET 2016,17.120001,403.80381735661194
GOOG,Thu Jan 28 00:00:00 CET 2016,109.110001,403.36658617507396
GOOG,Mon Feb 22 00:00:00 CET 2016,52.650002,402.8470060503701
GOOG,Thu Sep 24 00:00:00 CEST 2015,533.75,403.0406495325441
GOOG,Wed Jul 01 00:00:00 CEST 2015,126.599998,402.63231769867036
GOOG,Fri Mar 11 00:00:00 CET 2016,16.809999,402.06325823156317
GOOG,Wed Jan 27 00:00:00 CET 2016,94.449997,401.610219555228
GOOG,Fri Feb 19 00:00:00 CET 2016,51.82,401.09582217352914
GOOG,Wed Sep 23 00:00:00 CEST 2015,536.070007,401.29402215124793
GOOG,Tue Jun 30 00:00:00 CEST 2015,125.43,400.88952945014637
GOOG,Thu Mar 10 00:00:00 CET 2016,16.610001,400.32689470863806
GOOG,Tue Jan 26 00:00:00 CET 2016,97.339996,399.88393140643245
GOOG,Thu Feb 18 00:00:00 CET 2016,52.189999,399.37634902335736
GOOG,Tue Sep 22 00:00:00 CEST 2015,538.400024,399.57900744169064
GOOG,Mon Jun 29 00:00:00 CEST 2015,124.529999,399.1786449839881
GOOG,Wed Mar 09 00:00:00 CET 2016,17.66,398.6241120697671
GOOG,Mon Jan 25 00:00:00 CET 2016,97.010002,398.18635574165427
GOOG,Wed Feb 17 00:00:00 CET 2016,52.419998,397.6852450782606
GOOG,Mon Sep 21 00:00:00 CEST 2015,548.390015,397.90334170622265
GOOG,Fri Jun 26 00:00:00 CEST 2015,126.75,397.5115016170518
GOOG,Tue Mar 08 00:00:00 CET 2016,18.33,396.9643421630589
GOOG,Fri Jan 22 00:00:00 CET 2016,97.940002,396.5334713559076
GOOG,Tue Feb 16 00:00:00 CET 2016,51.09,396.0364303899279
GOOG,Fri Sep 18 00:00:00 CEST 2015,540.26001,396.24364817672404
GOOG,Thu Jun 25 00:00:00 CEST 2015,127.5,395.8580762281204
GOOG,Mon Mar 07 00:00:00 CET 2016,19.17,395.31840849713456
GOOG,Thu Jan 21 00:00:00 CET 2016,94.160004,394.8875667167381
GOOG,Fri Feb 12 00:00:00 CET 2016,50.5,394.3955844785713
GOOG,Thu Sep 17 00:00:00 CEST 2015,538.869995,394.6016820684735
GOOG,Wed Jun 24 00:00:00 CEST 2015,128.110001,394.22206428917366
GOOG,Fri Mar 04 00:00:00 CET 2016,19.360001,393.688832335704
GOOG,Wed Jan 20 00:00:00 CET 2016,94.349998,393.2636351278408
GOOG,Thu Feb 11 00:00:00 CET 2016,49.689999,392.77629663687935
GOOG,Wed Sep 16 00:00:00 CEST 2015,527.390015,392.9669676260622
GOOG,Tue Jun 23 00:00:00 CEST 2015,127.029999,392.5908191555869
GOOG,Thu Mar 03 00:00:00 CET 2016,19.309999,392.063586358757
GOOG,Tue Jan 19 00:00:00 CET 2016,95.260002,391.6449635317348
GOOG,Wed Feb 10 00:00:00 CET 2016,49.709999,391.16336499014085
GOOG,Tue Sep 15 00:00:00 CEST 2015,522.369995,391.34790314767935
GOOG,Mon Jun 22 00:00:00 CEST 2015,127.610001,390.9774847457865
GOOG,Wed Mar 02 00:00:00 CET 2016,18.540001,390.45513203366056
GOOG,Fri Jan 15 00:00:00 CET 2016,94.970001,390.04128731232487
GOOG,Tue Feb 09 00:00:00 CET 2016,49.279999,389.56469809790207
GOOG,Mon Sep 14 00:00:00 CEST 2015,521.380005,389.7487976885474
GOOG,Fri Jun 19 00:00:00 CEST 2015,126.599998,389.38178402092046
GOOG,Tue Mar 01 00:00:00 CET 2016,17.85,388.8643302827297
GOOG,Thu Jan 14 00:00:00 CET 2016,98.370003,388.4603047927677
GOOG,Mon Feb 08 00:00:00 CET 2016,49.41,387.9894015916666
GOOG,Fri Sep 11 00:00:00 CEST 2015,529.440002,388.18558827739247
GOOG,Thu Jun 18 00:00:00 CEST 2015,127.879997,387.82505421745145
GOOG,Mon Feb 29 00:00:00 CET 2016,18.120001,387.3137055961272
GOOG,Wed Jan 13 00:00:00 CET 2016,95.440002,386.91056512154694
GOOG,Fri Feb 05 00:00:00 CET 2016,50.16,386.4460815834482
GOOG,Thu Sep 10 00:00:00 CEST 2015,522.23999,386.6331255344352
GOOG,Wed Jun 17 00:00:00 CEST 2015,127.300003,386.27640872214573
GOOG,Fri Feb 26 00:00:00 CET 2016,17.940001,385.7704521181318
GOOG,Tue Jan 12 00:00:00 CET 2016,99.370003,385.37758456104245
GOOG,Thu Feb 04 00:00:00 CET 2016,52.0,384.9209029383561
GOOG,Wed Sep 09 00:00:00 CEST 2015,516.890015,385.10143523939803
GOOG,Tue Jun 16 00:00:00 CEST 2015,127.599998,384.7496573196721
GOOG,Thu Feb 25 00:00:00 CET 2016,17.59,384.2487573778991
GOOG,Mon Jan 11 00:00:00 CET 2016,97.510002,383.8581051226159
GOOG,Wed Feb 03 00:00:00 CET 2016,52.16,383.4068151836735
GOOG,Tue Sep 08 00:00:00 CEST 2015,517.539978,383.58906132880435
GOOG,Mon Jun 15 00:00:00 CEST 2015,126.919998,383.2407993704207
GOOG,Wed Feb 24 00:00:00 CET 2016,18.0,382.74589313821144
GOOG,Fri Jan 08 00:00:00 CET 2016,97.330002,382.3596740703654
GOOG,Tue Feb 02 00:00:00 CET 2016,53.0,381.91459342972973
GOOG,Fri Sep 04 00:00:00 CEST 2015,499.0,382.0726034251012
GOOG,Fri Jun 12 00:00:00 CEST 2015,127.169998,381.7290689164421
GOOG,Tue Feb 23 00:00:00 CET 2016,18.299999,381.2399315410498
GOOG,Thu Jan 07 00:00:00 CET 2016,97.919998,380.85912517876346
GOOG,Mon Feb 01 00:00:00 CET 2016,54.709999,380.4213411167786
GOOG,Thu Sep 03 00:00:00 CEST 2015,504.720001,380.5879613042896
GOOG,Thu Jun 11 00:00:00 CEST 2015,128.589996,380.25061463052214
GOOG,Mon Feb 22 00:00:00 CET 2016,18.299999,379.7667234331551
GOOG,Wed Jan 06 00:00:00 CET 2016,102.970001,379.3971683965287
GOOG,Fri Jan 29 00:00:00 CET 2016,55.09,378.9647588386667
GOOG,Wed Sep 02 00:00:00 CEST 2015,510.549988,379.13997219307595
GOOG,Wed Jun 10 00:00:00 CEST 2015,128.880005,378.80717968351064
GOOG,Fri Feb 19 00:00:00 CET 2016,18.309999,378.32843176759627
GOOG,Tue Jan 05 00:00:00 CET 2016,102.730003,377.96291661007956
GOOG,Thu Jan 28 00:00:00 CET 2016,52.060001,377.5312571192053
GOOG,Tue Sep 01 00:00:00 CEST 2015,496.540009,377.6886761031746
GOOG,Thu Feb 18 00:00:00 CET 2016,18.43,377.2140939682959
GOOG,Tue Jun 09 00:00:00 CEST 2015,127.419998,376.8845503060686
GOOG,Mon Jan 04 00:00:00 CET 2016,102.220001,376.5226734295125
GOOG,Wed Jan 27 00:00:00 CET 2016,51.220001,376.0946435973684
GOOG,Mon Aug 31 00:00:00 CEST 2015,512.890015,376.27440098423125
GOOG,Wed Feb 17 00:00:00 CET 2016,17.459999,375.8035159422572
GOOG,Mon Jun 08 00:00:00 CEST 2015,127.800003,375.4784785727392
GOOG,Thu Dec 31 00:00:00 CET 2015,104.660004,375.1240041295812
GOOG,Tue Jan 26 00:00:00 CET 2016,52.169998,374.7018420300654
GOOG,Fri Aug 28 00:00:00 CEST 2015,518.01001,374.88892841122725
GOOG,Tue Feb 16 00:00:00 CET 2016,16.360001,374.4214852203391
GOOG,Fri Jun 05 00:00:00 CEST 2015,128.649994,374.10147025781254
GOOG,Wed Dec 30 00:00:00 CET 2015,106.220001,373.75311984265284
GOOG,Mon Jan 25 00:00:00 CET 2016,51.790001,373.3349859220779
GOOG,Thu Aug 27 00:00:00 CEST 2015,518.369995,373.5230987743191
GOOG,Fri Feb 12 00:00:00 CET 2016,15.88,373.05983051165805
GOOG,Thu Jun 04 00:00:00 CEST 2015,129.360001,372.7445655316947
GOOG,Tue Dec 29 00:00:00 CET 2015,107.260002,372.4015622196383
GOOG,Fri Jan 22 00:00:00 CET 2016,52.290001,371.988515043871
GOOG,Wed Aug 26 00:00:00 CEST 2015,500.769989,372.1544705515464
GOOG,Thu Feb 11 00:00:00 CET 2016,14.31,371.6939242574003
GOOG,Wed Jun 03 00:00:00 CEST 2015,130.119995,371.3834179215939
GOOG,Mon Dec 28 00:00:00 CET 2015,105.93,371.04265615276
GOOG,Thu Jan 21 00:00:00 CET 2016,50.48,370.6316783884616
GOOG,Tue Aug 25 00:00:00 CEST 2015,466.369995,370.75426266069144
GOOG,Wed Feb 10 00:00:00 CET 2016,14.98,370.29930836061385
GOOG,Tue Jun 02 00:00:00 CEST 2015,129.960007,369.99236161558116
GOOG,Thu Dec 24 00:00:00 CET 2015,105.019997,369.6543866607143
GOOG,Wed Jan 20 00:00:00 CET 2016,50.790001,369.2481899910828
GOOG,Mon Aug 24 00:00:00 CEST 2015,463.369995,369.36793783460564
GOOG,Tue Feb 09 00:00:00 CET 2016,14.4,368.91689852350703
GOOG,Mon Jun 01 00:00:00 CEST 2015,130.539993,368.61438976015233
GOOG,Wed Dec 23 00:00:00 CET 2015,104.629997,368.27980878073515
GOOG,Tue Jan 19 00:00:00 CET 2016,50.560001,367.87763180886077
GOOG,Fri Aug 21 00:00:00 CEST 2015,494.470001,368.0376727307206
GOOG,Mon Feb 08 00:00:00 CET 2016,14.9,367.5917918308081
GOOG,Fri May 29 00:00:00 CEST 2015,130.279999,367.2925335800757
GOOG,Tue Dec 22 00:00:00 CET 2015,105.510002,366.9628326586903
GOOG,Fri Jan 15 00:00:00 CET 2016,50.990002,366.5653825572328
GOOG,Thu Aug 20 00:00:00 CEST 2015,515.780029,366.7528381432162
GOOG,Fri Feb 05 00:00:00 CET 2016,15.72,366.31239543538277
GOOG,Thu May 28 00:00:00 CEST 2015,131.779999,366.0184951892232
GOOG,Mon Dec 21 00:00:00 CET 2015,104.769997,365.6915258548186
GOOG,Thu Jan 14 00:00:00 CET 2016,53.110001,365.30079894875007
GOOG,Wed Aug 19 00:00:00 CEST 2015,532.919983,365.5100613508116
GOOG,Thu Feb 04 00:00:00 CET 2016,16.91,365.0753979326684
GOOG,Wed May 27 00:00:00 CEST 2015,132.039993,364.78519194894153
GOOG,Fri Dec 18 00:00:00 CET 2015,104.040001,364.4608820099503
GOOG,Wed Jan 13 00:00:00 CET 2016,51.639999,364.0722846397516
GOOG,Tue Aug 18 00:00:00 CEST 2015,535.02002,364.28437860421843
GOOG,Wed Feb 03 00:00:00 CET 2016,16.559999,363.8534933754647
GOOG,Tue May 26 00:00:00 CEST 2015,129.619995,363.56360043193075
GOOG,Thu Dec 17 00:00:00 CET 2015,106.220001,363.2454995673672
GOOG,Tue Jan 12 00:00:00 CET 2016,52.779999,362.862208825926
GOOG,Mon Aug 17 00:00:00 CEST 2015,535.219971,363.074733810111
GOOG,Tue Feb 02 00:00:00 CET 2016,16.08,362.6474003940887
GOOG,Fri May 22 00:00:00 CEST 2015,132.539993,362.36436545264456
GOOG,Wed Dec 16 00:00:00 CET 2015,106.790001,362.05039203194104
GOOG,Mon Jan 11 00:00:00 CET 2016,52.299999,361.6703302
GOOG,Fri Aug 14 00:00:00 CEST 2015,531.52002,361.87847932965684
GOOG,Mon Feb 01 00:00:00 CET 2016,17.91,361.45746527906977
GOOG,Thu May 21 00:00:00 CEST 2015,131.389999,361.17620920782394
GOOG,Tue Dec 15 00:00:00 CET 2015,104.550003,360.8628682967033
GOOG,Fri Jan 08 00:00:00 CET 2016,52.330002,360.4866087036585
GOOG,Thu Aug 13 00:00:00 CEST 2015,529.659973,360.69266639464064
GOOG,Fri Jan 29 00:00:00 CET 2016,16.799999,360.2743054854014
GOOG,Wed May 20 00:00:00 CEST 2015,130.059998,359.99457971688935
GOOG,Mon Dec 14 00:00:00 CET 2015,104.660004,359.6847076589805
GOOG,Thu Jan 07 00:00:00 CET 2016,52.169998,359.3119625563636
GOOG,Wed Aug 12 00:00:00 CEST 2015,525.909973,359.51365506295394
GOOG,Thu Jan 28 00:00:00 CET 2016,16.49,359.0988743434099
GOOG,Tue May 19 00:00:00 CEST 2015,130.070007,358.8222694311594
GOOG,Fri Dec 11 00:00:00 CET 2015,102.120003,358.51261651628465
GOOG,Wed Jan 06 00:00:00 CET 2016,54.049999,358.1457940855421
GOOG,Tue Aug 11 00:00:00 CEST 2015,527.460022,358.3495416522262
GOOG,Wed Jan 27 00:00:00 CET 2016,16.780001,357.93900133894226
GOOG,Mon May 18 00:00:00 CEST 2015,130.190002,357.66559317647057
GOOG,Thu Dec 10 00:00:00 CET 2015,105.419998,357.3631404244604
GOOG,Tue Jan 05 00:00:00 CET 2016,55.049999,357.0010887580838
GOOG,Mon Aug 10 00:00:00 CEST 2015,524.0,357.20084822129184
GOOG,Tue Jan 26 00:00:00 CET 2016,17.01,356.79440754241335
GOOG,Fri May 15 00:00:00 CEST 2015,128.770004,356.522302048926
GOOG,Wed Dec 09 00:00:00 CET 2015,104.599998,356.22203708581645
GOOG,Mon Jan 04 00:00:00 CET 2016,54.799999,355.86320132619045
GOOG,Fri Aug 07 00:00:00 CEST 2015,522.619995,356.06148526634956
GOOG,Mon Jan 25 00:00:00 CET 2016,17.02,355.65882316983374
GOOG,Thu May 14 00:00:00 CEST 2015,128.949997,355.38989217793596
GOOG,Tue Dec 08 00:00:00 CET 2015,106.489998,355.09498709004737
GOOG,Thu Dec 31 00:00:00 CET 2015,55.48,354.74041314082837
GOOG,Thu Aug 06 00:00:00 CEST 2015,529.460022,354.946937501182
GOOG,Fri Jan 22 00:00:00 CET 2016,17.84,354.54893639433294
GOOG,Wed May 13 00:00:00 CEST 2015,126.010002,354.2794329339623
GOOG,Mon Dec 07 00:00:00 CET 2015,105.610001,353.9865360765607
GOOG,Wed Dec 30 00:00:00 CET 2015,56.310001,353.6363283882353
GOOG,Wed Aug 05 00:00:00 CEST 2015,537.01001,353.85180862514693
GOOG,Thu Jan 21 00:00:00 CET 2016,17.83,353.457416830986
GOOG,Tue May 12 00:00:00 CEST 2015,125.870003,353.19060860844087
GOOG,Fri Dec 04 00:00:00 CET 2015,106.18,352.9013690199064
GOOG,Tue Dec 29 00:00:00 CET 2015,56.549999,352.5547592304094
GOOG,Tue Aug 04 00:00:00 CEST 2015,531.900024,352.76427472663556
GOOG,Wed Jan 20 00:00:00 CET 2016,17.379999,352.3729278471412
GOOG,Mon May 11 00:00:00 CEST 2015,126.32,352.10946289627043
GOOG,Thu Dec 03 00:00:00 CET 2015,104.379997,351.82107003725264
GOOG,Mon Dec 28 00:00:00 CET 2015,55.950001,351.47703391046514
GOOG,Mon Aug 03 00:00:00 CEST 2015,535.030029,351.6902197351917
GOOG,Tue Jan 19 00:00:00 CET 2016,16.690001,351.30158839095134
GOOG,Fri May 08 00:00:00 CEST 2015,127.620003,351.042397677868
GOOG,Wed Dec 02 00:00:00 CET 2015,106.07,350.7588648101853
GOOG,Thu Dec 24 00:00:00 CET 2015,55.669998,350.4177216115608
GOOG,Fri Jul 31 00:00:00 CEST 2015,536.150024,350.6321930923788
GOOG,Fri Jan 15 00:00:00 CET 2016,17.940001,350.24846507381784
GOOG,Thu May 07 00:00:00 CEST 2015,125.260002,349.98926177534577
GOOG,Tue Dec 01 00:00:00 CET 2015,107.120003,349.70978046490234
GOOG,Wed Dec 23 00:00:00 CET 2015,55.82,349.37197611954036
GOOG,Thu Jul 30 00:00:00 CEST 2015,536.76001,349.58711737543075
GOOG,Thu Jan 14 00:00:00 CET 2016,19.0,349.2080037087158
GOOG,Wed May 06 00:00:00 CEST 2015,125.010002,348.9511904192442
GOOG,Mon Nov 30 00:00:00 CET 2015,104.239998,348.6712004965677
GOOG,Tue Dec 22 00:00:00 CET 2015,55.349998,348.3359762651431
GOOG,Wed Jul 29 00:00:00 CEST 2015,529.0,348.54221373516003
GOOG,Wed Jan 13 00:00:00 CET 2016,18.68,348.16608806385426
GOOG,Tue May 05 00:00:00 CEST 2015,125.800003,347.91282373006857
GOOG,Fri Nov 27 00:00:00 CET 2015,105.449997,347.6369843367465
GOOG,Mon Dec 21 00:00:00 CET 2015,54.830002,347.3042491295456
GOOG,Tue Jul 28 00:00:00 CEST 2015,526.030029,347.5071160760501
GOOG,Tue Jan 12 00:00:00 CET 2016,19.620001,347.13536197732446
GOOG,Mon May 04 00:00:00 CEST 2015,128.699997,346.88798330804093
GOOG,Wed Nov 25 00:00:00 CET 2015,105.410004,346.6148181730771
GOOG,Fri Dec 18 00:00:00 CET 2015,54.130001,346.28432685423746
GOOG,Mon Jul 27 00:00:00 CEST 2015,531.409973,346.49327227878126
GOOG,Mon Jan 11 00:00:00 CET 2016,19.65,346.1247905738446
GOOG,Fri May 01 00:00:00 CEST 2015,128.949997,345.88022436486506
GOOG,Tue Nov 24 00:00:00 CET 2015,105.739998,345.6101003757032
GOOG,Thu Dec 17 00:00:00 CET 2015,55.700001,345.28435869101145
GOOG,Fri Jul 24 00:00:00 CEST 2015,529.419983,345.49102044668933
GOOG,Fri Jan 08 00:00:00 CET 2016,19.98,345.12609777802714
GOOG,Thu Apr 30 00:00:00 CEST 2015,125.150002,344.87976396416593
GOOG,Mon Nov 23 00:00:00 CET 2015,106.949997,344.61362328523506
GOOG,Wed Dec 16 00:00:00 CET 2015,56.130001,344.29129521564266
GOOG,Thu Jul 23 00:00:00 CEST 2015,482.179993,344.4451888515627
GOOG,Thu Jan 07 00:00:00 CET 2016,20.26,344.0837783846156
GOOG,Wed Apr 29 00:00:00 CEST 2015,128.639999,343.84386326280645
GOOG,Fri Nov 20 00:00:00 CET 2015,107.32,343.5807666407121
GOOG,Tue Dec 15 00:00:00 CET 2015,55.200001,343.260343567778
GOOG,Wed Jul 22 00:00:00 CEST 2015,488.269989,343.4212865704775
GOOG,Wed Jan 06 00:00:00 CET 2016,21.389999,343.06426740465656
GOOG,Tue Apr 28 00:00:00 CEST 2015,130.559998,342.8289359878186
GOOG,Thu Nov 19 00:00:00 CET 2015,106.260002,342.56724468915957
GOOG,Mon Dec 14 00:00:00 CET 2015,55.139999,342.2496455226522
GOOG,Tue Jul 21 00:00:00 CEST 2015,488.0,342.4105178785874
GOOG,Tue Jan 05 00:00:00 CET 2016,21.92,342.0571655986772
GOOG,Mon Apr 27 00:00:00 CEST 2015,132.649994,341.82654096035265
GOOG,Wed Nov 18 00:00:00 CET 2015,107.769997,341.56905301320154
GOOG,Fri Dec 11 00:00:00 CET 2015,54.060001,341.2531090000002
GOOG,Mon Jul 20 00:00:00 CEST 2015,488.100006,341.41430208122966
GOOG,Mon Jan 04 00:00:00 CET 2016,22.559999,341.06468113486864
GOOG,Fri Apr 24 00:00:00 CEST 2015,130.279999,340.833810727273
GOOG,Tue Nov 17 00:00:00 CET 2015,105.129997,340.575929092998
GOOG,Thu Dec 10 00:00:00 CET 2015,55.27,340.2641193344265
GOOG,Fri Jul 17 00:00:00 CEST 2015,483.01001,340.41995545960725
GOOG,Thu Dec 31 00:00:00 CET 2015,23.139999,340.0739576881137
GOOG,Thu Apr 23 00:00:00 CEST 2015,129.669998,339.8447594749459
GOOG,Mon Nov 16 00:00:00 CET 2015,104.040001,339.58817105440727
GOOG,Wed Dec 09 00:00:00 CET 2015,54.98,339.2788143467394
GOOG,Thu Jul 16 00:00:00 CEST 2015,475.480011,339.42669838219354
GOOG,Wed Dec 30 00:00:00 CET 2015,22.23,339.08266725596553
GOOG,Wed Apr 22 00:00:00 CEST 2015,128.619995,338.85464702600245
GOOG,Fri Nov 13 00:00:00 CET 2015,103.949997,338.600421214286
GOOG,Tue Dec 08 00:00:00 CET 2015,55.790001,338.29468021945974
GOOG,Wed Jul 15 00:00:00 CEST 2015,461.190002,338.4273965496763
GOOG,Tue Dec 29 00:00:00 CET 2015,22.469999,338.0865579331179
GOOG,Tue Apr 21 00:00:00 CEST 2015,126.910004,337.8589969913796
GOOG,Thu Nov 12 00:00:00 CET 2015,108.019997,337.6115922551133
GOOG,Mon Dec 07 00:00:00 CET 2015,55.810001,337.30857979139813
GOOG,Tue Jul 14 00:00:00 CEST 2015,465.570007,337.44634716756207
GOOG,Mon Dec 28 00:00:00 CET 2015,22.530001,337.10845409227494
GOOG,Mon Apr 20 00:00:00 CEST 2015,127.599998,336.8839005487677
GOOG,Wed Nov 11 00:00:00 CET 2015,109.010002,336.63992421199174
GOOG,Fri Dec 04 00:00:00 CET 2015,55.91,336.3396783037436
GOOG,Mon Jul 13 00:00:00 CEST 2015,455.570007,336.4670611335473
GOOG,Thu Dec 24 00:00:00 CET 2015,22.969999,336.1324858271081
GOOG,Fri Apr 17 00:00:00 CEST 2015,124.75,335.90713136460585
GOOG,Tue Nov 10 00:00:00 CET 2015,107.910004,335.66432292225807
GOOG,Thu Dec 03 00:00:00 CET 2015,54.200001,335.3648927925535
GOOG,Fri Jul 10 00:00:00 CEST 2015,443.51001,335.4798185281619
GOOG,Wed Dec 23 00:00:00 CET 2015,22.67,335.1477486571129
GOOG,Thu Apr 16 00:00:00 CEST 2015,126.169998,334.92613916542984
GOOG,Mon Nov 09 00:00:00 CET 2015,106.489998,334.6841517277546
GOOG,Wed Dec 02 00:00:00 CET 2015,55.209999,334.3884118835983
GOOG,Thu Jul 09 00:00:00 CEST 2015,434.390015,334.4941218234676
GOOG,Tue Dec 22 00:00:00 CET 2015,22.559999,334.1647299303066
GOOG,Wed Apr 15 00:00:00 CEST 2015,126.779999,333.9459696656122
GOOG,Fri Nov 06 00:00:00 CET 2015,107.099998,333.70693281454203
GOOG,Tue Dec 01 00:00:00 CET 2015,55.220001,333.4137886757899
GOOG,Wed Jul 08 00:00:00 CEST 2015,429.700012,333.51503601892784
GOOG,Mon Dec 21 00:00:00 CET 2015,22.139999,333.1879614002105
GOOG,Tue Apr 14 00:00:00 CEST 2015,126.300003,332.9708701532008
GOOG,Thu Nov 05 00:00:00 CET 2015,108.760002,332.73584827882644
GOOG,Mon Nov 30 00:00:00 CET 2015,54.349998,332.4443447706811
GOOG,Tue Jul 07 00:00:00 CEST 2015,436.720001,332.55341972489583
GOOG,Fri Dec 18 00:00:00 CET 2015,22.99,332.2299469770119
GOOG,Mon Apr 13 00:00:00 CEST 2015,126.849998,332.01556289666013
GOOG,Wed Nov 04 00:00:00 CET 2015,103.940002,331.77773645151245
GOOG,Fri Nov 27 00:00:00 CET 2015,53.93,331.4883117260421
GOOG,Mon Jul 06 00:00:00 CEST 2015,436.040009,331.59710641623354
GOOG,Thu Dec 17 00:00:00 CET 2015,23.309999,331.27664164760955
GOOG,Fri Apr 10 00:00:00 CEST 2015,127.099998,331.0646202108
GOOG,Tue Nov 03 00:00:00 CET 2015,102.580002,330.8276029719921
GOOG,Wed Nov 25 00:00:00 CET 2015,53.689999,330.5404137450781
GOOG,Thu Jul 02 00:00:00 CEST 2015,437.709991,330.65135533643934
GOOG,Wed Dec 16 00:00:00 CET 2015,24.299999,330.3345493836612
GOOG,Thu Apr 09 00:00:00 CEST 2015,126.559998,330.12403848347145
GOOG,Mon Nov 02 00:00:00 CET 2015,103.309998,329.88996826625424
GOOG,Tue Nov 24 00:00:00 CET 2015,54.25,329.6058033505158
GOOG,Wed Jul 01 00:00:00 CEST 2015,437.390015,329.7168066580848
GOOG,Tue Dec 15 00:00:00 CET 2015,23.950001,329.40223175514444
GOOG,Wed Apr 08 00:00:00 CEST 2015,125.599998,329.1927741664958
GOOG,Fri Oct 30 00:00:00 CET 2015,101.970001,328.9594858983577
GOOG,Mon Nov 23 00:00:00 CET 2015,54.189999,328.6776710400004
GOOG,Tue Jun 30 00:00:00 CEST 2015,434.089996,328.78567547131183
GOOG,Mon Dec 14 00:00:00 CET 2015,24.92,328.4746563561928
GOOG,Tue Apr 07 00:00:00 CEST 2015,126.010002,328.26763728220897
GOOG,Thu Oct 29 00:00:00 CET 2015,104.879997,328.039457874362
GOOG,Fri Nov 20 00:00:00 CET 2015,54.189999,327.76001965102074
GOOG,Mon Jun 29 00:00:00 CEST 2015,429.859985,327.864097087666
GOOG,Fri Dec 11 00:00:00 CET 2015,24.84,327.55551857739346
GOOG,Wed Oct 28 00:00:00 CET 2015,104.199997,327.32830034588034
GOOG,Thu Nov 19 00:00:00 CET 2015,53.939999,327.05046670630117
GOOG,Fri Jun 26 00:00:00 CEST 2015,438.100006,327.1632073553303
GOOG,Thu Dec 10 00:00:00 CET 2015,25.91,326.8576767190673
GOOG,Tue Oct 27 00:00:00 CET 2015,103.699997,326.631579779129
GOOG,Wed Nov 18 00:00:00 CET 2015,53.849998,326.3554850607291
GOOG,Thu Jun 25 00:00:00 CEST 2015,440.100006,326.4704946875636
GOOG,Wed Dec 09 00:00:00 CET 2015,24.309999,326.1652820656569
GOOG,Mon Oct 26 00:00:00 CET 2015,103.769997,325.94086704540905
GOOG,Tue Nov 17 00:00:00 CET 2015,52.970001,325.66569480141163
GOOG,Wed Jun 24 00:00:00 CEST 2015,440.839996,325.7816810060426
GOOG,Tue Dec 08 00:00:00 CET 2015,24.99,325.47907368108685
GOOG,Fri Oct 23 00:00:00 CEST 2015,102.190002,325.2546625537692
GOOG,Mon Nov 16 00:00:00 CET 2015,53.77,324.9820875913658
GOOG,Tue Jun 23 00:00:00 CEST 2015,445.98999,325.1034596098298
GOOG,Mon Dec 07 00:00:00 CET 2015,24.459999,324.802213657315
GOOG,Thu Oct 22 00:00:00 CEST 2015,99.669998,324.57685608408445
GOOG,Fri Nov 13 00:00:00 CET 2015,52.84,324.3051192280004
GOOG,Mon Jun 22 00:00:00 CEST 2015,436.290009,324.41699224475565
GOOG,Fri Dec 04 00:00:00 CET 2015,25.02,324.1181928512978
GOOG,Wed Oct 21 00:00:00 CEST 2015,97.110001,323.8918636470592
GOOG,Thu Nov 12 00:00:00 CET 2015,53.32,323.62236975896457
GOOG,Fri Jun 19 00:00:00 CEST 2015,434.920013,323.7331136825875
GOOG,Thu Dec 03 00:00:00 CET 2015,25.9,323.4370569095432
GOOG,Tue Oct 20 00:00:00 CEST 2015,97.0,323.21219389374426
GOOG,Wed Nov 11 00:00:00 CET 2015,53.650002,322.94477108432585
GOOG,Thu Jun 18 00:00:00 CEST 2015,439.390015,323.06017766897963
GOOG,Wed Dec 02 00:00:00 CET 2015,25.4,322.76546462178266
GOOG,Mon Oct 19 00:00:00 CEST 2015,98.470001,322.54360956379867
GOOG,Tue Nov 10 00:00:00 CET 2015,53.509998,322.2777660741111
GOOG,Wed Jun 17 00:00:00 CEST 2015,427.809998,322.38194399309026
GOOG,Tue Dec 01 00:00:00 CET 2015,25.530001,322.08919059763355
GOOG,Fri Oct 16 00:00:00 CEST 2015,97.540001,321.8679598689659
GOOG,Mon Nov 09 00:00:00 CET 2015,54.16,321.6044677824807
GOOG,Tue Jun 16 00:00:00 CEST 2015,427.26001,321.7083572045235
GOOG,Mon Nov 30 00:00:00 CET 2015,25.4,321.417288091356
GOOG,Thu Oct 15 00:00:00 CEST 2015,95.959999,321.19603461825363
GOOG,Fri Nov 06 00:00:00 CET 2015,54.919998,320.9349796803926
GOOG,Mon Jun 15 00:00:00 CEST 2015,423.670013,321.03560165230215
GOOG,Fri Nov 27 00:00:00 CET 2015,25.75,320.7466724921727
GOOG,Wed Oct 14 00:00:00 CEST 2015,94.07,320.5250921671559
GOOG,Thu Nov 05 00:00:00 CET 2015,54.380001,320.265184851563
GOOG,Fri Jun 12 00:00:00 CEST 2015,429.920013,320.3721651717078
GOOG,Wed Nov 25 00:00:00 CET 2015,26.059999,320.0853112085775
GOOG,Tue Oct 13 00:00:00 CEST 2015,94.120003,319.8652865657259
GOOG,Wed Nov 04 00:00:00 CET 2015,54.400002,319.6070518531133
GOOG,Thu Jun 11 00:00:00 CEST 2015,432.970001,319.717219928086
GOOG,Tue Nov 24 00:00:00 CET 2015,25.52,319.4315915592238
GOOG,Mon Oct 12 00:00:00 CEST 2015,94.260002,319.21319040543216
GOOG,Tue Nov 03 00:00:00 CET 2015,54.150002,318.9563462306207
GOOG,Wed Jun 10 00:00:00 CEST 2015,430.769989,319.06458789835483
GOOG,Mon Nov 23 00:00:00 CET 2015,25.200001,318.78038617021326
GOOG,Fri Oct 09 00:00:00 CEST 2015,93.239998,318.5624727516913
GOOG,Mon Nov 02 00:00:00 CET 2015,53.240002,318.3063699806955
GOOG,Tue Jun 09 00:00:00 CEST 2015,425.480011,318.4097196827392
GOOG,Fri Nov 20 00:00:00 CET 2015,26.27,318.12827486608916
GOOG,Thu Oct 08 00:00:00 CEST 2015,92.470001,317.9110869220409
GOOG,Fri Oct 30 00:00:00 CET 2015,52.639999,317.65601856826976
GOOG,Mon Jun 08 00:00:00 CEST 2015,423.5,317.7576938626326
GOOG,Thu Nov 19 00:00:00 CET 2015,26.32,317.4780031775437
GOOG,Wed Oct 07 00:00:00 CEST 2015,92.400002,317.26220451869654
GOOG,Thu Oct 29 00:00:00 CET 2015,53.360001,317.0094246302687
GOOG,Fri Jun 05 00:00:00 CEST 2015,426.950012,317.11463093397174
GOOG,Wed Nov 18 00:00:00 CET 2015,25.9,316.8362230650101
GOOG,Tue Oct 06 00:00:00 CEST 2015,92.800003,316.62224386724023
GOOG,Wed Oct 28 00:00:00 CET 2015,53.98,316.37163103912263
GOOG,Thu Jun 04 00:00:00 CEST 2015,430.779999,316.48069526024835
GOOG,Tue Nov 17 00:00:00 CET 2015,25.23,316.2033136457148
GOOG,Mon Oct 05 00:00:00 CEST 2015,94.010002,315.9919023120842
GOOG,Tue Oct 27 00:00:00 CET 2015,53.689999,315.74256590209177
GOOG,Wed Jun 03 00:00:00 CEST 2015,436.589996,315.85733079297296
GOOG,Mon Nov 16 00:00:00 CET 2015,25.41,315.5817640654654
GOOG,Fri Oct 02 00:00:00 CEST 2015,92.07,315.3699045734602
GOOG,Mon Oct 26 00:00:00 CET 2015,54.25,315.1226319365535
GOOG,Tue Jun 02 00:00:00 CEST 2015,430.98999,315.23225100756906
GOOG,Fri Nov 13 00:00:00 CET 2015,25.18,314.95809954158835
GOOG,Thu Oct 01 00:00:00 CEST 2015,90.949997,314.74657158829126
GOOG,Fri Oct 23 00:00:00 CEST 2015,52.869999,314.49951821792496
GOOG,Mon Jun 01 00:00:00 CEST 2015,430.920013,314.6092453572106
GOOG,Thu Nov 12 00:00:00 CET 2015,26.129999,314.3376076487763
GOOG,Wed Sep 30 00:00:00 CEST 2015,89.900002,314.12647161335883
GOOG,Thu Oct 22 00:00:00 CEST 2015,48.029999,313.8763809436095
GOOG,Fri May 29 00:00:00 CEST 2015,429.230011,313.98469421126805
GOOG,Wed Nov 11 00:00:00 CET 2015,26.5,313.7150087570361
GOOG,Tue Sep 29 00:00:00 CEST 2015,86.669998,313.5022205557643
GOOG,Wed Oct 21 00:00:00 CEST 2015,47.200001,313.2528739082402
GOOG,Thu May 28 00:00:00 CEST 2015,426.570007,313.35887683910244
GOOG,Tue Nov 10 00:00:00 CET 2015,27.049999,313.0912984485986
GOOG,Mon Sep 28 00:00:00 CEST 2015,89.209999,312.88225895331516
GOOG,Tue Oct 20 00:00:00 CEST 2015,47.77,312.634952741605
GOOG,Wed May 27 00:00:00 CEST 2015,431.420013,312.74565643243295
GOOG,Mon Nov 09 00:00:00 CET 2015,27.09,312.4796828230918
GOOG,Fri Sep 25 00:00:00 CEST 2015,92.769997,312.2753017200005
GOOG,Mon Oct 19 00:00:00 CEST 2015,47.619999,312.0293395427515
GOOG,Tue May 26 00:00:00 CEST 2015,425.470001,312.1346697762308
GOOG,Fri Nov 06 00:00:00 CET 2015,28.280001,311.87135375695783
GOOG,Thu Sep 24 00:00:00 CEST 2015,94.410004,311.66981404448615
GOOG,Fri Oct 16 00:00:00 CEST 2015,47.509998,311.4252216222227
GOOG,Fri May 22 00:00:00 CEST 2015,427.630005,311.5327191091587
GOOG,Thu Nov 05 00:00:00 CET 2015,28.66,311.27128406377125
GOOG,Wed Sep 23 00:00:00 CEST 2015,93.970001,311.0706365263162
GOOG,Thu Oct 15 00:00:00 CEST 2015,47.009998,310.82703815129196
GOOG,Thu May 21 00:00:00 CEST 2015,431.630005,310.93837729124465
GOOG,Wed Nov 04 00:00:00 CET 2015,29.360001,310.6790970184166
GOOG,Tue Sep 22 00:00:00 CEST 2015,92.959999,310.47880345998203
GOOG,Wed Oct 14 00:00:00 CEST 2015,46.68,310.2363413244489
GOOG,Wed May 20 00:00:00 CEST 2015,423.859985,310.34067892194713
GOOG,Tue Nov 03 00:00:00 CET 2015,29.129999,310.08268747247746
GOOG,Mon Sep 21 00:00:00 CEST 2015,95.550003,309.8860488982589
GOOG,Tue Oct 13 00:00:00 CEST 2015,46.889999,309.64521002472566
GOOG,Tue May 19 00:00:00 CEST 2015,421.709991,309.7477395590123
GOOG,Mon Nov 02 00:00:00 CET 2015,29.200001,309.49129738482674
GOOG,Fri Sep 18 00:00:00 CEST 2015,94.400002,309.2948669780826
GOOG,Mon Oct 12 00:00:00 CEST 2015,47.0,309.0555468439785
GOOG,Mon May 18 00:00:00 CEST 2015,425.23999,309.16145791340057
GOOG,Fri Oct 30 00:00:00 CET 2015,28.459999,308.90580995446305
GOOG,Thu Sep 17 00:00:00 CEST 2015,94.339996,308.71057263512324
GOOG,Fri Oct 09 00:00:00 CEST 2015,47.110001,308.47275393363674
GOOG,Fri May 15 00:00:00 CEST 2015,426.0,308.5794998428705
GOOG,Thu Oct 29 00:00:00 CET 2015,29.059999,308.32585238294047
GOOG,Wed Sep 16 00:00:00 CEST 2015,93.449997,308.13104199728053
GOOG,Thu Oct 08 00:00:00 CEST 2015,47.450001,307.89491786594243
GOOG,Thu May 14 00:00:00 CEST 2015,432.279999,308.00748355022665
GOOG,Wed Oct 28 00:00:00 CET 2015,30.870001,307.7569071645574
GOOG,Tue Sep 15 00:00:00 CEST 2015,92.900002,307.56281781933194
GOOG,Wed Oct 07 00:00:00 CEST 2015,46.799999,307.32747231498234
GOOG,Wed May 13 00:00:00 CEST 2015,426.869995,307.43526539224564
GOOG,Tue Oct 27 00:00:00 CET 2015,31.34,307.18653091891935
GOOG,Mon Sep 14 00:00:00 CEST 2015,92.309998,306.99312269847024
GOOG,Tue Oct 06 00:00:00 CEST 2015,46.75,306.75909111330975
GOOG,Tue May 12 00:00:00 CEST 2015,431.019989,306.8707361248881
GOOG,Mon Oct 26 00:00:00 CET 2015,30.889999,306.622997581688
GOOG,Fri Sep 11 00:00:00 CEST 2015,92.050003,306.4305554340811
GOOG,Mon Oct 05 00:00:00 CEST 2015,46.630001,306.1977592383517
GOOG,Mon May 11 00:00:00 CEST 2015,432.850006,306.311145314235
GOOG,Fri Oct 23 00:00:00 CEST 2015,30.280001,306.0642480474065
GOOG,Thu Sep 10 00:00:00 CEST 2015,91.980003,305.8729305808762
GOOG,Fri Oct 02 00:00:00 CEST 2015,45.57,305.6405172500004
GOOG,Fri May 08 00:00:00 CEST 2015,433.690002,305.7547451578952
GOOG,Thu Oct 22 00:00:00 CEST 2015,29.15,305.5082168645281
GOOG,Wed Sep 09 00:00:00 CEST 2015,90.440002,305.31670465182594
GOOG,Thu Oct 01 00:00:00 CEST 2015,44.610001,305.08475918594354
GOOG,Thu May 07 00:00:00 CEST 2015,426.880005,305.19302162666713
GOOG,Wed Oct 21 00:00:00 CEST 2015,29.299999,304.9480011802846
GOOG,Tue Sep 08 00:00:00 CEST 2015,89.529999,304.7568583212072
GOOG,Wed Sep 30 00:00:00 CEST 2015,44.259998,304.52592138829834
GOOG,Wed May 06 00:00:00 CEST 2015,419.100006,304.62740419132024
GOOG,Tue Oct 20 00:00:00 CEST 2015,30.91,304.38517640000043
GOOG,Fri Sep 04 00:00:00 CEST 2015,88.260002,304.19408429177764
GOOG,Tue Sep 29 00:00:00 CEST 2015,43.439999,303.96373615989444
GOOG,Tue May 05 00:00:00 CEST 2015,421.190002,304.06720153133324
GOOG,Mon Oct 19 00:00:00 CEST 2015,30.91,303.82632216490344
GOOG,Thu Sep 03 00:00:00 CEST 2015,88.150002,303.6362989753308
GOOG,Mon Sep 28 00:00:00 CEST 2015,43.290001,303.4071208961272
GOOG,Mon May 04 00:00:00 CEST 2015,423.040009,303.5123389155677
GOOG,Fri Oct 16 00:00:00 CEST 2015,31.15,303.27300469859443
GOOG,Wed Sep 02 00:00:00 CEST 2015,89.889999,303.08566228797235
GOOG,Fri Sep 25 00:00:00 CEST 2015,43.939999,302.8583415307022
GOOG,Fri May 01 00:00:00 CEST 2015,422.869995,302.9635226468015
GOOG,Thu Oct 15 00:00:00 CEST 2015,29.709999,302.72424635639277
GOOG,Tue Sep 01 00:00:00 CEST 2015,87.230003,302.53571246019294
GOOG,Thu Sep 24 00:00:00 CEST 2015,43.91,302.30964103321725
GOOG,Thu Apr 30 00:00:00 CEST 2015,421.779999,302.4139819572057
GOOG,Wed Oct 14 00:00:00 CEST 2015,29.379999,302.1757324083774
GOOG,Mon Aug 31 00:00:00 CEST 2015,89.43,301.99025225806497
GOOG,Wed Sep 23 00:00:00 CEST 2015,43.869999,301.765408831882
GOOG,Wed Apr 29 00:00:00 CEST 2015,429.369995,301.87646591296823
GOOG,Tue Oct 13 00:00:00 CEST 2015,29.059999,301.63923420260915
GOOG,Fri Aug 28 00:00:00 CEST 2015,91.010002,301.4562374761082
GOOG,Tue Sep 22 00:00:00 CEST 2015,43.900002,301.2326643550352
GOOG,Tue Apr 28 00:00:00 CEST 2015,429.309998,301.34374617085905
GOOG,Mon Oct 12 00:00:00 CEST 2015,28.75,301.10752975303336
GOOG,Thu Aug 27 00:00:00 CEST 2015,89.730003,300.92451890735975
GOOG,Mon Sep 21 00:00:00 CEST 2015,44.110001,300.7023610198966
GOOG,Mon Apr 27 00:00:00 CEST 2015,438.559998,300.8215119593781
GOOG,Fri Oct 09 00:00:00 CEST 2015,30.85,300.58837593868776
GOOG,Wed Aug 26 00:00:00 CEST 2015,87.190002,300.40425309663544
GOOG,Fri Sep 18 00:00:00 CEST 2015,43.48,300.1827666715521
GOOG,Fri Apr 24 00:00:00 CEST 2015,445.100006,300.30758772179195
GOOG,Thu Oct 08 00:00:00 CEST 2015,30.32,300.0752404001725
GOOG,Tue Aug 25 00:00:00 CEST 2015,83.0,299.8885892906281
GOOG,Thu Sep 17 00:00:00 CEST 2015,44.25,299.66896850945056
GOOG,Thu Apr 23 00:00:00 CEST 2015,389.98999,299.7464972832622
GOOG,Wed Oct 07 00:00:00 CEST 2015,29.83,299.5150080060038
GOOG,Mon Aug 24 00:00:00 CEST 2015,82.089996,299.3286969417313
GOOG,Wed Sep 16 00:00:00 CEST 2015,44.299999,299.1103504537675
GOOG,Wed Apr 22 00:00:00 CEST 2015,389.799988,299.1879292711723
GOOG,Tue Oct 06 00:00:00 CEST 2015,27.620001,298.9558199307696
GOOG,Fri Aug 21 00:00:00 CEST 2015,86.059998,298.7740130802736
GOOG,Tue Sep 15 00:00:00 CEST 2015,43.98,298.5566120452222
GOOG,Tue Apr 21 00:00:00 CEST 2015,391.179993,298.6355748593354
GOOG,Mon Oct 05 00:00:00 CEST 2015,28.15,298.40517828790496
GOOG,Thu Aug 20 00:00:00 CEST 2015,90.559998,298.22828877276635
GOOG,Mon Sep 14 00:00:00 CEST 2015,43.040001,298.0112919294221
GOOG,Mon Apr 20 00:00:00 CEST 2015,389.51001,298.0890308572646
GOOG,Fri Oct 02 00:00:00 CEST 2015,26.309999,297.8583186061124
GOOG,Wed Aug 19 00:00:00 CEST 2015,95.309998,297.68652189652283
GOOG,Fri Sep 11 00:00:00 CEST 2015,43.48,297.4710926406783
GOOG,Fri Apr 17 00:00:00 CEST 2015,375.559998,297.5372136443695
GOOG,Thu Oct 01 00:00:00 CEST 2015,24.68,297.3063699780037
GOOG,Tue Aug 18 00:00:00 CEST 2015,95.169998,297.1355023770079
GOOG,Thu Sep 10 00:00:00 CEST 2015,43.290001,296.92110583868276
GOOG,Thu Apr 16 00:00:00 CEST 2015,386.040009,296.99631166413536
GOOG,Wed Sep 30 00:00:00 CEST 2015,26.940001,296.76860819814533
GOOG,Mon Aug 17 00:00:00 CEST 2015,93.93,296.5977247877004
GOOG,Wed Sep 09 00:00:00 CEST 2015,43.07,296.3843176119532
GOOG,Wed Apr 15 00:00:00 CEST 2015,383.450012,296.4575435954587
GOOG,Tue Sep 29 00:00:00 CEST 2015,25.59,296.2299238109247
GOOG,Fri Aug 14 00:00:00 CEST 2015,94.419998,296.0604780293874
GOOG,Tue Sep 08 00:00:00 CEST 2015,43.889999,295.8489256140943
GOOG,Tue Apr 14 00:00:00 CEST 2015,385.109985,295.9237462841579
GOOG,Mon Sep 28 00:00:00 CEST 2015,25.26,295.6970597294811
GOOG,Thu Aug 13 00:00:00 CEST 2015,93.43,295.5277985916322
GOOG,Fri Sep 04 00:00:00 CEST 2015,42.610001,295.31632886120434
GOOG,Mon Apr 13 00:00:00 CEST 2015,382.359985,295.3890470367589
GOOG,Fri Sep 25 00:00:00 CEST 2015,25.290001,295.1635887345579
GOOG,Wed Aug 12 00:00:00 CEST 2015,94.190002,294.9959710642205
GOOG,Thu Sep 03 00:00:00 CEST 2015,43.5,294.7863910883337
GOOG,Fri Apr 10 00:00:00 CEST 2015,382.649994,294.85954979184044
GOOG,Thu Sep 24 00:00:00 CEST 2015,26.6,294.636372129784
GOOG,Tue Aug 11 00:00:00 CEST 2015,93.620003,294.4692762285955
GOOG,Wed Sep 02 00:00:00 CEST 2015,43.360001,294.2607137076415
GOOG,Thu Apr 09 00:00:00 CEST 2015,383.540009,294.33480440912894
GOOG,Wed Sep 23 00:00:00 CEST 2015,26.790001,294.11295963018273
GOOG,Mon Aug 10 00:00:00 CEST 2015,94.150002,293.9472902369514
GOOG,Tue Sep 01 00:00:00 CEST 2015,41.82,293.7385755927155
GOOG,Wed Apr 08 00:00:00 CEST 2015,381.200012,293.8109175583129
GOOG,Tue Sep 22 00:00:00 CEST 2015,26.83,293.5902721719011
GOOG,Fri Aug 07 00:00:00 CEST 2015,94.300003,293.42570547564026
GOOG,Mon Aug 31 00:00:00 CEST 2015,43.52,293.21951264934023
GOOG,Tue Apr 07 00:00:00 CEST 2015,374.410004,293.28644627782387
GOOG,Mon Sep 21 00:00:00 CEST 2015,27.379999,293.0674129604616
GOOG,Thu Aug 06 00:00:00 CEST 2015,95.120003,292.9044932814818
GOOG,Fri Aug 28 00:00:00 CEST 2015,43.93,292.69974452055953
GOOG,Fri Sep 18 00:00:00 CEST 2015,27.959999,292.48220980772425
GOOG,Wed Aug 05 00:00:00 CEST 2015,96.440002,292.32125561412187
GOOG,Thu Aug 27 00:00:00 CEST 2015,43.900002,292.11746459392975
GOOG,Thu Sep 17 00:00:00 CEST 2015,27.41,291.90049126229536
GOOG,Tue Aug 04 00:00:00 CEST 2015,94.059998,291.73845973628204
GOOG,Wed Aug 26 00:00:00 CEST 2015,42.709999,291.53467212520485
GOOG,Wed Sep 16 00:00:00 CEST 2015,27.75,291.3189855576454
GOOG,Mon Aug 03 00:00:00 CEST 2015,94.139999,291.15789161437937
GOOG,Tue Aug 25 00:00:00 CEST 2015,40.470001,290.9532484383676
GOOG,Tue Sep 15 00:00:00 CEST 2015,27.17,290.73809081321394
GOOG,Fri Jul 31 00:00:00 CEST 2015,94.010002,290.5777582224942
GOOG,Mon Aug 24 00:00:00 CEST 2015,41.68,290.3750727516289
GOOG,Mon Sep 14 00:00:00 CEST 2015,26.9,290.16069108136725
GOOG,Thu Jul 30 00:00:00 CEST 2015,95.209999,290.00219458374016
GOOG,Fri Aug 21 00:00:00 CEST 2015,43.07,289.80159978716523
GOOG,Fri Sep 11 00:00:00 CEST 2015,27.389999,289.58860335795487
GOOG,Wed Jul 29 00:00:00 CEST 2015,96.989998,289.4324001094894
GOOG,Thu Aug 20 00:00:00 CEST 2015,45.66,289.23485359400354
GOOG,Thu Sep 10 00:00:00 CEST 2015,27.709999,289.02309257813795
GOOG,Tue Jul 28 00:00:00 CEST 2015,95.290001,288.8663505946605
GOOG,Wed Aug 19 00:00:00 CEST 2015,46.610001,288.67050875990327
GOOG,Wed Sep 09 00:00:00 CEST 2015,27.18,288.45928863974177
GOOG,Mon Jul 27 00:00:00 CEST 2015,94.169998,288.30247726715123
GOOG,Tue Aug 18 00:00:00 CEST 2015,47.27,288.1080962370971
GOOG,Tue Sep 08 00:00:00 CEST 2015,27.18,287.8978399145853
GOOG,Fri Jul 24 00:00:00 CEST 2015,96.949997,287.7440976900164
GOOG,Mon Aug 17 00:00:00 CEST 2015,47.32,287.5506752461789
GOOG,Fri Sep 04 00:00:00 CEST 2015,28.15,287.342153803055
GOOG,Thu Jul 23 00:00:00 CEST 2015,95.440002,287.18801552851437
GOOG,Fri Aug 14 00:00:00 CEST 2015,47.0,286.995248260835
GOOG,Thu Sep 03 00:00:00 CEST 2015,28.299999,286.7877941716122
GOOG,Wed Jul 22 00:00:00 CEST 2015,97.040001,286.63575267067336
GOOG,Thu Aug 13 00:00:00 CEST 2015,46.73,286.44367440592504
GOOG,Wed Sep 02 00:00:00 CEST 2015,27.82,286.2367754664003
GOOG,Tue Jul 21 00:00:00 CEST 2015,98.389999,286.08661817106344
GOOG,Wed Aug 12 00:00:00 CEST 2015,46.740002,285.8954467523965
GOOG,Tue Sep 01 00:00:00 CEST 2015,27.030001,285.6888502274544
GOOG,Mon Jul 20 00:00:00 CEST 2015,97.910004,285.53910633094125
GOOG,Tue Aug 11 00:00:00 CEST 2015,46.41,285.34856521035886
GOOG,Mon Aug 31 00:00:00 CEST 2015,27.790001,285.14350265923593
GOOG,Fri Jul 17 00:00:00 CEST 2015,94.970001,284.99221109069236
GOOG,Mon Aug 10 00:00:00 CEST 2015,47.330002,284.80329041573947
GOOG,Fri Aug 28 00:00:00 CEST 2015,26.83,284.5983870873712
GOOG,Thu Jul 16 00:00:00 CEST 2015,90.849998,284.4446185246034
GOOG,Fri Aug 07 00:00:00 CEST 2015,46.740002,284.25611367406844
GOOG,Thu Aug 27 00:00:00 CEST 2015,26.459999,284.05183783042816
GOOG,Wed Jul 15 00:00:00 CEST 2015,89.760002,283.89800423119584
GOOG,Thu Aug 06 00:00:00 CEST 2015,46.619999,283.7102842903484
GOOG,Wed Aug 26 00:00:00 CEST 2015,25.030001,283.50579394782636
GOOG,Tue Jul 14 00:00:00 CEST 2015,89.68,283.3526930047396
GOOG,Wed Aug 05 00:00:00 CEST 2015,47.580002,283.16660564009493
GOOG,Tue Aug 25 00:00:00 CEST 2015,24.379999,282.96251525630936
GOOG,Mon Jul 13 00:00:00 CEST 2015,90.099998,282.8105353372737
GOOG,Tue Aug 04 00:00:00 CEST 2015,47.540001,282.6252829480317
GOOG,Mon Aug 24 00:00:00 CEST 2015,25.17,282.42272174980354
GOOG,Fri Jul 10 00:00:00 CEST 2015,87.949997,282.26983438757884
GOOG,Mon Aug 03 00:00:00 CEST 2015,46.810001,282.0848698680285
GOOG,Fri Aug 21 00:00:00 CEST 2015,25.870001,281.8837592959186
GOOG,Thu Jul 09 00:00:00 CEST 2015,85.879997,281.73003085490217
GOOG,Fri Jul 31 00:00:00 CEST 2015,46.700001,281.5458380415363
GOOG,Thu Aug 20 00:00:00 CEST 2015,26.0,281.3457238379015
GOOG,Wed Jul 08 00:00:00 CEST 2015,85.650002,281.19259729499237
GOOG,Thu Jul 30 00:00:00 CEST 2015,46.880001,281.0093974542613
GOOG,Wed Aug 19 00:00:00 CEST 2015,27.610001,280.8114291757814
GOOG,Tue Jul 07 00:00:00 CEST 2015,87.220001,280.66030393911024
GOOG,Wed Jul 29 00:00:00 CEST 2015,46.290001,280.4774877901718
GOOG,Tue Aug 18 00:00:00 CEST 2015,28.299999,280.2809347981295
GOOG,Mon Jul 06 00:00:00 CEST 2015,87.550003,280.13083282632414
GOOG,Tue Jul 28 00:00:00 CEST 2015,45.34,279.9481162249029
GOOG,Mon Aug 17 00:00:00 CEST 2015,29.059999,279.753024376361
GOOG,Thu Jul 02 00:00:00 CEST 2015,87.290001,279.60348045765363
GOOG,Mon Jul 27 00:00:00 CEST 2015,45.349998,279.42160663586975
GOOG,Fri Aug 14 00:00:00 CEST 2015,29.059999,279.2273773048877
GOOG,Wed Jul 01 00:00:00 CEST 2015,86.910004,279.0782940697676
GOOG,Fri Jul 24 00:00:00 CEST 2015,45.939999,278.89770669945796
GOOG,Thu Aug 13 00:00:00 CEST 2015,28.540001,278.7039313854491
GOOG,Tue Jun 30 00:00:00 CEST 2015,85.769997,278.5547172057233
GOOG,Thu Jul 23 00:00:00 CEST 2015,46.110001,278.3750845038641
GOOG,Wed Aug 12 00:00:00 CEST 2015,29.389999,278.1828180285716
GOOG,Mon Jun 29 00:00:00 CEST 2015,85.800003,278.03437449845694
GOOG,Wed Jul 22 00:00:00 CEST 2015,45.540001,277.85511900616825
GOOG,Tue Aug 11 00:00:00 CEST 2015,29.620001,277.66387469337457
GOOG,Fri Jun 26 00:00:00 CEST 2015,88.010002,277.5178747913782
GOOG,Tue Jul 21 00:00:00 CEST 2015,47.279999,277.34076873307714
GOOG,Mon Aug 10 00:00:00 CEST 2015,29.5,277.15026852651823
GOOG,Thu Jun 25 00:00:00 CEST 2015,87.980003,277.00497646390187
GOOG,Mon Jul 20 00:00:00 CEST 2015,46.919998,276.8283955134308
GOOG,Fri Aug 07 00:00:00 CEST 2015,27.040001,276.63683999616586
GOOG,Wed Jun 24 00:00:00 CEST 2015,88.860001,276.4929496980845
GOOG,Fri Jul 17 00:00:00 CEST 2015,46.619999,276.3169367189895
GOOG,Thu Aug 06 00:00:00 CEST 2015,27.540001,276.1265947635809
GOOG,Tue Jun 23 00:00:00 CEST 2015,87.879997,275.98267534633044
GOOG,Thu Jul 16 00:00:00 CEST 2015,46.66,275.80748613674575
GOOG,Wed Aug 05 00:00:00 CEST 2015,28.48,275.6186865290078
GOOG,Mon Jun 22 00:00:00 CEST 2015,84.739998,275.47308874980945
GOOG,Wed Jul 15 00:00:00 CEST 2015,45.759998,275.2980025525916
GOOG,Tue Aug 04 00:00:00 CEST 2015,29.34,275.1106773412035
GOOG,Fri Jun 19 00:00:00 CEST 2015,82.510002,274.96410148477946
GOOG,Tue Jul 14 00:00:00 CEST 2015,45.619999,274.78969532319405
GOOG,Mon Aug 03 00:00:00 CEST 2015,29.27,274.6031302051673
GOOG,Thu Jun 18 00:00:00 CEST 2015,82.910004,274.4575773378893
GOOG,Mon Jul 13 00:00:00 CEST 2015,45.540001,274.2838917716238
GOOG,Fri Jul 31 00:00:00 CEST 2015,31.01,274.09945364291144
GOOG,Wed Jun 17 00:00:00 CEST 2015,81.790001,273.9537646636365
GOOG,Fri Jul 10 00:00:00 CEST 2015,44.610001,273.7801509137019
GOOG,Thu Jul 30 00:00:00 CEST 2015,31.469999,273.59686032980346
GOOG,Tue Jun 16 00:00:00 CEST 2015,81.059998,273.45132982161766
GOOG,Thu Jul 09 00:00:00 CEST 2015,44.52,273.2784209622358
GOOG,Wed Jul 29 00:00:00 CEST 2015,31.24,273.0957504558492
GOOG,Mon Jun 15 00:00:00 CEST 2015,80.709999,272.95066316214195
GOOG,Wed Jul 08 00:00:00 CEST 2015,44.240002,272.77831149585546
GOOG,Tue Jul 28 00:00:00 CEST 2015,36.540001,272.60042120180736
GOOG,Fri Jun 12 00:00:00 CEST 2015,81.529999,272.4566511324306
GOOG,Tue Jul 07 00:00:00 CEST 2015,44.299999,272.2851047774438
GOOG,Mon Jul 27 00:00:00 CEST 2015,34.700001,272.106603572502
GOOG,Thu Jun 11 00:00:00 CEST 2015,81.830002,271.9637532710212
GOOG,Mon Jul 06 00:00:00 CEST 2015,44.389999,271.7930302745688
GOOG,Fri Jul 24 00:00:00 CEST 2015,35.419998,271.6158390959522
GOOG,Wed Jun 10 00:00:00 CEST 2015,82.160004,271.47392461273427
GOOG,Thu Jul 02 00:00:00 CEST 2015,44.400002,271.3039591017966
GOOG,Thu Jul 23 00:00:00 CEST 2015,36.189999,271.1281072243831
GOOG,Tue Jun 09 00:00:00 CEST 2015,80.669998,270.98576185127075
GOOG,Wed Jul 01 00:00:00 CEST 2015,44.450001,270.8165790575058
GOOG,Wed Jul 22 00:00:00 CEST 2015,36.09,270.64140996865694
GOOG,Mon Jun 08 00:00:00 CEST 2015,80.669998,270.4997459776289
GOOG,Tue Jun 30 00:00:00 CEST 2015,44.150002,270.3310799985099
GOOG,Tue Jul 21 00:00:00 CEST 2015,36.630001,270.1570657922564
GOOG,Fri Jun 05 00:00:00 CEST 2015,82.139999,270.01717214136926
GOOG,Mon Jun 29 00:00:00 CEST 2015,44.369999,269.84940472639425
GOOG,Mon Jul 20 00:00:00 CEST 2015,35.810001,269.6755270118873
GOOG,Thu Jun 04 00:00:00 CEST 2015,82.050003,269.53623560579086
GOOG,Fri Jun 26 00:00:00 CEST 2015,45.259998,269.36985857492607
GOOG,Fri Jul 17 00:00:00 CEST 2015,35.669998,269.19661924166076
GOOG,Wed Jun 03 00:00:00 CEST 2015,82.440002,269.0582810066669
GOOG,Thu Jun 25 00:00:00 CEST 2015,45.650002,268.89291588527044
GOOG,Thu Jul 16 00:00:00 CEST 2015,36.099998,268.72073177440853
GOOG,Tue Jun 02 00:00:00 CEST 2015,80.440002,268.5815738070956
GOOG,Wed Jun 24 00:00:00 CEST 2015,45.639999,268.4169197636635
GOOG,Wed Jul 15 00:00:00 CEST 2015,35.66,268.24514343911466
GOOG,Mon Jun 01 00:00:00 CEST 2015,80.290001,268.10653345206515
GOOG,Tue Jun 23 00:00:00 CEST 2015,45.91,267.94279245467965
GOOG,Tue Jul 14 00:00:00 CEST 2015,36.720001,267.77252530338757
GOOG,Fri May 29 00:00:00 CEST 2015,79.190002,267.6337596497427
GOOG,Mon Jun 22 00:00:00 CEST 2015,46.23,267.4709627676473
GOOG,Mon Jul 13 00:00:00 CEST 2015,35.779999,267.3007269382809
GOOG,Thu May 28 00:00:00 CEST 2015,80.150002,267.1633181828196
GOOG,Fri Jun 19 00:00:00 CEST 2015,46.099998,267.00112939325044
GOOG,Fri Jul 10 00:00:00 CEST 2015,34.91,266.8309746063052
GOOG,Wed May 27 00:00:00 CEST 2015,80.550003,266.69450503003685
GOOG,Thu Jun 18 00:00:00 CEST 2015,46.720001,266.53346952196216
GOOG,Thu Jul 09 00:00:00 CEST 2015,34.360001,266.3636279209951
GOOG,Tue May 26 00:00:00 CEST 2015,79.330002,266.2269074342107
GOOG,Wed Jun 17 00:00:00 CEST 2015,45.970001,266.06601853250567
GOOG,Wed Jul 08 00:00:00 CEST 2015,34.759998,265.897182021168
GOOG,Fri May 22 00:00:00 CEST 2015,80.540001,265.7619834938003
GOOG,Tue Jun 16 00:00:00 CEST 2015,45.830002,265.60168321574355
GOOG,Tue Jul 07 00:00:00 CEST 2015,35.52,265.43410733576127
GOOG,Thu May 21 00:00:00 CEST 2015,80.480003,265.2994973617178
GOOG,Mon Jun 15 00:00:00 CEST 2015,45.48,265.13962863636374
GOOG,Mon Jul 06 00:00:00 CEST 2015,35.43,264.9726884992734
GOOG,Wed May 20 00:00:00 CEST 2015,80.550003,264.8387577182282
GOOG,Fri Jun 12 00:00:00 CEST 2015,45.970001,264.6799269804065
GOOG,Thu Jul 02 00:00:00 CEST 2015,35.720001,264.5138936765773
GOOG,Tue May 19 00:00:00 CEST 2015,80.629997,264.38064447608707
GOOG,Thu Jun 11 00:00:00 CEST 2015,46.439999,264.2228308298335
GOOG,Wed Jul 01 00:00:00 CEST 2015,35.400002,264.05725714761223
GOOG,Mon May 18 00:00:00 CEST 2015,80.879997,263.9248079356472
GOOG,Wed Jun 10 00:00:00 CEST 2015,46.610001,263.76778856647405
GOOG,Tue Jun 30 00:00:00 CEST 2015,36.220001,263.6034941350181
GOOG,Fri May 15 00:00:00 CEST 2015,80.419998,263.47132711038967
GOOG,Tue Jun 09 00:00:00 CEST 2015,45.650002,263.3142821751983
GOOG,Mon Jun 29 00:00:00 CEST 2015,34.209999,263.14922145244964
GOOG,Thu May 14 00:00:00 CEST 2015,81.370003,263.0183508848093
GOOG,Mon Jun 08 00:00:00 CEST 2015,45.73,262.8620283302159
GOOG,Fri Jun 26 00:00:00 CEST 2015,35.259998,262.6984035780015
GOOG,Wed May 13 00:00:00 CEST 2015,78.440002,262.566034036638
GOOG,Fri Jun 05 00:00:00 CEST 2015,46.139999,262.4106671773152
GOOG,Thu Jun 25 00:00:00 CEST 2015,35.169998,262.2476537847921
GOOG,Tue May 12 00:00:00 CEST 2015,77.459999,262.11518951612913
GOOG,Thu Jun 04 00:00:00 CEST 2015,46.360001,261.9606370888253
GOOG,Wed Jun 24 00:00:00 CEST 2015,35.169998,261.798295901217
GOOG,Mon May 11 00:00:00 CEST 2015,78.010002,261.6668307410588
GOOG,Wed Jun 03 00:00:00 CEST 2015,46.849998,261.51328046747693
GOOG,Tue Jun 23 00:00:00 CEST 2015,35.369999,261.35174955214296
GOOG,Fri May 08 00:00:00 CEST 2015,78.510002,261.22124152391166
GOOG,Tue Jun 02 00:00:00 CEST 2015,46.919998,261.0683875699003
GOOG,Mon Jun 22 00:00:00 CEST 2015,35.549999,260.9076474497507
GOOG,Thu May 07 00:00:00 CEST 2015,78.43,260.7776776153848
GOOG,Mon Jun 01 00:00:00 CEST 2015,47.23,260.6256863857653
GOOG,Fri Jun 19 00:00:00 CEST 2015,35.860001,260.4658245896161
GOOG,Wed May 06 00:00:00 CEST 2015,78.099998,260.3362113511018
GOOG,Fri May 29 00:00:00 CEST 2015,46.860001,260.184594724432
GOOG,Thu Jun 18 00:00:00 CEST 2015,34.66,260.02453468559276
GOOG,Tue May 05 00:00:00 CEST 2015,77.559998,259.89512721276606
GOOG,Thu May 28 00:00:00 CEST 2015,47.450001,259.74456369312554
GOOG,Wed Jun 17 00:00:00 CEST 2015,34.689999,259.58517660764886
GOOG,Mon May 04 00:00:00 CEST 2015,78.809998,259.4572394677991
GOOG,Wed May 27 00:00:00 CEST 2015,47.610001,259.3074182241868
GOOG,Tue Jun 16 00:00:00 CEST 2015,34.82,259.1487698720849
GOOG,Fri May 01 00:00:00 CEST 2015,78.989998,259.0215391009888
GOOG,Tue May 26 00:00:00 CEST 2015,46.59,258.8716227007764
GOOG,Mon Jun 15 00:00:00 CEST 2015,34.669998,258.7135115409028
GOOG,Thu Apr 30 00:00:00 CEST 2015,78.769997,258.58670145313613
GOOG,Fri May 22 00:00:00 CEST 2015,46.900002,258.4376263126762
GOOG,Fri Jun 12 00:00:00 CEST 2015,35.900002,258.2810199619987
GOOG,Wed Apr 29 00:00:00 CEST 2015,80.470001,258.1559770513362
GOOG,Thu May 21 00:00:00 CEST 2015,47.419998,258.0078843042868
GOOG,Thu Jun 11 00:00:00 CEST 2015,35.84,257.8518675316012
GOOG,Tue Apr 28 00:00:00 CEST 2015,80.68,257.72753639649136
GOOG,Wed May 20 00:00:00 CEST 2015,47.580002,257.58016785904636
GOOG,Wed Jun 10 00:00:00 CEST 2015,35.849998,257.424785819902
GOOG,Mon Apr 27 00:00:00 CEST 2015,81.910004,257.30187630882364
GOOG,Tue May 19 00:00:00 CEST 2015,47.580002,257.1551150251925
GOOG,Tue Jun 09 00:00:00 CEST 2015,35.880001,257.00037718321687
GOOG,Fri Apr 24 00:00:00 CEST 2015,81.529999,256.87775637386454
GOOG,Mon May 18 00:00:00 CEST 2015,48.009998,256.73189900069843
GOOG,Mon Jun 08 00:00:00 CEST 2015,36.459999,256.57818518353116
GOOG,Thu Apr 23 00:00:00 CEST 2015,82.410004,256.4567289902372
GOOG,Fri May 15 00:00:00 CEST 2015,48.299999,256.3116720355402
GOOG,Fri Jun 05 00:00:00 CEST 2015,37.0,256.1589480299444
GOOG,Wed Apr 22 00:00:00 CEST 2015,84.629997,256.0395820236605
GOOG,Thu May 14 00:00:00 CEST 2015,48.720001,255.89540985326852
GOOG,Thu Jun 04 00:00:00 CEST 2015,36.709999,255.74309198610155
GOOG,Tue Apr 21 00:00:00 CEST 2015,83.620003,255.62356206319456
GO