MSFT,date,closing,avg
GOOG,Tue Mar 01 00:00:00 CET 2016,109.82,421.44447288647956
AAPL,Tue Mar 01 00:00:00 CET 2016,109.82,421.44447288647956
AMZN,Tue Mar 01 00:00:00 CET 2016,109.82,320.8689869629626
FB,Tue Mar 01 00:00:00 CET 2016,109.82,488.3039161550386
MSFT,Tue Mar 01 00:00:00 CET 2016,109.82,109.82
GOOG,Mon Feb 29 00:00:00 CET 2016,106.919998,421.0438047656051
AAPL,Mon Feb 29 00:00:00 CET 2016,106.919998,421.0438047656051
AMZN,Mon Feb 29 00:00:00 CET 2016,106.919998,320.45274379377395
FB,Mon Feb 29 00:00:00 CET 2016,106.919998,486.83139137451724
MSFT,Mon Feb 29 00:00:00 CET 2016,106.919998,108.369999
GOOG,Fri Feb 26 00:00:00 CET 2016,107.919998,420.6454284211196
AAPL,Fri Feb 26 00:00:00 CET 2016,107.919998,420.6454284211196
AMZN,Fri Feb 26 00:00:00 CET 2016,107.919998,320.0400588504851
FB,Fri Feb 26 00:00:00 CET 2016,107.919998,485.37403986153834
MSFT,Fri Feb 26 00:00:00 CET 2016,107.919998,108.21999866666668
GOOG,Thu Feb 25 00:00:00 CET 2016,108.07,420.24825506861504
AAPL,Thu Feb 25 00:00:00 CET 2016,108.07,420.24825506861504
AMZN,Thu Feb 25 00:00:00 CET 2016,108.07,319.6292641627904
FB,Thu Feb 25 00:00:00 CET 2016,108.07,483.92843051340986
MSFT,Thu Feb 25 00:00:00 CET 2016,108.07,108.182499
GOOG,Wed Feb 24 00:00:00 CET 2016,106.879997,419.8505796142132
AAPL,Wed Feb 24 00:00:00 CET 2016,106.879997,419.8505796142132
AMZN,Wed Feb 24 00:00:00 CET 2016,106.879997,319.21775687620857
FB,Wed Feb 24 00:00:00 CET 2016,106.879997,482.4893143549617
MSFT,Wed Feb 24 00:00:00 CET 2016,106.879997,107.92199860000001
GOOG,Tue Feb 23 00:00:00 CET 2016,105.459999,419.4521124651458
AAPL,Tue Feb 23 00:00:00 CET 2016,105.459999,419.4521124651458
AMZN,Tue Feb 23 00:00:00 CET 2016,105.459999,318.80509711196885
FB,Tue Feb 23 00:00:00 CET 2016,105.459999,481.0557428136881
MSFT,Tue Feb 23 00:00:00 CET 2016,105.459999,107.51166533333334
GOOG,Mon Feb 22 00:00:00 CET 2016,107.160004,419.0568059987342
AAPL,Mon Feb 22 00:00:00 CET 2016,107.160004,419.0568059987342
AMZN,Mon Feb 22 00:00:00 CET 2016,107.160004,318.39730309826564
FB,Mon Feb 22 00:00:00 CET 2016,107.160004,479.63947107575746
MSFT,Mon Feb 22 00:00:00 CET 2016,107.160004,107.461428
GOOG,Fri Feb 19 00:00:00 CET 2016,104.57,418.65922470164355
AAPL,Fri Feb 19 00:00:00 CET 2016,104.57,418.65922470164355
AMZN,Fri Feb 19 00:00:00 CET 2016,104.57,317.9860967461536
FB,Fri Feb 19 00:00:00 CET 2016,104.57,478.22411458113197
MSFT,Fri Feb 19 00:00:00 CET 2016,104.57,107.0999995
GOOG,Thu Feb 18 00:00:00 CET 2016,103.470001,418.261258510101
AAPL,Thu Feb 18 00:00:00 CET 2016,103.470001,418.261258510101
AMZN,Thu Feb 18 00:00:00 CET 2016,103.470001,317.5743575988481
FB,Thu Feb 18 00:00:00 CET 2016,103.470001,476.81526453007507
MSFT,Thu Feb 18 00:00:00 CET 2016,103.470001,106.69666633333333
GOOG,Wed Feb 17 00:00:00 CET 2016,105.199997,417.8664776002522
AAPL,Wed Feb 17 00:00:00 CET 2016,105.199997,417.8664776002522
AMZN,Wed Feb 17 00:00:00 CET 2016,105.199997,317.1675101647507
FB,Wed Feb 17 00:00:00 CET 2016,105.199997,475.42344704868907
MSFT,Wed Feb 17 00:00:00 CET 2016,105.199997,106.5469994
GOOG,Tue Feb 16 00:00:00 CET 2016,101.610001,417.4681696952141
AAPL,Tue Feb 16 00:00:00 CET 2016,101.610001,417.4681696952141
AMZN,Tue Feb 16 00:00:00 CET 2016,101.610001,316.7553543154873
FB,Tue Feb 16 00:00:00 CET 2016,101.610001,474.0286207574626
MSFT,Tue Feb 16 00:00:00 CET 2016,101.610001,106.09818136363637
GOOG,Fri Feb 12 00:00:00 CET 2016,102.010002,417.0713669685535
AAPL,Fri Feb 12 00:00:00 CET 2016,102.010002,417.0713669685535
AMZN,Fri Feb 12 00:00:00 CET 2016,102.010002,316.3455349408394
FB,Fri Feb 12 00:00:00 CET 2016,102.010002,472.645651914498
MSFT,Fri Feb 12 00:00:00 CET 2016,102.010002,105.75749975000001
GOOG,Thu Feb 11 00:00:00 CET 2016,101.910004,416.67543560804023
AAPL,Thu Feb 11 00:00:00 CET 2016,101.910004,416.67543560804023
AMZN,Thu Feb 11 00:00:00 CET 2016,101.910004,315.93708631047593
FB,Thu Feb 11 00:00:00 CET 2016,101.910004,471.2725569222221
MSFT,Thu Feb 11 00:00:00 CET 2016,101.910004,105.46153853846155
GOOG,Wed Feb 10 00:00:00 CET 2016,101.0,416.2793560150565
AAPL,Wed Feb 10 00:00:00 CET 2016,101.0,416.2793560150565
AMZN,Wed Feb 10 00:00:00 CET 2016,101.0,315.5284606711024
FB,Wed Feb 10 00:00:00 CET 2016,101.0,469.9062375239851
MSFT,Wed Feb 10 00:00:00 CET 2016,101.0,105.14285721428573
GOOG,Tue Feb 09 00:00:00 CET 2016,99.540001,415.8824395300752
AAPL,Tue Feb 09 00:00:00 CET 2016,99.540001,415.8824395300752
AMZN,Tue Feb 09 00:00:00 CET 2016,99.540001,315.1186153965841
FB,Tue Feb 09 00:00:00 CET 2016,99.540001,468.5445969485293
MSFT,Tue Feb 09 00:00:00 CET 2016,99.540001,104.76933346666668
GOOG,Mon Feb 08 00:00:00 CET 2016,99.75,415.4867794055069
AAPL,Mon Feb 08 00:00:00 CET 2016,99.75,415.4867794055069
AMZN,Mon Feb 08 00:00:00 CET 2016,99.75,314.71072029166635
FB,Mon Feb 08 00:00:00 CET 2016,99.75,467.1937009890109
MSFT,Mon Feb 08 00:00:00 CET 2016,99.75,104.45562512500001
GOOG,Fri Feb 05 00:00:00 CET 2016,104.07,415.09750843125005
AAPL,Fri Feb 05 00:00:00 CET 2016,104.07,415.09750843125005
AMZN,Fri Feb 05 00:00:00 CET 2016,104.07,314.31253367485795
FB,Fri Feb 05 00:00:00 CET 2016,104.07,465.8684320072992
MSFT,Fri Feb 05 00:00:00 CET 2016,104.07,104.43294129411765
GOOG,Thu Feb 04 00:00:00 CET 2016,110.489998,414.7172243982522
AAPL,Thu Feb 04 00:00:00 CET 2016,110.489998,414.7172243982522
AMZN,Thu Feb 04 00:00:00 CET 2016,110.489998,313.9279628528299
FB,Thu Feb 04 00:00:00 CET 2016,110.489998,464.57614679272723
MSFT,Thu Feb 04 00:00:00 CET 2016,110.489998,104.76944444444445
GOOG,Wed Feb 03 00:00:00 CET 2016,112.690002,414.34063185162097
AAPL,Wed Feb 03 00:00:00 CET 2016,112.690002,414.34063185162097
AMZN,Wed Feb 03 00:00:00 CET 2016,112.690002,313.5489836421843
FB,Wed Feb 03 00:00:00 CET 2016,112.690002,463.30119699275355
MSFT,Wed Feb 03 00:00:00 CET 2016,112.690002,105.18631589473685
GOOG,Tue Feb 02 00:00:00 CET 2016,114.610001,413.96736830136985
AAPL,Tue Feb 02 00:00:00 CET 2016,114.610001,413.96736830136985
AMZN,Tue Feb 02 00:00:00 CET 2016,114.610001,313.1750381860899
FB,Tue Feb 02 00:00:00 CET 2016,114.610001,462.04238401083023
MSFT,Tue Feb 02 00:00:00 CET 2016,114.610001,105.65750015
GOOG,Mon Feb 01 00:00:00 CET 2016,115.089996,413.5956302761194
AAPL,Mon Feb 01 00:00:00 CET 2016,115.089996,413.5956302761194
AMZN,Mon Feb 01 00:00:00 CET 2016,115.089996,312.80339645590965
FB,Mon Feb 01 00:00:00 CET 2016,115.089996,460.7943538381294
MSFT,Mon Feb 01 00:00:00 CET 2016,115.089996,106.10666661904763
GOOG,Fri Jan 29 00:00:00 CET 2016,112.209999,413.2212381875777
AAPL,Fri Jan 29 00:00:00 CET 2016,112.209999,413.2212381875777
AMZN,Fri Jan 29 00:00:00 CET 2016,112.209999,312.4277533895128
FB,Fri Jan 29 00:00:00 CET 2016,112.209999,459.544947548387
MSFT,Fri Jan 29 00:00:00 CET 2016,112.209999,106.38409081818185
GOOG,Thu Jan 28 00:00:00 CET 2016,109.110001,412.8439289602978
AAPL,Thu Jan 28 00:00:00 CET 2016,109.110001,412.8439289602978
AMZN,Thu Jan 28 00:00:00 CET 2016,109.110001,312.04772020747635
FB,Thu Jan 28 00:00:00 CET 2016,109.110001,458.293394167857
MSFT,Thu Jan 28 00:00:00 CET 2016,109.110001,106.50260865217393
GOOG,Wed Jan 27 00:00:00 CET 2016,94.449997,412.449388771995
AAPL,Wed Jan 27 00:00:00 CET 2016,94.449997,412.449388771995
AMZN,Wed Jan 27 00:00:00 CET 2016,94.449997,311.6417543059698
FB,Wed Jan 27 00:00:00 CET 2016,94.449997,456.99857780782907
MSFT,Wed Jan 27 00:00:00 CET 2016,94.449997,106.00041650000003
GOOG,Tue Jan 26 00:00:00 CET 2016,97.339996,412.05940189975246
AAPL,Tue Jan 26 00:00:00 CET 2016,97.339996,412.05940189975246
AMZN,Tue Jan 26 00:00:00 CET 2016,97.339996,311.2426821303535
FB,Tue Jan 26 00:00:00 CET 2016,97.339996,455.7231927659573
MSFT,Tue Jan 26 00:00:00 CET 2016,97.339996,105.65399968000003
GOOG,Mon Jan 25 00:00:00 CET 2016,97.010002,411.66997124474665
AAPL,Mon Jan 25 00:00:00 CET 2016,97.010002,411.66997124474665
AMZN,Mon Jan 25 00:00:00 CET 2016,97.010002,310.84448012267626
FB,Mon Jan 25 00:00:00 CET 2016,97.010002,454.45565498939914
MSFT,Mon Jan 25 00:00:00 CET 2016,97.010002,105.32153823076926
GOOG,Fri Jan 22 00:00:00 CET 2016,97.940002,411.2826502950618
AAPL,Fri Jan 22 00:00:00 CET 2016,97.940002,411.2826502950618
AMZN,Fri Jan 22 00:00:00 CET 2016,97.940002,310.4494810909087
FB,Fri Jan 22 00:00:00 CET 2016,97.940002,453.20031818309843
MSFT,Fri Jan 22 00:00:00 CET 2016,97.940002,105.04814800000003
GOOG,Thu Jan 21 00:00:00 CET 2016,94.160004,410.89162360419243
AAPL,Thu Jan 21 00:00:00 CET 2016,94.160004,410.89162360419243
AMZN,Thu Jan 21 00:00:00 CET 2016,94.160004,310.04894502222186
FB,Thu Jan 21 00:00:00 CET 2016,94.160004,451.94052760701743
MSFT,Thu Jan 21 00:00:00 CET 2016,94.160004,104.65928571428573
GOOG,Wed Jan 20 00:00:00 CET 2016,94.349998,410.5017940160099
AAPL,Wed Jan 20 00:00:00 CET 2016,94.349998,410.5017940160099
AMZN,Wed Jan 20 00:00:00 CET 2016,94.349998,309.65024086876116
FB,Wed Jan 20 00:00:00 CET 2016,94.349998,450.69021106993
MSFT,Wed Jan 20 00:00:00 CET 2016,94.349998,104.30379303448278
GOOG,Tue Jan 19 00:00:00 CET 2016,95.260002,410.1140427343174
AAPL,Tue Jan 19 00:00:00 CET 2016,95.260002,410.1140427343174
AMZN,Tue Jan 19 00:00:00 CET 2016,95.260002,309.2546869225088
FB,Tue Jan 19 00:00:00 CET 2016,95.260002,449.45177828571417
MSFT,Tue Jan 19 00:00:00 CET 2016,95.260002,104.00233333333335
GOOG,Fri Jan 15 00:00:00 CET 2016,94.970001,409.726887891892
AAPL,Fri Jan 15 00:00:00 CET 2016,94.970001,409.726887891892
AMZN,Fri Jan 15 00:00:00 CET 2016,94.970001,308.86005582504566
FB,Fri Jan 15 00:00:00 CET 2016,94.970001,448.22093878124986
MSFT,Fri Jan 15 00:00:00 CET 2016,94.970001,103.71096777419358
GOOG,Thu Jan 14 00:00:00 CET 2016,98.370003,409.3448549042946
AAPL,Thu Jan 14 00:00:00 CET 2016,98.370003,409.3448549042946
AMZN,Thu Jan 14 00:00:00 CET 2016,98.370003,308.47312558088197
FB,Thu Jan 14 00:00:00 CET 2016,98.370003,447.0103819100345
MSFT,Thu Jan 14 00:00:00 CET 2016,98.370003,103.54406262500002
GOOG,Wed Jan 13 00:00:00 CET 2016,95.440002,408.960167584559
AAPL,Wed Jan 13 00:00:00 CET 2016,95.440002,408.960167584559
AMZN,Wed Jan 13 00:00:00 CET 2016,95.440002,308.08223911559594
FB,Wed Jan 13 00:00:00 CET 2016,95.440002,445.7980702551723
MSFT,Wed Jan 13 00:00:00 CET 2016,95.440002,103.29848503030304
GOOG,Tue Jan 12 00:00:00 CET 2016,99.370003,408.58123225459013
AAPL,Tue Jan 12 00:00:00 CET 2016,99.370003,408.58123225459013
AMZN,Tue Jan 12 00:00:00 CET 2016,99.370003,307.69998227289335
FB,Tue Jan 12 00:00:00 CET 2016,99.370003,444.6075957972508
MSFT,Tue Jan 12 00:00:00 CET 2016,99.370003,103.18294144117648
GOOG,Mon Jan 11 00:00:00 CET 2016,97.510002,408.2009495770173
AAPL,Mon Jan 11 00:00:00 CET 2016,97.510002,408.2009495770173
AMZN,Mon Jan 11 00:00:00 CET 2016,97.510002,307.3157227111513
FB,Mon Jan 11 00:00:00 CET 2016,97.510002,443.4189054075341
MSFT,Mon Jan 11 00:00:00 CET 2016,97.510002,103.02085745714287
GOOG,Fri Jan 08 00:00:00 CET 2016,97.330002,407.82137577045194
AAPL,Fri Jan 08 00:00:00 CET 2016,97.330002,407.82137577045194
AMZN,Fri Jan 08 00:00:00 CET 2016,97.330002,306.93253708941563
FB,Fri Jan 08 00:00:00 CET 2016,97.330002,442.2377146109214
MSFT,Fri Jan 08 00:00:00 CET 2016,97.330002,102.86277813888891
GOOG,Thu Jan 07 00:00:00 CET 2016,97.919998,407.4434472609758
AAPL,Thu Jan 07 00:00:00 CET 2016,97.919998,407.4434472609758
AMZN,Thu Jan 07 00:00:00 CET 2016,97.919998,306.5518220819668
FB,Thu Jan 07 00:00:00 CET 2016,97.919998,441.06656591496585
MSFT,Thu Jan 07 00:00:00 CET 2016,97.919998,102.7291894864865
GOOG,Wed Jan 06 00:00:00 CET 2016,102.970001,407.07259044457993
AAPL,Wed Jan 06 00:00:00 CET 2016,102.970001,407.07259044457993
AMZN,Wed Jan 06 00:00:00 CET 2016,102.970001,306.18167331636323
FB,Wed Jan 06 00:00:00 CET 2016,102.970001,439.9204758644066
MSFT,Wed Jan 06 00:00:00 CET 2016,102.970001,102.73552663157896
GOOG,Tue Jan 05 00:00:00 CET 2016,102.730003,406.7023439878347
AAPL,Tue Jan 05 00:00:00 CET 2016,102.730003,406.7023439878347
AMZN,Tue Jan 05 00:00:00 CET 2016,102.730003,305.8124325353898
FB,Tue Jan 05 00:00:00 CET 2016,102.730003,438.7813188614864
MSFT,Tue Jan 05 00:00:00 CET 2016,102.730003,102.73538500000002
GOOG,Mon Jan 04 00:00:00 CET 2016,102.220001,406.33237759295275
AAPL,Mon Jan 04 00:00:00 CET 2016,102.220001,406.33237759295275
AMZN,Mon Jan 04 00:00:00 CET 2016,102.220001,305.44360566666626
FB,Mon Jan 04 00:00:00 CET 2016,102.220001,437.64811577104365
MSFT,Mon Jan 04 00:00:00 CET 2016,102.220001,102.72250040000002
GOOG,Thu Dec 31 00:00:00 CET 2015,104.660004,405.96627034344675
AAPL,Thu Dec 31 00:00:00 CET 2015,104.660004,405.96627034344675
AMZN,Thu Dec 31 00:00:00 CET 2015,104.660004,305.08052501265786
FB,Thu Dec 31 00:00:00 CET 2015,104.660004,436.5307059999999
MSFT,Thu Dec 31 00:00:00 CET 2015,104.660004,102.76975658536587
GOOG,Wed Dec 30 00:00:00 CET 2015,106.220001,405.60294153212135
AAPL,Wed Dec 30 00:00:00 CET 2015,106.220001,405.60294153212135
AMZN,Wed Dec 30 00:00:00 CET 2015,106.220001,304.7215709981946
FB,Wed Dec 30 00:00:00 CET 2015,106.220001,435.4259879230768
MSFT,Wed Dec 30 00:00:00 CET 2015,106.220001,102.85190526190478
GOOG,Tue Dec 29 00:00:00 CET 2015,107.260002,405.2417515326878
AAPL,Tue Dec 29 00:00:00 CET 2015,107.260002,405.2417515326878
AMZN,Tue Dec 29 00:00:00 CET 2015,107.260002,304.365784387387
FB,Tue Dec 29 00:00:00 CET 2015,107.260002,434.33210130333316
MSFT,Tue Dec 29 00:00:00 CET 2015,107.260002,102.95441913953489
GOOG,Mon Dec 28 00:00:00 CET 2015,105.93,404.8798268029022
AAPL,Mon Dec 28 00:00:00 CET 2015,105.93,404.8798268029022
AMZN,Mon Dec 28 00:00:00 CET 2015,105.93,304.00888549460393
FB,Mon Dec 28 00:00:00 CET 2015,105.93,433.24106442192675
MSFT,Mon Dec 28 00:00:00 CET 2015,105.93,103.02204597727274
GOOG,Thu Dec 24 00:00:00 CET 2015,105.019997,404.51767725000013
AAPL,Thu Dec 24 00:00:00 CET 2015,105.019997,404.51767725000013
AMZN,Thu Dec 24 00:00:00 CET 2015,105.019997,303.65163434829407
FB,Thu Dec 24 00:00:00 CET 2015,105.019997,432.154239695364
MSFT,Thu Dec 24 00:00:00 CET 2015,105.019997,103.06644488888891
GOOG,Wed Dec 23 00:00:00 CET 2015,104.629997,404.1559309529555
AAPL,Wed Dec 23 00:00:00 CET 2015,104.629997,404.1559309529555
AMZN,Wed Dec 23 00:00:00 CET 2015,104.629997,303.29496474731144
FB,Wed Dec 23 00:00:00 CET 2015,104.629997,431.0733016006599
MSFT,Wed Dec 23 00:00:00 CET 2015,104.629997,103.10043515217394
GOOG,Tue Dec 22 00:00:00 CET 2015,105.510002,403.79611658072304
AAPL,Tue Dec 22 00:00:00 CET 2015,105.510002,403.79611658072304
AMZN,Tue Dec 22 00:00:00 CET 2015,105.510002,302.9411454937384
FB,Tue Dec 22 00:00:00 CET 2015,105.510002,430.0023696940787
MSFT,Tue Dec 22 00:00:00 CET 2015,105.510002,103.15170253191492
GOOG,Mon Dec 21 00:00:00 CET 2015,104.769997,403.43627768832744
AAPL,Mon Dec 21 00:00:00 CET 2015,104.769997,403.43627768832744
AMZN,Mon Dec 21 00:00:00 CET 2015,104.769997,302.5872684428568
FB,Mon Dec 21 00:00:00 CET 2015,104.769997,428.9360340459014
MSFT,Mon Dec 21 00:00:00 CET 2015,104.769997,103.18541700000003
GOOG,Fri Dec 18 00:00:00 CET 2015,104.040001,403.0764263942309
AAPL,Fri Dec 18 00:00:00 CET 2015,104.040001,403.0764263942309
AMZN,Fri Dec 18 00:00:00 CET 2015,104.040001,302.23335174509765
FB,Fri Dec 18 00:00:00 CET 2015,104.040001,427.87428230392135
MSFT,Fri Dec 18 00:00:00 CET 2015,104.040001,103.20285748979596
GOOG,Thu Dec 17 00:00:00 CET 2015,106.220001,402.7200561356544
AAPL,Thu Dec 17 00:00:00 CET 2015,106.220001,402.7200561356544
AMZN,Thu Dec 17 00:00:00 CET 2015,106.220001,301.88457354092486
FB,Thu Dec 17 00:00:00 CET 2015,106.220001,426.8265484885991
MSFT,Thu Dec 17 00:00:00 CET 2015,106.220001,103.26320036000003
GOOG,Wed Dec 16 00:00:00 CET 2015,106.790001,402.3652239352519
AAPL,Wed Dec 16 00:00:00 CET 2015,106.790001,402.3652239352519
AMZN,Wed Dec 16 00:00:00 CET 2015,106.790001,301.53804676909374
FB,Wed Dec 16 00:00:00 CET 2015,106.790001,425.7874687889608
MSFT,Wed Dec 16 00:00:00 CET 2015,106.790001,103.33235331372552
GOOG,Tue Dec 15 00:00:00 CET 2015,104.550003,402.0085590000001
AAPL,Tue Dec 15 00:00:00 CET 2015,104.550003,402.0085590000001
AMZN,Tue Dec 15 00:00:00 CET 2015,104.550003,301.1887771879429
FB,Tue Dec 15 00:00:00 CET 2015,104.550003,424.7478653398056
MSFT,Tue Dec 15 00:00:00 CET 2015,104.550003,103.3557696538462
GOOG,Mon Dec 14 00:00:00 CET 2015,104.660004,401.6528789102872
AAPL,Mon Dec 14 00:00:00 CET 2015,104.660004,401.6528789102872
AMZN,Mon Dec 14 00:00:00 CET 2015,104.660004,300.84093865132706
FB,Mon Dec 14 00:00:00 CET 2015,104.660004,423.7153238516127
MSFT,Mon Dec 14 00:00:00 CET 2015,104.660004,103.38037784905664
GOOG,Fri Dec 11 00:00:00 CET 2015,102.120003,401.29501406451624
AAPL,Fri Dec 11 00:00:00 CET 2015,102.120003,401.29501406451624
AMZN,Fri Dec 11 00:00:00 CET 2015,102.120003,300.4898415918724
FB,Fri Dec 11 00:00:00 CET 2015,102.120003,422.6812552958197
MSFT,Fri Dec 11 00:00:00 CET 2015,102.120003,103.35703757407411
GOOG,Thu Dec 10 00:00:00 CET 2015,105.419998,400.94194125298344
AAPL,Thu Dec 10 00:00:00 CET 2015,105.419998,400.94194125298344
AMZN,Thu Dec 10 00:00:00 CET 2015,105.419998,300.145803067019
FB,Thu Dec 10 00:00:00 CET 2015,105.419998,421.66439229166645
MSFT,Thu Dec 10 00:00:00 CET 2015,105.419998,103.3945459454546
GOOG,Wed Dec 09 00:00:00 CET 2015,104.599998,400.5887327389751
AAPL,Wed Dec 09 00:00:00 CET 2015,104.599998,400.5887327389751
AMZN,Wed Dec 09 00:00:00 CET 2015,104.599998,299.8015322834503
FB,Wed Dec 09 00:00:00 CET 2015,104.599998,420.65140700638955
MSFT,Wed Dec 09 00:00:00 CET 2015,104.599998,103.41607187500004
GOOG,Tue Dec 08 00:00:00 CET 2015,106.489998,400.2386151976192
AAPL,Tue Dec 08 00:00:00 CET 2015,106.489998,400.2386151976192
AMZN,Tue Dec 08 00:00:00 CET 2015,106.489998,299.46179320738094
FB,Tue Dec 08 00:00:00 CET 2015,106.489998,419.6508929649679
MSFT,Tue Dec 08 00:00:00 CET 2015,106.489998,103.4700004035088
GOOG,Mon Dec 07 00:00:00 CET 2015,105.610001,399.8882839084425
AAPL,Mon Dec 07 00:00:00 CET 2015,105.610001,399.8882839084425
AMZN,Mon Dec 07 00:00:00 CET 2015,105.610001,299.1217023438592
FB,Mon Dec 07 00:00:00 CET 2015,105.610001,418.65393775238067
MSFT,Mon Dec 07 00:00:00 CET 2015,105.610001,103.50689696551729
GOOG,Fri Dec 04 00:00:00 CET 2015,106.18,399.53946171852743
AAPL,Fri Dec 04 00:00:00 CET 2015,106.18,399.53946171852743
AMZN,Fri Dec 04 00:00:00 CET 2015,106.18,298.7838009387036
FB,Fri Dec 04 00:00:00 CET 2015,106.18,417.66509617721493
MSFT,Fri Dec 04 00:00:00 CET 2015,106.18,103.55220379661021
GOOG,Thu Dec 03 00:00:00 CET 2015,104.379997,399.1893318671413
AAPL,Thu Dec 03 00:00:00 CET 2015,104.379997,399.1893318671413
AMZN,Thu Dec 03 00:00:00 CET 2015,104.379997,298.443934148601
FB,Thu Dec 03 00:00:00 CET 2015,104.379997,416.67681510725527
MSFT,Thu Dec 03 00:00:00 CET 2015,104.379997,103.56600035000004
GOOG,Wed Dec 02 00:00:00 CET 2015,106.07,398.84203408056885
AAPL,Wed Dec 02 00:00:00 CET 2015,106.07,398.84203408056885
AMZN,Wed Dec 02 00:00:00 CET 2015,106.07,298.1082030244324
FB,Wed Dec 02 00:00:00 CET 2015,106.07,415.700064116352
MSFT,Wed Dec 02 00:00:00 CET 2015,106.07,103.6070495245902
GOOG,Tue Dec 01 00:00:00 CET 2015,107.120003,398.49680090769243
AAPL,Tue Dec 01 00:00:00 CET 2015,107.120003,398.49680090769243
AMZN,Tue Dec 01 00:00:00 CET 2015,107.120003,297.7754709686407
FB,Tue Dec 01 00:00:00 CET 2015,107.120003,414.7327285015671
MSFT,Tue Dec 01 00:00:00 CET 2015,107.120003,103.66371006451617
GOOG,Mon Nov 30 00:00:00 CET 2015,104.239998,398.1489796276597
AAPL,Mon Nov 30 00:00:00 CET 2015,104.239998,398.1489796276597
AMZN,Mon Nov 30 00:00:00 CET 2015,104.239998,297.4388875373909
FB,Mon Nov 30 00:00:00 CET 2015,104.239998,413.76243871874976
MSFT,Mon Nov 30 00:00:00 CET 2015,104.239998,103.67285749206353
GOOG,Fri Nov 27 00:00:00 CET 2015,105.449997,397.8034082195987
AAPL,Fri Nov 27 00:00:00 CET 2015,105.449997,397.8034082195987
AMZN,Fri Nov 27 00:00:00 CET 2015,105.449997,297.10557349131903
FB,Fri Nov 27 00:00:00 CET 2015,105.449997,412.8019638224296
MSFT,Fri Nov 27 00:00:00 CET 2015,105.449997,103.70062529687503
GOOG,Wed Nov 25 00:00:00 CET 2015,105.410004,397.45860467688686
AAPL,Wed Nov 25 00:00:00 CET 2015,105.410004,397.45860467688686
AMZN,Wed Nov 25 00:00:00 CET 2015,105.410004,296.7733454679372
FB,Wed Nov 25 00:00:00 CET 2015,105.410004,411.84733040683204
MSFT,Wed Nov 25 00:00:00 CET 2015,105.410004,103.72692343076926
GOOG,Tue Nov 24 00:00:00 CET 2015,105.739998,397.11500207773855
AAPL,Tue Nov 24 00:00:00 CET 2015,105.739998,397.11500207773855
AMZN,Tue Nov 24 00:00:00 CET 2015,105.739998,296.44283794636635
FB,Tue Nov 24 00:00:00 CET 2015,105.739998,410.8996296873063
MSFT,Tue Nov 24 00:00:00 CET 2015,105.739998,103.7574245606061
GOOG,Mon Nov 23 00:00:00 CET 2015,106.949997,396.77363148352947
AAPL,Mon Nov 23 00:00:00 CET 2015,106.949997,396.77363148352947
AMZN,Mon Nov 23 00:00:00 CET 2015,106.949997,296.1155618825557
FB,Mon Nov 23 00:00:00 CET 2015,106.949997,409.96151353703675
MSFT,Mon Nov 23 00:00:00 CET 2015,106.949997,103.80507489552242
GOOG,Fri Nov 20 00:00:00 CET 2015,107.32,396.4334979565218
AAPL,Fri Nov 20 00:00:00 CET 2015,107.32,396.4334979565218
AMZN,Fri Nov 20 00:00:00 CET 2015,107.32,295.79005229310303
FB,Fri Nov 20 00:00:00 CET 2015,107.32,409.0303088799997
MSFT,Fri Nov 20 00:00:00 CET 2015,107.32,103.85676497058826
GOOG,Thu Nov 19 00:00:00 CET 2015,106.260002,396.0929187359156
AAPL,Thu Nov 19 00:00:00 CET 2015,106.260002,396.0929187359156
AMZN,Thu Nov 19 00:00:00 CET 2015,106.260002,295.4638387814109
FB,Thu Nov 19 00:00:00 CET 2015,106.260002,408.1015656073617
MSFT,Thu Nov 19 00:00:00 CET 2015,106.260002,103.89159449275365
GOOG,Wed Nov 18 00:00:00 CET 2015,107.769997,395.7549082766707
AAPL,Wed Nov 18 00:00:00 CET 2015,107.769997,395.7549082766707
AMZN,Wed Nov 18 00:00:00 CET 2015,107.769997,295.14134077147725
FB,Wed Nov 18 00:00:00 CET 2015,107.769997,407.1831204434248
MSFT,Wed Nov 18 00:00:00 CET 2015,107.769997,103.94700024285717
GOOG,Tue Nov 17 00:00:00 CET 2015,105.129997,395.4145980761125
AAPL,Tue Nov 17 00:00:00 CET 2015,105.129997,395.4145980761125
AMZN,Tue Nov 17 00:00:00 CET 2015,105.129997,294.8154207993135
FB,Tue Nov 17 00:00:00 CET 2015,105.129997,406.26222677439
MSFT,Tue Nov 17 00:00:00 CET 2015,105.129997,103.96366216901411
GOOG,Mon Nov 16 00:00:00 CET 2015,104.040001,395.07380907368423
AAPL,Mon Nov 16 00:00:00 CET 2015,104.040001,395.07380907368423
AMZN,Mon Nov 16 00:00:00 CET 2015,104.040001,294.4887505599311
FB,Mon Nov 16 00:00:00 CET 2015,104.040001,405.34361818541004
MSFT,Mon Nov 16 00:00:00 CET 2015,104.040001,103.96472243055558
GOOG,Fri Nov 13 00:00:00 CET 2015,103.949997,394.7337111623832
AAPL,Fri Nov 13 00:00:00 CET 2015,103.949997,394.7337111623832
AMZN,Fri Nov 13 00:00:00 CET 2015,103.949997,294.16304328888845
FB,Fri Nov 13 00:00:00 CET 2015,103.949997,404.43030418181786
MSFT,Fri Nov 13 00:00:00 CET 2015,103.949997,103.96452071232879
GOOG,Thu Nov 12 00:00:00 CET 2015,108.019997,394.3991560700117
AAPL,Thu Nov 12 00:00:00 CET 2015,108.019997,394.3991560700117
AMZN,Thu Nov 12 00:00:00 CET 2015,108.019997,293.8453930392487
FB,Thu Nov 12 00:00:00 CET 2015,108.019997,403.5348047643501
MSFT,Thu Nov 12 00:00:00 CET 2015,108.019997,104.01932444594598
GOOG,Wed Nov 11 00:00:00 CET 2015,109.010002,394.0665346783217
AAPL,Wed Nov 11 00:00:00 CET 2015,109.010002,394.0665346783217
AMZN,Wed Nov 11 00:00:00 CET 2015,109.010002,293.5305116235089
FB,Wed Nov 11 00:00:00 CET 2015,109.010002,402.64768186445747
MSFT,Wed Nov 11 00:00:00 CET 2015,109.010002,104.08586681333337
GOOG,Tue Nov 10 00:00:00 CET 2015,107.910004,393.73340716880097
AAPL,Tue Nov 10 00:00:00 CET 2015,107.910004,393.73340716880097
AMZN,Tue Nov 10 00:00:00 CET 2015,107.910004,293.2148304880948
FB,Tue Nov 10 00:00:00 CET 2015,107.910004,401.7625837327324
MSFT,Tue Nov 10 00:00:00 CET 2015,107.910004,104.13618440789477
GOOG,Mon Nov 09 00:00:00 CET 2015,106.489998,393.3994032046512
AAPL,Mon Nov 09 00:00:00 CET 2015,106.489998,393.3994032046512
AMZN,Mon Nov 09 00:00:00 CET 2015,106.489998,292.8978103989809
FB,Mon Nov 09 00:00:00 CET 2015,106.489998,400.87853407485
MSFT,Mon Nov 09 00:00:00 CET 2015,106.489998,104.16675341558445
GOOG,Fri Nov 06 00:00:00 CET 2015,107.099998,393.0668835702672
AAPL,Fri Nov 06 00:00:00 CET 2015,107.099998,393.0668835702672
AMZN,Fri Nov 06 00:00:00 CET 2015,107.099998,292.5828988525419
FB,Fri Nov 06 00:00:00 CET 2015,107.099998,400.0015832208952
MSFT,Fri Nov 06 00:00:00 CET 2015,107.099998,104.20435911538465
GOOG,Thu Nov 05 00:00:00 CET 2015,108.760002,392.73706120185625
AAPL,Thu Nov 05 00:00:00 CET 2015,108.760002,392.73706120185625
AMZN,Thu Nov 05 00:00:00 CET 2015,108.760002,292.27186180203
FB,Thu Nov 05 00:00:00 CET 2015,108.760002,399.1347928005949
MSFT,Thu Nov 05 00:00:00 CET 2015,108.760002,104.2620254810127
GOOG,Wed Nov 04 00:00:00 CET 2015,103.940002,392.4024180278101
AAPL,Wed Nov 04 00:00:00 CET 2015,103.940002,392.4024180278101
AMZN,Wed Nov 04 00:00:00 CET 2015,103.940002,291.9537336604725
FB,Wed Nov 04 00:00:00 CET 2015,103.940002,398.25884386646845
MSFT,Wed Nov 04 00:00:00 CET 2015,103.940002,104.25800018750003
GOOG,Tue Nov 03 00:00:00 CET 2015,102.580002,392.06697541666676
AAPL,Tue Nov 03 00:00:00 CET 2015,102.580002,392.06697541666676
AMZN,Tue Nov 03 00:00:00 CET 2015,102.580002,291.63438504047167
FB,Tue Nov 03 00:00:00 CET 2015,102.580002,397.38405439349077
MSFT,Tue Nov 03 00:00:00 CET 2015,102.580002,104.23728416049387
GOOG,Mon Nov 02 00:00:00 CET 2015,103.309998,391.7331523213873
AAPL,Mon Nov 02 00:00:00 CET 2015,103.309998,391.7331523213873
AMZN,Mon Nov 02 00:00:00 CET 2015,103.309998,291.31734061784465
FB,Mon Nov 02 00:00:00 CET 2015,103.309998,396.51657930088464
MSFT,Mon Nov 02 00:00:00 CET 2015,103.309998,104.22597579268297
GOOG,Fri Oct 30 00:00:00 CET 2015,101.970001,391.39855283949197
AAPL,Fri Oct 30 00:00:00 CET 2015,101.970001,391.39855283949197
AMZN,Fri Oct 30 00:00:00 CET 2015,101.970001,290.9991097949575
FB,Fri Oct 30 00:00:00 CET 2015,101.970001,395.6502658352938
MSFT,Fri Oct 30 00:00:00 CET 2015,101.970001,104.19879537349402
GOOG,Thu Oct 29 00:00:00 CET 2015,104.879997,391.06808161014993
AAPL,Thu Oct 29 00:00:00 CET 2015,104.879997,391.06808161014993
AMZN,Thu Oct 29 00:00:00 CET 2015,104.879997,290.686829404362
FB,Thu Oct 29 00:00:00 CET 2015,104.879997,394.79756709970644
MSFT,Thu Oct 29 00:00:00 CET 2015,104.879997,104.20690491666672
GOOG,Wed Oct 28 00:00:00 CET 2015,104.199997,390.7375884251152
AAPL,Wed Oct 28 00:00:00 CET 2015,104.199997,390.7375884251152
AMZN,Wed Oct 28 00:00:00 CET 2015,104.199997,290.3744561507533
FB,Wed Oct 28 00:00:00 CET 2015,104.199997,393.9478666023389
MSFT,Wed Oct 28 00:00:00 CET 2015,104.199997,104.20682364705887
GOOG,Tue Oct 27 00:00:00 CET 2015,103.699997,390.40728049482163
AAPL,Tue Oct 27 00:00:00 CET 2015,103.699997,390.40728049482163
AMZN,Tue Oct 27 00:00:00 CET 2015,103.699997,290.062291503344
FB,Tue Oct 27 00:00:00 CET 2015,103.699997,393.1016629008743
MSFT,Tue Oct 27 00:00:00 CET 2015,103.699997,104.20093031395352
GOOG,Mon Oct 26 00:00:00 CET 2015,103.769997,390.07781235287354
AAPL,Mon Oct 26 00:00:00 CET 2015,103.769997,390.07781235287354
AMZN,Mon Oct 26 00:00:00 CET 2015,103.769997,289.7512860033384
FB,Mon Oct 26 00:00:00 CET 2015,103.769997,392.2605824767438
MSFT,Mon Oct 26 00:00:00 CET 2015,103.769997,104.1959770574713
GOOG,Fri Oct 23 00:00:00 CEST 2015,102.190002,389.74728673823194
AAPL,Fri Oct 23 00:00:00 CEST 2015,102.190002,389.74728673823194
AMZN,Fri Oct 23 00:00:00 CEST 2015,102.190002,289.43868386333287
FB,Fri Oct 23 00:00:00 CEST 2015,102.190002,391.41979818550686
MSFT,Fri Oct 23 00:00:00 CEST 2015,102.190002,104.17318188636365
GOOG,Thu Oct 22 00:00:00 CEST 2015,99.669998,389.4146292970184
AAPL,Thu Oct 22 00:00:00 CEST 2015,99.669998,389.4146292970184
AMZN,Thu Oct 22 00:00:00 CEST 2015,99.669998,289.1229289783689
FB,Thu Oct 22 00:00:00 CEST 2015,99.669998,390.57659067051986
MSFT,Thu Oct 22 00:00:00 CEST 2015,99.669998,104.12258431460675
GOOG,Wed Oct 21 00:00:00 CEST 2015,97.110001,389.0798015441008
AAPL,Wed Oct 21 00:00:00 CEST 2015,97.110001,389.0798015441008
AMZN,Wed Oct 21 00:00:00 CEST 2015,97.110001,288.80397062624536
FB,Wed Oct 21 00:00:00 CEST 2015,97.110001,389.73086562824165
MSFT,Wed Oct 21 00:00:00 CEST 2015,97.110001,104.04466672222223
GOOG,Tue Oct 20 00:00:00 CEST 2015,97.0,388.7456141281465
AAPL,Tue Oct 20 00:00:00 CEST 2015,97.0,388.7456141281465
AMZN,Tue Oct 20 00:00:00 CEST 2015,97.0,288.4858877562184
FB,Tue Oct 20 00:00:00 CEST 2015,97.0,388.88968497988463
MSFT,Tue Oct 20 00:00:00 CEST 2015,97.0,103.9672528021978
GOOG,Mon Oct 19 00:00:00 CEST 2015,98.470001,388.4138705702857
AAPL,Mon Oct 19 00:00:00 CEST 2015,98.470001,388.4138705702857
AMZN,Mon Oct 19 00:00:00 CEST 2015,98.470001,288.17129191721807
FB,Mon Oct 19 00:00:00 CEST 2015,98.470001,388.0575368882518
MSFT,Mon Oct 19 00:00:00 CEST 2015,98.470001,103.90750006521739
GOOG,Fri Oct 16 00:00:00 CEST 2015,97.540001,388.0818227739726
AAPL,Fri Oct 16 00:00:00 CEST 2015,97.540001,388.0818227739726
AMZN,Fri Oct 16 00:00:00 CEST 2015,97.540001,287.8561988743797
FB,Fri Oct 16 00:00:00 CEST 2015,97.540001,387.2274867857139
MSFT,Fri Oct 16 00:00:00 CEST 2015,97.540001,103.83903233333332
GOOG,Thu Oct 15 00:00:00 CEST 2015,95.959999,387.7487306145952
AAPL,Thu Oct 15 00:00:00 CEST 2015,95.959999,387.7487306145952
AMZN,Thu Oct 15 00:00:00 CEST 2015,95.959999,287.53953847854734
FB,Thu Oct 15 00:00:00 CEST 2015,95.959999,386.3976648831905
MSFT,Thu Oct 15 00:00:00 CEST 2015,95.959999,103.75521282978724
GOOG,Wed Oct 14 00:00:00 CEST 2015,94.07,387.4142445888383
AAPL,Wed Oct 14 00:00:00 CEST 2015,94.07,387.4142445888383
AMZN,Wed Oct 14 00:00:00 CEST 2015,94.07,287.22080777265194
FB,Wed Oct 14 00:00:00 CEST 2015,94.07,385.56718856249967
MSFT,Wed Oct 14 00:00:00 CEST 2015,94.07,103.65326322105263
GOOG,Tue Oct 13 00:00:00 CEST 2015,94.120003,387.0805765096701
AAPL,Tue Oct 13 00:00:00 CEST 2015,94.120003,387.0805765096701
AMZN,Tue Oct 13 00:00:00 CEST 2015,94.120003,286.9032077648021
FB,Tue Oct 13 00:00:00 CEST 2015,94.120003,384.74155914164265
MSFT,Tue Oct 13 00:00:00 CEST 2015,94.120003,103.55395842708333
GOOG,Mon Oct 12 00:00:00 CEST 2015,94.260002,386.7478258568182
AAPL,Mon Oct 12 00:00:00 CEST 2015,94.260002,386.7478258568182
AMZN,Mon Oct 12 00:00:00 CEST 2015,94.260002,286.58688066174005
FB,Mon Oct 12 00:00:00 CEST 2015,94.260002,383.92098977118604
MSFT,Mon Oct 12 00:00:00 CEST 2015,94.260002,103.45814444329898
GOOG,Fri Oct 09 00:00:00 CEST 2015,93.239998,386.4146728172531
AAPL,Fri Oct 09 00:00:00 CEST 2015,93.239998,386.4146728172531
AMZN,Fri Oct 09 00:00:00 CEST 2015,93.239998,286.2699185590159
FB,Fri Oct 09 00:00:00 CEST 2015,93.239998,383.1021700760559
MSFT,Fri Oct 09 00:00:00 CEST 2015,93.239998,103.35387764285714
GOOG,Thu Oct 08 00:00:00 CEST 2015,92.470001,386.08140221428573
AAPL,Thu Oct 08 00:00:00 CEST 2015,92.470001,386.08140221428573
AMZN,Thu Oct 08 00:00:00 CEST 2015,92.470001,285.952733751227
FB,Thu Oct 08 00:00:00 CEST 2015,92.470001,382.2857875786513
MSFT,Thu Oct 08 00:00:00 CEST 2015,92.470001,103.24393949494949
GOOG,Wed Oct 07 00:00:00 CEST 2015,92.400002,385.7488071970555
AAPL,Wed Oct 07 00:00:00 CEST 2015,92.400002,385.7488071970555
AMZN,Wed Oct 07 00:00:00 CEST 2015,92.400002,285.6364711176466
FB,Wed Oct 07 00:00:00 CEST 2015,92.400002,381.4737825770305
MSFT,Wed Oct 07 00:00:00 CEST 2015,92.400002,103.13550012
GOOG,Tue Oct 06 00:00:00 CEST 2015,92.800003,385.4174171470588
AAPL,Tue Oct 06 00:00:00 CEST 2015,92.800003,385.4174171470588
AMZN,Tue Oct 06 00:00:00 CEST 2015,92.800003,285.3218928662312
FB,Tue Oct 06 00:00:00 CEST 2015,92.800003,380.66743123742987
MSFT,Tue Oct 06 00:00:00 CEST 2015,92.800003,103.03316846534653
GOOG,Mon Oct 05 00:00:00 CEST 2015,94.010002,385.0881432316384
AAPL,Mon Oct 05 00:00:00 CEST 2015,94.010002,385.0881432316384
AMZN,Mon Oct 05 00:00:00 CEST 2015,94.010002,285.01030998208427
FB,Mon Oct 05 00:00:00 CEST 2015,94.010002,379.86894257660134
MSFT,Mon Oct 05 00:00:00 CEST 2015,94.010002,102.94470604901962
GOOG,Fri Oct 02 00:00:00 CEST 2015,92.07,384.757422979684
AAPL,Fri Oct 02 00:00:00 CEST 2015,92.07,384.757422979684
AMZN,Fri Oct 02 00:00:00 CEST 2015,92.07,284.6965859008126
FB,Fri Oct 02 00:00:00 CEST 2015,92.07,379.06950106944413
MSFT,Fri Oct 02 00:00:00 CEST 2015,92.07,102.83912637864078
GOOG,Thu Oct 01 00:00:00 CEST 2015,90.949997,384.426185746336
AAPL,Thu Oct 01 00:00:00 CEST 2015,90.949997,384.426185746336
AMZN,Thu Oct 01 00:00:00 CEST 2015,90.949997,284.382062217532
FB,Thu Oct 01 00:00:00 CEST 2015,90.949997,378.2713860997227
MSFT,Thu Oct 01 00:00:00 CEST 2015,90.949997,102.72480782692308
GOOG,Wed Sep 30 00:00:00 CEST 2015,89.900002,384.094512115991
AAPL,Wed Sep 30 00:00:00 CEST 2015,89.900002,384.094512115991
AMZN,Wed Sep 30 00:00:00 CEST 2015,89.900002,284.06685628525076
FB,Wed Sep 30 00:00:00 CEST 2015,89.900002,377.474780066298
MSFT,Wed Sep 30 00:00:00 CEST 2015,89.900002,102.60266681904763
GOOG,Tue Sep 29 00:00:00 CEST 2015,86.669998,383.7599513577053
AAPL,Tue Sep 29 00:00:00 CEST 2015,86.669998,383.7599513577053
AMZN,Tue Sep 29 00:00:00 CEST 2015,86.669998,283.74744389320347
FB,Tue Sep 29 00:00:00 CEST 2015,86.669998,376.673664964187
MSFT,Tue Sep 29 00:00:00 CEST 2015,86.669998,102.45235862264151
GOOG,Mon Sep 28 00:00:00 CEST 2015,89.209999,383.4289963550562
AAPL,Mon Sep 28 00:00:00 CEST 2015,89.209999,383.4289963550562
AMZN,Mon Sep 28 00:00:00 CEST 2015,89.209999,283.43316692245514
FB,Mon Sep 28 00:00:00 CEST 2015,89.209999,375.8839296181316
MSFT,Mon Sep 28 00:00:00 CEST 2015,89.209999,102.32859825233645
GOOG,Fri Sep 25 00:00:00 CEST 2015,92.769997,383.1027797452301
AAPL,Fri Sep 25 00:00:00 CEST 2015,92.769997,383.1027797452301
AMZN,Fri Sep 25 00:00:00 CEST 2015,92.769997,283.12564568064477
FB,Fri Sep 25 00:00:00 CEST 2015,92.769997,375.1082750082189
MSFT,Fri Sep 25 00:00:00 CEST 2015,92.769997,102.24009268518519
GOOG,Thu Sep 24 00:00:00 CEST 2015,94.410004,382.7791331356503
AAPL,Thu Sep 24 00:00:00 CEST 2015,94.410004,382.7791331356503
AMZN,Thu Sep 24 00:00:00 CEST 2015,94.410004,282.8217557584537
FB,Thu Sep 24 00:00:00 CEST 2015,94.410004,374.3413398415298
MSFT,Thu Sep 24 00:00:00 CEST 2015,94.410004,102.16825700917431
GOOG,Wed Sep 23 00:00:00 CEST 2015,93.970001,382.4557186539754
AAPL,Wed Sep 23 00:00:00 CEST 2015,93.970001,382.4557186539754
AMZN,Wed Sep 23 00:00:00 CEST 2015,93.970001,282.51813557395457
FB,Wed Sep 23 00:00:00 CEST 2015,93.970001,373.5773852397818
MSFT,Wed Sep 23 00:00:00 CEST 2015,93.970001,102.0937274090909
GOOG,Tue Sep 22 00:00:00 CEST 2015,92.959999,382.1318979384788
AAPL,Tue Sep 22 00:00:00 CEST 2015,92.959999,382.1318979384788
AMZN,Tue Sep 22 00:00:00 CEST 2015,92.959999,282.2138689020863
FB,Tue Sep 22 00:00:00 CEST 2015,92.959999,372.81483799456504
MSFT,Tue Sep 22 00:00:00 CEST 2015,92.959999,102.01144156756756
GOOG,Mon Sep 21 00:00:00 CEST 2015,95.550003,381.81169470391063
AAPL,Mon Sep 21 00:00:00 CEST 2015,95.550003,381.81169470391063
AMZN,Mon Sep 21 00:00:00 CEST 2015,95.550003,281.9147280913458
FB,Mon Sep 21 00:00:00 CEST 2015,95.550003,372.0634427777776
MSFT,Mon Sep 21 00:00:00 CEST 2015,95.550003,101.95375015178571
GOOG,Fri Sep 18 00:00:00 CEST 2015,94.400002,381.49092272544647
AAPL,Fri Sep 18 00:00:00 CEST 2015,94.400002,381.49092272544647
AMZN,Fri Sep 18 00:00:00 CEST 2015,94.400002,281.61470452959963
FB,Fri Sep 18 00:00:00 CEST 2015,94.400002,371.3130010459458
MSFT,Fri Sep 18 00:00:00 CEST 2015,94.400002,101.88690282300885
GOOG,Thu Sep 17 00:00:00 CEST 2015,94.339996,381.1707990613155
AAPL,Thu Sep 17 00:00:00 CEST 2015,94.339996,381.1707990613155
AMZN,Thu Sep 17 00:00:00 CEST 2015,94.339996,281.31554365335427
FB,Thu Sep 17 00:00:00 CEST 2015,94.339996,370.56644308086237
MSFT,Thu Sep 17 00:00:00 CEST 2015,94.339996,101.82070188596492
GOOG,Wed Sep 16 00:00:00 CEST 2015,93.449997,380.85039727728287
AAPL,Wed Sep 16 00:00:00 CEST 2015,93.449997,380.85039727728287
AMZN,Wed Sep 16 00:00:00 CEST 2015,93.449997,281.0159175821368
FB,Wed Sep 16 00:00:00 CEST 2015,93.449997,369.82150639784925
MSFT,Wed Sep 16 00:00:00 CEST 2015,93.449997,101.7479131478261
GOOG,Tue Sep 15 00:00:00 CEST 2015,92.900002,380.5300965038932
AAPL,Tue Sep 15 00:00:00 CEST 2015,92.900002,380.5300965038932
AMZN,Tue Sep 15 00:00:00 CEST 2015,92.900002,280.7163699458595
FB,Tue Sep 15 00:00:00 CEST 2015,92.900002,369.0790894959784
MSFT,Tue Sep 15 00:00:00 CEST 2015,92.900002,101.67163805172414
GOOG,Mon Sep 14 00:00:00 CEST 2015,92.309998,380.20985195
AAPL,Mon Sep 14 00:00:00 CEST 2015,92.309998,380.20985195
AMZN,Mon Sep 14 00:00:00 CEST 2015,92.309998,280.4168367631157
FB,Mon Sep 14 00:00:00 CEST 2015,92.309998,368.33906518716566
MSFT,Mon Sep 14 00:00:00 CEST 2015,92.309998,101.59162403418804
GOOG,Fri Sep 11 00:00:00 CEST 2015,92.050003,379.8900296981132
AAPL,Fri Sep 11 00:00:00 CEST 2015,92.050003,379.8900296981132
AMZN,Fri Sep 11 00:00:00 CEST 2015,92.050003,280.1178417888886
FB,Fri Sep 11 00:00:00 CEST 2015,92.050003,367.6022943546666
MSFT,Fri Sep 11 00:00:00 CEST 2015,92.050003,101.51076283898307
GOOG,Thu Sep 10 00:00:00 CEST 2015,91.980003,379.570838981153
AAPL,Thu Sep 10 00:00:00 CEST 2015,91.980003,379.570838981153
AMZN,Thu Sep 10 00:00:00 CEST 2015,91.980003,279.81968356576834
FB,Thu Sep 10 00:00:00 CEST 2015,91.980003,366.8692563457446
MSFT,Thu Sep 10 00:00:00 CEST 2015,91.980003,101.4306724201681
GOOG,Wed Sep 09 00:00:00 CEST 2015,90.440002,379.2506497929125
AAPL,Wed Sep 09 00:00:00 CEST 2015,90.440002,379.2506497929125
AMZN,Wed Sep 09 00:00:00 CEST 2015,90.440002,279.52003217088577
FB,Wed Sep 09 00:00:00 CEST 2015,90.440002,366.13602224933675
MSFT,Wed Sep 09 00:00:00 CEST 2015,90.440002,101.33908350000002
GOOG,Tue Sep 08 00:00:00 CEST 2015,89.529999,378.9301623473452
AAPL,Tue Sep 08 00:00:00 CEST 2015,89.529999,378.9301623473452
AMZN,Tue Sep 08 00:00:00 CEST 2015,89.529999,279.2198899383883
FB,Tue Sep 08 00:00:00 CEST 2015,89.529999,365.40426028306865
MSFT,Tue Sep 08 00:00:00 CEST 2015,89.529999,101.2414877603306
GOOG,Fri Sep 04 00:00:00 CEST 2015,88.260002,378.6089798497238
AAPL,Fri Sep 04 00:00:00 CEST 2015,88.260002,378.6089798497238
AMZN,Fri Sep 04 00:00:00 CEST 2015,88.260002,278.91869137697125
FB,Fri Sep 04 00:00:00 CEST 2015,88.260002,364.67300894195233
MSFT,Fri Sep 04 00:00:00 CEST 2015,88.260002,101.13508213934429
GOOG,Thu Sep 03 00:00:00 CEST 2015,88.150002,378.2883849514349
AAPL,Thu Sep 03 00:00:00 CEST 2015,88.150002,378.2883849514349
AMZN,Thu Sep 03 00:00:00 CEST 2015,88.150002,278.61826824409417
FB,Thu Sep 03 00:00:00 CEST 2015,88.150002,363.9453168184209
MSFT,Thu Sep 03 00:00:00 CEST 2015,88.150002,101.02951238211385
GOOG,Wed Sep 02 00:00:00 CEST 2015,89.889999,377.9704153969129
AAPL,Wed Sep 02 00:00:00 CEST 2015,89.889999,377.9704153969129
AMZN,Wed Sep 02 00:00:00 CEST 2015,89.889999,278.3215256823896
FB,Wed Sep 02 00:00:00 CEST 2015,89.889999,363.2260115223096
MSFT,Wed Sep 02 00:00:00 CEST 2015,89.889999,100.93967759677423
GOOG,Tue Sep 01 00:00:00 CEST 2015,87.230003,377.65021670484583
AAPL,Tue Sep 01 00:00:00 CEST 2015,87.230003,377.65021670484583
AMZN,Tue Sep 01 00:00:00 CEST 2015,87.230003,278.02153899058055
FB,Tue Sep 01 00:00:00 CEST 2015,87.230003,362.50350888219884
MSFT,Tue Sep 01 00:00:00 CEST 2015,87.230003,100.83000020000004
GOOG,Mon Aug 31 00:00:00 CEST 2015,89.43,377.33314275907594
AAPL,Mon Aug 31 00:00:00 CEST 2015,89.43,377.33314275907594
AMZN,Mon Aug 31 00:00:00 CEST 2015,89.43,277.72594096708434
FB,Mon Aug 31 00:00:00 CEST 2015,89.43,361.790523219321
MSFT,Mon Aug 31 00:00:00 CEST 2015,89.43,100.73952400793655
GOOG,Fri Aug 28 00:00:00 CEST 2015,91.010002,377.018501945055
AAPL,Fri Aug 28 00:00:00 CEST 2015,91.010002,377.018501945055
AMZN,Fri Aug 28 00:00:00 CEST 2015,91.010002,277.43374074960843
FB,Fri Aug 28 00:00:00 CEST 2015,91.010002,361.08536561197906
MSFT,Fri Aug 28 00:00:00 CEST 2015,91.010002,100.66291359842525
GOOG,Thu Aug 27 00:00:00 CEST 2015,89.730003,376.703146841932
AAPL,Thu Aug 27 00:00:00 CEST 2015,89.730003,376.703146841932
AMZN,Thu Aug 27 00:00:00 CEST 2015,89.730003,277.14045365937466
FB,Thu Aug 27 00:00:00 CEST 2015,89.730003,360.38054648831155
MSFT,Thu Aug 27 00:00:00 CEST 2015,89.730003,100.57750023437505
GOOG,Wed Aug 26 00:00:00 CEST 2015,87.190002,376.3856982182018
AAPL,Wed Aug 26 00:00:00 CEST 2015,87.190002,376.3856982182018
AMZN,Wed Aug 26 00:00:00 CEST 2015,87.190002,276.8441191014037
FB,Wed Aug 26 00:00:00 CEST 2015,87.190002,359.67279896373043
MSFT,Wed Aug 26 00:00:00 CEST 2015,87.190002,100.47372117829462
GOOG,Tue Aug 25 00:00:00 CEST 2015,83.0,376.06435572289166
AAPL,Tue Aug 25 00:00:00 CEST 2015,83.0,376.06435572289166
AMZN,Tue Aug 25 00:00:00 CEST 2015,83.0,276.54218122118345
FB,Tue Aug 25 00:00:00 CEST 2015,83.0,358.95788217054246
MSFT,Tue Aug 25 00:00:00 CEST 2015,83.0,100.33930793846159
GOOG,Mon Aug 24 00:00:00 CEST 2015,82.089996,375.7427207560176
AAPL,Mon Aug 24 00:00:00 CEST 2015,82.089996,375.7427207560176
AMZN,Mon Aug 24 00:00:00 CEST 2015,82.089996,276.23976724727805
FB,Mon Aug 24 00:00:00 CEST 2015,82.089996,358.24430514432976
MSFT,Mon Aug 24 00:00:00 CEST 2015,82.089996,100.20000021374051
GOOG,Fri Aug 21 00:00:00 CEST 2015,86.059998,375.4261276163935
AAPL,Fri Aug 21 00:00:00 CEST 2015,86.059998,375.4261276163935
AMZN,Fri Aug 21 00:00:00 CEST 2015,86.059998,275.9444570465835
FB,Fri Aug 21 00:00:00 CEST 2015,86.059998,357.5446025552698
MSFT,Fri Aug 21 00:00:00 CEST 2015,86.059998,100.09287898484854
GOOG,Thu Aug 20 00:00:00 CEST 2015,90.559998,375.11513839192145
AAPL,Thu Aug 20 00:00:00 CEST 2015,90.559998,375.11513839192145
AMZN,Thu Aug 20 00:00:00 CEST 2015,90.559998,275.65703928061987
FB,Thu Aug 20 00:00:00 CEST 2015,90.559998,356.86002664615376
MSFT,Thu Aug 20 00:00:00 CEST 2015,90.559998,100.02120318796999
GOOG,Wed Aug 19 00:00:00 CEST 2015,95.309998,374.81000737731733
AAPL,Wed Aug 19 00:00:00 CEST 2015,95.309998,374.81000737731733
AMZN,Wed Aug 19 00:00:00 CEST 2015,95.309998,275.37786429411733
FB,Wed Aug 19 00:00:00 CEST 2015,95.309998,356.19110074168793
MSFT,Wed Aug 19 00:00:00 CEST 2015,95.309998,99.98604494029857
GOOG,Tue Aug 18 00:00:00 CEST 2015,95.169998,374.505388630719
AAPL,Tue Aug 18 00:00:00 CEST 2015,95.169998,374.505388630719
AMZN,Tue Aug 18 00:00:00 CEST 2015,95.169998,275.099335907264
FB,Tue Aug 18 00:00:00 CEST 2015,95.169998,355.52523058163257
MSFT,Tue Aug 18 00:00:00 CEST 2015,95.169998,99.95037051851858
GOOG,Mon Aug 17 00:00:00 CEST 2015,93.93,374.2000835288357
AAPL,Mon Aug 17 00:00:00 CEST 2015,93.93,374.2000835288357
AMZN,Mon Aug 17 00:00:00 CEST 2015,93.93,274.81975359876515
FB,Mon Aug 17 00:00:00 CEST 2015,93.93,354.8595938625953
MSFT,Mon Aug 17 00:00:00 CEST 2015,93.93,99.90610308823535
GOOG,Fri Aug 14 00:00:00 CEST 2015,94.419998,373.89597474021747
AAPL,Fri Aug 14 00:00:00 CEST 2015,94.419998,373.89597474021747
AMZN,Fri Aug 14 00:00:00 CEST 2015,94.419998,274.54178787365146
FB,Fri Aug 14 00:00:00 CEST 2015,94.419998,354.19857965989837
MSFT,Fri Aug 14 00:00:00 CEST 2015,94.419998,99.8660585255475
GOOG,Thu Aug 13 00:00:00 CEST 2015,93.43,373.59145142345284
AAPL,Thu Aug 13 00:00:00 CEST 2015,93.43,373.59145142345284
AMZN,Thu Aug 13 00:00:00 CEST 2015,93.43,274.26315435384583
FB,Thu Aug 13 00:00:00 CEST 2015,93.43,353.53840604050623
MSFT,Thu Aug 13 00:00:00 CEST 2015,93.43,99.81942042028992
GOOG,Wed Aug 12 00:00:00 CEST 2015,94.190002,373.2884129750543
AAPL,Wed Aug 12 00:00:00 CEST 2015,94.190002,373.2884129750543
AMZN,Wed Aug 12 00:00:00 CEST 2015,94.190002,273.98654428878615
FB,Wed Aug 12 00:00:00 CEST 2015,94.190002,352.8834858282827
MSFT,Wed Aug 12 00:00:00 CEST 2015,94.190002,99.7789210071943
GOOG,Tue Aug 11 00:00:00 CEST 2015,93.620003,372.9854136143013
AAPL,Tue Aug 11 00:00:00 CEST 2015,93.620003,372.9854136143013
AMZN,Tue Aug 11 00:00:00 CEST 2015,93.620003,273.70990848926346
FB,Tue Aug 11 00:00:00 CEST 2015,93.620003,352.2304291964734
MSFT,Tue Aug 11 00:00:00 CEST 2015,93.620003,99.73492873571433
GOOG,Mon Aug 10 00:00:00 CEST 2015,94.150002,372.68364368831175
AAPL,Mon Aug 10 00:00:00 CEST 2015,94.150002,372.68364368831175
AMZN,Mon Aug 10 00:00:00 CEST 2015,94.150002,273.43493160336874
FB,Mon Aug 10 00:00:00 CEST 2015,94.150002,351.58198591206013
MSFT,Mon Aug 10 00:00:00 CEST 2015,94.150002,99.69531932624119
GOOG,Fri Aug 07 00:00:00 CEST 2015,94.300003,372.38268840108117
AAPL,Fri Aug 07 00:00:00 CEST 2015,94.300003,372.38268840108117
AMZN,Fri Aug 07 00:00:00 CEST 2015,94.300003,273.1610249847092
FB,Fri Aug 07 00:00:00 CEST 2015,94.300003,350.9371689122806
MSFT,Fri Aug 07 00:00:00 CEST 2015,94.300003,99.65732414084512
GOOG,Thu Aug 06 00:00:00 CEST 2015,95.120003,372.08326865442774
AAPL,Thu Aug 06 00:00:00 CEST 2015,95.120003,372.08326865442774
AMZN,Thu Aug 06 00:00:00 CEST 2015,95.120003,272.88920663053403
FB,Thu Aug 06 00:00:00 CEST 2015,95.120003,350.29762599749984
MSFT,Thu Aug 06 00:00:00 CEST 2015,95.120003,99.62559462237768
GOOG,Wed Aug 05 00:00:00 CEST 2015,96.440002,371.7859188522116
AAPL,Wed Aug 05 00:00:00 CEST 2015,96.440002,371.7859188522116
AMZN,Wed Aug 05 00:00:00 CEST 2015,96.440002,272.62022918445086
FB,Wed Aug 05 00:00:00 CEST 2015,96.440002,349.66456459102227
MSFT,Wed Aug 05 00:00:00 CEST 2015,96.440002,99.60347245138894
GOOG,Tue Aug 04 00:00:00 CEST 2015,94.059998,371.4866452306036
AAPL,Tue Aug 04 00:00:00 CEST 2015,94.059998,371.4866452306036
AMZN,Tue Aug 04 00:00:00 CEST 2015,94.059998,272.3484480106542
FB,Tue Aug 04 00:00:00 CEST 2015,94.059998,349.02873233582073
MSFT,Tue Aug 04 00:00:00 CEST 2015,94.059998,99.56524159310351
GOOG,Mon Aug 03 00:00:00 CEST 2015,94.139999,371.1881020161465
AAPL,Mon Aug 03 00:00:00 CEST 2015,94.139999,371.1881020161465
AMZN,Mon Aug 03 00:00:00 CEST 2015,94.139999,272.07761450151946
FB,Mon Aug 03 00:00:00 CEST 2015,94.139999,348.3962540893299
MSFT,Mon Aug 03 00:00:00 CEST 2015,94.139999,99.52808239726033
GOOG,Fri Jul 31 00:00:00 CEST 2015,94.010002,370.8900610483872
AAPL,Fri Jul 31 00:00:00 CEST 2015,94.010002,370.8900610483872
AMZN,Fri Jul 31 00:00:00 CEST 2015,94.010002,271.807405681335
FB,Fri Jul 31 00:00:00 CEST 2015,94.010002,347.7665851485147
MSFT,Fri Jul 31 00:00:00 CEST 2015,94.010002,99.49054443537422
GOOG,Thu Jul 30 00:00:00 CEST 2015,95.209999,370.59394927389917
AAPL,Thu Jul 30 00:00:00 CEST 2015,95.209999,370.59394927389917
AMZN,Thu Jul 30 00:00:00 CEST 2015,95.209999,271.53983385303
FB,Thu Jul 30 00:00:00 CEST 2015,95.209999,347.1429886395061
MSFT,Thu Jul 30 00:00:00 CEST 2015,95.209999,99.46162183108115
GOOG,Wed Jul 29 00:00:00 CEST 2015,96.989998,370.30038280257526
AAPL,Wed Jul 29 00:00:00 CEST 2015,96.989998,370.30038280257526
AMZN,Wed Jul 29 00:00:00 CEST 2015,96.989998,271.27576450983327
FB,Wed Jul 29 00:00:00 CEST 2015,96.989998,346.5268482684728
MSFT,Wed Jul 29 00:00:00 CEST 2015,96.989998,99.44503375167791
GOOG,Tue Jul 28 00:00:00 CEST 2015,95.290001,370.00562355091114
AAPL,Tue Jul 28 00:00:00 CEST 2015,95.290001,370.00562355091114
AMZN,Tue Jul 28 00:00:00 CEST 2015,95.290001,271.0099249879151
FB,Tue Jul 28 00:00:00 CEST 2015,95.290001,345.9095587174446
MSFT,Tue Jul 28 00:00:00 CEST 2015,95.290001,99.41733353333339
GOOG,Mon Jul 27 00:00:00 CEST 2015,94.169998,369.7102963286939
AAPL,Mon Jul 27 00:00:00 CEST 2015,94.169998,369.7102963286939
AMZN,Mon Jul 27 00:00:00 CEST 2015,94.169998,270.7431980995472
FB,Mon Jul 27 00:00:00 CEST 2015,94.169998,345.29254999019594
MSFT,Mon Jul 27 00:00:00 CEST 2015,94.169998,99.38258296688747
GOOG,Fri Jul 24 00:00:00 CEST 2015,96.949997,369.4185740834226
AAPL,Fri Jul 24 00:00:00 CEST 2015,96.949997,369.4185740834226
AMZN,Fri Jul 24 00:00:00 CEST 2015,96.949997,270.48146135090326
FB,Fri Jul 24 00:00:00 CEST 2015,96.949997,344.68535548410745
MSFT,Fri Jul 24 00:00:00 CEST 2015,96.949997,99.36657911184216
GOOG,Thu Jul 23 00:00:00 CEST 2015,95.440002,369.12586193376086
AAPL,Thu Jul 23 00:00:00 CEST 2015,95.440002,369.12586193376086
AMZN,Thu Jul 23 00:00:00 CEST 2015,95.440002,270.21824111127785
FB,Thu Jul 23 00:00:00 CEST 2015,95.440002,344.07743998780467
MSFT,Thu Jul 23 00:00:00 CEST 2015,95.440002,99.34091520915037
GOOG,Wed Jul 22 00:00:00 CEST 2015,97.040001,368.83548214621146
AAPL,Wed Jul 22 00:00:00 CEST 2015,97.040001,368.83548214621146
AMZN,Wed Jul 22 00:00:00 CEST 2015,97.040001,269.95821372372336
FB,Wed Jul 22 00:00:00 CEST 2015,97.040001,343.4763756593672
MSFT,Wed Jul 22 00:00:00 CEST 2015,97.040001,99.32597420779226
GOOG,Tue Jul 21 00:00:00 CEST 2015,98.389999,368.5471607356078
AAPL,Tue Jul 21 00:00:00 CEST 2015,98.389999,368.5471607356078
AMZN,Tue Jul 21 00:00:00 CEST 2015,98.389999,269.7009900134929
FB,Tue Jul 21 00:00:00 CEST 2015,98.389999,342.88150581310657
MSFT,Tue Jul 21 00:00:00 CEST 2015,98.389999,99.31993565806457
GOOG,Mon Jul 20 00:00:00 CEST 2015,97.910004,368.25894225133135
AAPL,Mon Jul 20 00:00:00 CEST 2015,97.910004,368.25894225133135
AMZN,Mon Jul 20 00:00:00 CEST 2015,97.910004,269.44381787874215
FB,Mon Jul 20 00:00:00 CEST 2015,97.910004,342.28835447699737
MSFT,Mon Jul 20 00:00:00 CEST 2015,97.910004,99.31089763461543
GOOG,Fri Jul 17 00:00:00 CEST 2015,94.970001,367.9682093351065
AAPL,Fri Jul 17 00:00:00 CEST 2015,94.970001,367.9682093351065
AMZN,Fri Jul 17 00:00:00 CEST 2015,94.970001,269.183019946188
FB,Fri Jul 17 00:00:00 CEST 2015,94.970001,341.6909671497583
MSFT,Fri Jul 17 00:00:00 CEST 2015,94.970001,99.28324861146501
GOOG,Thu Jul 16 00:00:00 CEST 2015,90.849998,367.67371601806605
AAPL,Thu Jul 16 00:00:00 CEST 2015,90.849998,367.67371601806605
AMZN,Thu Jul 16 00:00:00 CEST 2015,90.849998,268.9168512567161
FB,Thu Jul 16 00:00:00 CEST 2015,90.849998,341.0865310795179
MSFT,Thu Jul 16 00:00:00 CEST 2015,90.849998,99.22987360759498
GOOG,Wed Jul 15 00:00:00 CEST 2015,89.760002,367.37869084394924
AAPL,Wed Jul 15 00:00:00 CEST 2015,89.760002,367.37869084394924
AMZN,Wed Jul 15 00:00:00 CEST 2015,89.760002,268.6498514813707
FB,Wed Jul 15 00:00:00 CEST 2015,89.760002,340.4823807692306
MSFT,Wed Jul 15 00:00:00 CEST 2015,89.760002,99.17031466666671
GOOG,Tue Jul 14 00:00:00 CEST 2015,89.68,367.08420654825045
AAPL,Tue Jul 14 00:00:00 CEST 2015,89.68,367.08420654825045
AMZN,Tue Jul 14 00:00:00 CEST 2015,89.68,268.3835272976187
FB,Tue Jul 14 00:00:00 CEST 2015,89.68,339.8809362110309
MSFT,Tue Jul 14 00:00:00 CEST 2015,89.68,99.11100020000005
GOOG,Mon Jul 13 00:00:00 CEST 2015,90.099998,366.79079107309343
AAPL,Mon Jul 13 00:00:00 CEST 2015,90.099998,366.79079107309343
AMZN,Mon Jul 13 00:00:00 CEST 2015,90.099998,268.118618635958
FB,Mon Jul 13 00:00:00 CEST 2015,90.099998,339.2833741578945
MSFT,Mon Jul 13 00:00:00 CEST 2015,90.099998,99.05503124223607
GOOG,Fri Jul 10 00:00:00 CEST 2015,87.949997,366.49572144973564
AAPL,Fri Jul 10 00:00:00 CEST 2015,87.949997,366.49572144973564
AMZN,Fri Jul 10 00:00:00 CEST 2015,87.949997,267.85130614094913
FB,Fri Jul 10 00:00:00 CEST 2015,87.949997,338.6835331622909
MSFT,Fri Jul 10 00:00:00 CEST 2015,87.949997,98.98648164814819
GOOG,Thu Jul 09 00:00:00 CEST 2015,85.879997,366.1990874915435
AAPL,Thu Jul 09 00:00:00 CEST 2015,85.879997,366.1990874915435
AMZN,Thu Jul 09 00:00:00 CEST 2015,85.879997,267.5817190162959
FB,Thu Jul 09 00:00:00 CEST 2015,85.879997,338.08161998095215
MSFT,Thu Jul 09 00:00:00 CEST 2015,85.879997,98.9060737668712
GOOG,Wed Jul 08 00:00:00 CEST 2015,85.650002,365.90283713727575
AAPL,Wed Jul 08 00:00:00 CEST 2015,85.650002,365.90283713727575
AMZN,Wed Jul 08 00:00:00 CEST 2015,85.650002,267.3125892573961
FB,Wed Jul 08 00:00:00 CEST 2015,85.650002,337.48201993824205
MSFT,Wed Jul 08 00:00:00 CEST 2015,85.650002,98.82524406097565
GOOG,Tue Jul 07 00:00:00 CEST 2015,87.220001,365.608867900844
AAPL,Tue Jul 07 00:00:00 CEST 2015,87.220001,365.608867900844
AMZN,Tue Jul 07 00:00:00 CEST 2015,87.220001,267.0465736174295
FB,Tue Jul 07 00:00:00 CEST 2015,87.220001,336.8889819786728
MSFT,Tue Jul 07 00:00:00 CEST 2015,87.220001,98.7549092545455
GOOG,Mon Jul 06 00:00:00 CEST 2015,87.550003,365.31586593572194
AAPL,Mon Jul 06 00:00:00 CEST 2015,87.550003,365.31586593572194
AMZN,Mon Jul 06 00:00:00 CEST 2015,87.550003,266.781829412979
FB,Mon Jul 06 00:00:00 CEST 2015,87.550003,336.2995281276594
MSFT,Mon Jul 06 00:00:00 CEST 2015,87.550003,98.68740981927715
GOOG,Thu Jul 02 00:00:00 CEST 2015,87.290001,365.02320713052643
AAPL,Thu Jul 02 00:00:00 CEST 2015,87.290001,365.02320713052643
AMZN,Thu Jul 02 00:00:00 CEST 2015,87.290001,266.51748209572867
FB,Thu Jul 02 00:00:00 CEST 2015,87.290001,335.71224150707525
MSFT,Thu Jul 02 00:00:00 CEST 2015,87.290001,98.6191618622755
GOOG,Wed Jul 01 00:00:00 CEST 2015,86.910004,364.7307642250264
AAPL,Wed Jul 01 00:00:00 CEST 2015,86.910004,364.7307642250264
AMZN,Wed Jul 01 00:00:00 CEST 2015,86.910004,266.2533534514702
FB,Wed Jul 01 00:00:00 CEST 2015,86.910004,335.1268244776469
MSFT,Wed Jul 01 00:00:00 CEST 2015,86.910004,98.54946449404767
GOOG,Tue Jun 30 00:00:00 CEST 2015,85.769997,364.43773820903374
AAPL,Tue Jun 30 00:00:00 CEST 2015,85.769997,364.43773820903374
AMZN,Tue Jun 30 00:00:00 CEST 2015,85.769997,265.98832649632857
FB,Tue Jun 30 00:00:00 CEST 2015,85.769997,334.5414798122064
MSFT,Tue Jun 30 00:00:00 CEST 2015,85.769997,98.47384634319532
GOOG,Mon Jun 29 00:00:00 CEST 2015,85.800003,364.14535863378813
AAPL,Mon Jun 29 00:00:00 CEST 2015,85.800003,364.14535863378813
AMZN,Mon Jun 29 00:00:00 CEST 2015,85.800003,265.72412074340144
FB,Mon Jun 29 00:00:00 CEST 2015,85.800003,333.95894707962515
MSFT,Mon Jun 29 00:00:00 CEST 2015,85.800003,98.39929432352946
GOOG,Fri Jun 26 00:00:00 CEST 2015,88.010002,363.8559085744236
AAPL,Fri Jun 26 00:00:00 CEST 2015,88.010002,363.8559085744236
AMZN,Fri Jun 26 00:00:00 CEST 2015,88.010002,265.4639243762808
FB,Fri Jun 26 00:00:00 CEST 2015,88.010002,333.38430001168206
MSFT,Fri Jun 26 00:00:00 CEST 2015,88.010002,98.33853822807022
GOOG,Thu Jun 25 00:00:00 CEST 2015,87.980003,363.56703328062844
AAPL,Thu Jun 25 00:00:00 CEST 2015,87.980003,363.56703328062844
AMZN,Thu Jun 25 00:00:00 CEST 2015,87.980003,265.204444959064
FB,Thu Jun 25 00:00:00 CEST 2015,87.980003,332.81226202330987
MSFT,Thu Jun 25 00:00:00 CEST 2015,87.980003,98.27831418604656
GOOG,Wed Jun 24 00:00:00 CEST 2015,88.860001,363.27968282845205
AAPL,Wed Jun 24 00:00:00 CEST 2015,88.860001,363.27968282845205
AMZN,Wed Jun 24 00:00:00 CEST 2015,88.860001,264.9470078145982
FB,Wed Jun 24 00:00:00 CEST 2015,88.860001,332.2449311837207
MSFT,Wed Jun 24 00:00:00 CEST 2015,88.860001,98.22387306936422
GOOG,Tue Jun 23 00:00:00 CEST 2015,87.879997,362.99190886206907
AAPL,Tue Jun 23 00:00:00 CEST 2015,87.879997,362.99190886206907
AMZN,Tue Jun 23 00:00:00 CEST 2015,87.879997,264.68889263848365
FB,Tue Jun 23 00:00:00 CEST 2015,87.879997,331.67795917865413
MSFT,Tue Jun 23 00:00:00 CEST 2015,87.879997,98.16442550574719
GOOG,Mon Jun 22 00:00:00 CEST 2015,84.739998,362.7014580156577
AAPL,Mon Jun 22 00:00:00 CEST 2015,84.739998,362.7014580156577
AMZN,Mon Jun 22 00:00:00 CEST 2015,84.739998,264.4269582940317
FB,Mon Jun 22 00:00:00 CEST 2015,84.739998,331.10634352777765
MSFT,Mon Jun 22 00:00:00 CEST 2015,84.739998,98.08771449142863
GOOG,Fri Jun 19 00:00:00 CEST 2015,82.510002,362.4092875714287
AAPL,Fri Jun 19 00:00:00 CEST 2015,82.510002,362.4092875714287
AMZN,Fri Jun 19 00:00:00 CEST 2015,82.510002,264.1625441133718
FB,Fri Jun 19 00:00:00 CEST 2015,82.510002,330.53221802771344
MSFT,Fri Jun 19 00:00:00 CEST 2015,82.510002,97.99920476136369
GOOG,Thu Jun 18 00:00:00 CEST 2015,82.910004,362.11814248437514
AAPL,Thu Jun 18 00:00:00 CEST 2015,82.910004,362.11814248437514
AMZN,Thu Jun 18 00:00:00 CEST 2015,82.910004,263.89947801741624
FB,Thu Jun 18 00:00:00 CEST 2015,82.910004,329.96165993087544
MSFT,Thu Jun 18 00:00:00 CEST 2015,82.910004,97.91395503954809
GOOG,Wed Jun 17 00:00:00 CEST 2015,81.790001,361.8264378626432
AAPL,Wed Jun 17 00:00:00 CEST 2015,81.790001,361.8264378626432
AMZN,Wed Jun 17 00:00:00 CEST 2015,81.790001,263.6355512391301
FB,Wed Jun 17 00:00:00 CEST 2015,81.790001,329.39115037011476
MSFT,Wed Jun 17 00:00:00 CEST 2015,81.790001,97.82337102808995
GOOG,Tue Jun 16 00:00:00 CEST 2015,81.059998,361.5345808565489
AAPL,Tue Jun 16 00:00:00 CEST 2015,81.059998,361.5345808565489
AMZN,Tue Jun 16 00:00:00 CEST 2015,81.059998,263.3713319146162
FB,Tue Jun 16 00:00:00 CEST 2015,81.059998,328.8215835068806
MSFT,Tue Jun 16 00:00:00 CEST 2015,81.059998,97.72972089944142
GOOG,Mon Jun 15 00:00:00 CEST 2015,80.709999,361.24296654517144
AAPL,Mon Jun 15 00:00:00 CEST 2015,80.709999,361.24296654517144
AMZN,Mon Jun 15 00:00:00 CEST 2015,80.709999,263.10737045086677
FB,Mon Jun 15 00:00:00 CEST 2015,80.709999,328.2538224439358
MSFT,Mon Jun 15 00:00:00 CEST 2015,80.709999,97.63516688888896
GOOG,Fri Jun 12 00:00:00 CEST 2015,81.529999,360.95280786514536
AAPL,Fri Jun 12 00:00:00 CEST 2015,81.529999,360.95280786514536
AMZN,Fri Jun 12 00:00:00 CEST 2015,81.529999,262.84535404184675
FB,Fri Jun 12 00:00:00 CEST 2015,81.529999,327.69052604337884
MSFT,Fri Jun 12 00:00:00 CEST 2015,81.529999,97.54618806077353
GOOG,Thu Jun 11 00:00:00 CEST 2015,81.830002,360.663561434197
AAPL,Thu Jun 11 00:00:00 CEST 2015,81.830002,360.663561434197
AMZN,Thu Jun 11 00:00:00 CEST 2015,81.830002,262.5845250043225
FB,Thu Jun 11 00:00:00 CEST 2015,81.830002,327.13047929157165
MSFT,Thu Jun 11 00:00:00 CEST 2015,81.830002,97.45983539010994
GOOG,Wed Jun 10 00:00:00 CEST 2015,82.160004,360.3752554741202
AAPL,Wed Jun 10 00:00:00 CEST 2015,82.160004,360.3752554741202
AMZN,Wed Jun 10 00:00:00 CEST 2015,82.160004,262.3249213769781
FB,Wed Jun 10 00:00:00 CEST 2015,82.160004,326.5737282113635
MSFT,Wed Jun 10 00:00:00 CEST 2015,82.160004,97.37622975409842
GOOG,Tue Jun 09 00:00:00 CEST 2015,80.669998,360.08600494932796
AAPL,Tue Jun 09 00:00:00 CEST 2015,80.669998,360.08600494932796
AMZN,Tue Jun 09 00:00:00 CEST 2015,80.669998,262.06392292385027
FB,Tue Jun 09 00:00:00 CEST 2015,80.669998,326.01612338095225
MSFT,Tue Jun 09 00:00:00 CEST 2015,80.669998,97.2854350163044
GOOG,Mon Jun 08 00:00:00 CEST 2015,80.669998,359.79735204958695
AAPL,Mon Jun 08 00:00:00 CEST 2015,80.669998,359.79735204958695
AMZN,Mon Jun 08 00:00:00 CEST 2015,80.669998,261.8036733902436
FB,Mon Jun 08 00:00:00 CEST 2015,80.669998,325.46104164932115
MSFT,Mon Jun 08 00:00:00 CEST 2015,80.669998,97.19562184324332
GOOG,Fri Jun 05 00:00:00 CEST 2015,82.139999,359.51081195356056
AAPL,Fri Jun 05 00:00:00 CEST 2015,82.139999,359.51081195356056
AMZN,Fri Jun 05 00:00:00 CEST 2015,82.139999,261.5462755759309
FB,Fri Jun 05 00:00:00 CEST 2015,82.139999,324.9117842167042
MSFT,Fri Jun 05 00:00:00 CEST 2015,82.139999,97.11467763440866
GOOG,Thu Jun 04 00:00:00 CEST 2015,82.050003,359.2247698824744
AAPL,Thu Jun 04 00:00:00 CEST 2015,82.050003,359.2247698824744
AMZN,Thu Jun 04 00:00:00 CEST 2015,82.050003,261.28948548640886
FB,Thu Jun 04 00:00:00 CEST 2015,82.050003,324.36479822297287
MSFT,Thu Jun 04 00:00:00 CEST 2015,82.050003,97.03411787700541
GOOG,Wed Jun 03 00:00:00 CEST 2015,82.440002,358.93971862821854
AAPL,Wed Jun 03 00:00:00 CEST 2015,82.440002,358.93971862821854
AMZN,Wed Jun 03 00:00:00 CEST 2015,82.440002,261.0339862242854
FB,Wed Jun 03 00:00:00 CEST 2015,82.440002,323.8211469955055
MSFT,Wed Jun 03 00:00:00 CEST 2015,82.440002,96.9564896010639
GOOG,Tue Jun 02 00:00:00 CEST 2015,80.440002,358.65319628600844
AAPL,Tue Jun 02 00:00:00 CEST 2015,80.440002,358.65319628600844
AMZN,Tue Jun 02 00:00:00 CEST 2015,80.440002,260.7763628516402
FB,Tue Jun 02 00:00:00 CEST 2015,80.440002,323.2754493609864
MSFT,Tue Jun 02 00:00:00 CEST 2015,80.440002,96.86910077777783
GOOG,Mon Jun 01 00:00:00 CEST 2015,80.290001,358.36710872661894
AAPL,Mon Jun 01 00:00:00 CEST 2015,80.290001,358.36710872661894
AMZN,Mon Jun 01 00:00:00 CEST 2015,80.290001,260.5192597720794
FB,Mon Jun 01 00:00:00 CEST 2015,80.290001,322.7318577539148
MSFT,Mon Jun 01 00:00:00 CEST 2015,80.290001,96.7818423578948
GOOG,Fri May 29 00:00:00 CEST 2015,79.190002,358.08047925359364
AAPL,Fri May 29 00:00:00 CEST 2015,79.190002,358.08047925359364
AMZN,Fri May 29 00:00:00 CEST 2015,79.190002,260.2613234167849
FB,Fri May 29 00:00:00 CEST 2015,79.190002,322.18823754017836
MSFT,Fri May 29 00:00:00 CEST 2015,79.190002,96.68973848167545
GOOG,Thu May 28 00:00:00 CEST 2015,80.150002,357.79542235384633
AAPL,Thu May 28 00:00:00 CEST 2015,80.150002,357.79542235384633
AMZN,Thu May 28 00:00:00 CEST 2015,80.150002,260.0054834715906
FB,Thu May 28 00:00:00 CEST 2015,80.150002,321.6491768819597
MSFT,Thu May 28 00:00:00 CEST 2015,80.150002,96.60359402083338
GOOG,Wed May 27 00:00:00 CEST 2015,80.550003,357.51135942418057
AAPL,Wed May 27 00:00:00 CEST 2015,80.550003,357.51135942418057
AMZN,Wed May 27 00:00:00 CEST 2015,80.550003,259.75093669077984
FB,Wed May 27 00:00:00 CEST 2015,80.550003,321.11340093999985
MSFT,Wed May 27 00:00:00 CEST 2015,80.550003,96.52041479274617
GOOG,Tue May 26 00:00:00 CEST 2015,79.330002,357.22662927328577
AAPL,Tue May 26 00:00:00 CEST 2015,79.330002,357.22662927328577
AMZN,Tue May 26 00:00:00 CEST 2015,79.330002,259.4953829589232
FB,Tue May 26 00:00:00 CEST 2015,79.330002,320.5772958425719
MSFT,Tue May 26 00:00:00 CEST 2015,79.330002,96.43180441752583
GOOG,Fri May 22 00:00:00 CEST 2015,80.540001,356.94371861042964
AAPL,Fri May 22 00:00:00 CEST 2015,80.540001,356.94371861042964
AMZN,Fri May 22 00:00:00 CEST 2015,80.540001,259.2422636067889
FB,Fri May 22 00:00:00 CEST 2015,80.540001,320.0462398805308
MSFT,Fri May 22 00:00:00 CEST 2015,80.540001,96.35030798974364
GOOG,Thu May 21 00:00:00 CEST 2015,80.480003,356.66132462104207
AAPL,Thu May 21 00:00:00 CEST 2015,80.480003,356.66132462104207
AMZN,Thu May 21 00:00:00 CEST 2015,80.480003,258.98977453813524
FB,Thu May 21 00:00:00 CEST 2015,80.480003,319.51739609050753
MSFT,Thu May 21 00:00:00 CEST 2015,80.480003,96.26933704591842
GOOG,Wed May 20 00:00:00 CEST 2015,80.550003,356.37957837449
AAPL,Wed May 20 00:00:00 CEST 2015,80.550003,356.37957837449
AMZN,Wed May 20 00:00:00 CEST 2015,80.550003,258.7380964400561
FB,Wed May 20 00:00:00 CEST 2015,80.550003,318.9910361938325
MSFT,Wed May 20 00:00:00 CEST 2015,80.550003,96.18954347208127
GOOG,Tue May 19 00:00:00 CEST 2015,80.629997,356.09848807747215
AAPL,Tue May 19 00:00:00 CEST 2015,80.629997,356.09848807747215
AMZN,Tue May 19 00:00:00 CEST 2015,80.629997,258.4872399619715
FB,Tue May 19 00:00:00 CEST 2015,80.629997,318.46716577802187
MSFT,Tue May 19 00:00:00 CEST 2015,80.629997,96.11095990404046
GOOG,Mon May 18 00:00:00 CEST 2015,80.879997,355.818224848269
AAPL,Mon May 18 00:00:00 CEST 2015,80.879997,355.818224848269
AMZN,Mon May 18 00:00:00 CEST 2015,80.879997,258.23744074542867
FB,Mon May 18 00:00:00 CEST 2015,80.879997,317.9461412850876
MSFT,Mon May 18 00:00:00 CEST 2015,80.879997,96.03442240201011
GOOG,Fri May 15 00:00:00 CEST 2015,80.419998,355.538063885046
AAPL,Fri May 15 00:00:00 CEST 2015,80.419998,355.538063885046
AMZN,Fri May 15 00:00:00 CEST 2015,80.419998,257.98769714606715
FB,Fri May 15 00:00:00 CEST 2015,80.419998,317.4263904245076
MSFT,Fri May 15 00:00:00 CEST 2015,80.419998,95.95635028000007
GOOG,Thu May 14 00:00:00 CEST 2015,81.370003,355.25943780691074
AAPL,Thu May 14 00:00:00 CEST 2015,81.370003,355.25943780691074
AMZN,Thu May 14 00:00:00 CEST 2015,81.370003,257.7399864950909
FB,Thu May 14 00:00:00 CEST 2015,81.370003,316.9109834650654
MSFT,Thu May 14 00:00:00 CEST 2015,81.370003,95.88378138805976
GOOG,Wed May 13 00:00:00 CEST 2015,78.440002,354.9784028467007
AAPL,Wed May 13 00:00:00 CEST 2015,78.440002,354.9784028467007
AMZN,Wed May 13 00:00:00 CEST 2015,78.440002,257.48886606862715
FB,Wed May 13 00:00:00 CEST 2015,78.440002,316.3914388431371
MSFT,Wed May 13 00:00:00 CEST 2015,78.440002,95.79742604455451
GOOG,Tue May 12 00:00:00 CEST 2015,77.459999,354.69694401927
AAPL,Tue May 12 00:00:00 CEST 2015,77.459999,354.69694401927
AMZN,Tue May 12 00:00:00 CEST 2015,77.459999,257.2370774433563
FB,Tue May 12 00:00:00 CEST 2015,77.459999,315.8720226695651
MSFT,Tue May 12 00:00:00 CEST 2015,77.459999,95.70709389162566
GOOG,Mon May 11 00:00:00 CEST 2015,78.010002,354.41661277102355
AAPL,Mon May 11 00:00:00 CEST 2015,78.010002,354.41661277102355
AMZN,Mon May 11 00:00:00 CEST 2015,78.010002,256.98676029888236
FB,Mon May 11 00:00:00 CEST 2015,78.010002,315.35605299349226
MSFT,Mon May 11 00:00:00 CEST 2015,78.010002,95.62034344117652
GOOG,Fri May 08 00:00:00 CEST 2015,78.510002,354.13735506781404
AAPL,Fri May 08 00:00:00 CEST 2015,78.510002,354.13735506781404
AMZN,Fri May 08 00:00:00 CEST 2015,78.510002,256.73783873919075
FB,Fri May 08 00:00:00 CEST 2015,78.510002,314.8433992034631
MSFT,Fri May 08 00:00:00 CEST 2015,78.510002,95.53687836097565
GOOG,Thu May 07 00:00:00 CEST 2015,78.43,353.8585812002025
AAPL,Thu May 07 00:00:00 CEST 2015,78.43,353.8585812002025
AMZN,Thu May 07 00:00:00 CEST 2015,78.43,256.4894991309189
FB,Thu May 07 00:00:00 CEST 2015,78.43,314.33278711015106
MSFT,Thu May 07 00:00:00 CEST 2015,78.43,95.45383526213597
GOOG,Wed May 06 00:00:00 CEST 2015,78.099998,353.580037176768
AAPL,Wed May 06 00:00:00 CEST 2015,78.099998,353.580037176768
AMZN,Wed May 06 00:00:00 CEST 2015,78.099998,256.24139134075074
FB,Wed May 06 00:00:00 CEST 2015,78.099998,313.82366471982743
MSFT,Wed May 06 00:00:00 CEST 2015,78.099998,95.37000029951696
GOOG,Tue May 05 00:00:00 CEST 2015,77.559998,353.30151039656937
AAPL,Tue May 05 00:00:00 CEST 2015,77.559998,353.30151039656937
AMZN,Tue May 05 00:00:00 CEST 2015,77.559998,255.99322273888856
FB,Tue May 05 00:00:00 CEST 2015,77.559998,313.3155708129031
MSFT,Tue May 05 00:00:00 CEST 2015,77.559998,95.28437528846159
GOOG,Mon May 04 00:00:00 CEST 2015,78.809998,353.0248052429438
AAPL,Mon May 04 00:00:00 CEST 2015,78.809998,353.0248052429438
AMZN,Mon May 04 00:00:00 CEST 2015,78.809998,255.74747624133119
FB,Mon May 04 00:00:00 CEST 2015,78.809998,312.81233996995695
MSFT,Mon May 04 00:00:00 CEST 2015,78.809998,95.20555051674647
GOOG,Tue Apr 05 00:00:00 CEST 2016,54.560001,352.7242364572007
AAPL,Tue Apr 05 00:00:00 CEST 2016,54.560001,352.7242364572007
AMZN,Tue Apr 05 00:00:00 CEST 2016,54.560001,255.46882322853156
FB,Tue Apr 05 00:00:00 CEST 2016,54.560001,312.2593371027836