TWTR,date,closing,avg
TWTR,Fri Nov 06 00:00:00 CET 2015,659.369995,659.369995
TWTR,Fri Aug 14 00:00:00 CEST 2015,115.959999,387.664997
TWTR,Fri Mar 11 00:00:00 CET 2016,109.410004,294.9133326666667
TWTR,Tue Apr 05 00:00:00 CEST 2016,54.560001,234.82499975000002
TWTR,Thu Nov 05 00:00:00 CET 2015,655.650024,318.9900046
TWTR,Thu Aug 13 00:00:00 CEST 2015,115.150002,285.01667083333336
TWTR,Thu Mar 10 00:00:00 CET 2016,107.32,259.63143214285714
TWTR,Mon Apr 04 00:00:00 CEST 2016,55.43,234.10625312500002
TWTR,Wed Nov 04 00:00:00 CET 2015,640.950012,279.3111152222222
TWTR,Wed Aug 12 00:00:00 CEST 2015,115.239998,262.9040035
TWTR,Wed Mar 09 00:00:00 CET 2016,107.510002,248.77727609090908
TWTR,Fri Apr 01 00:00:00 CEST 2016,55.57,232.67666975
TWTR,Tue Nov 03 00:00:00 CET 2015,625.309998,262.8792334615385
TWTR,Tue Aug 11 00:00:00 CEST 2015,113.489998,252.20857378571432
TWTR,Tue Mar 08 00:00:00 CET 2016,105.93,242.4566688666667
TWTR,Thu Mar 31 00:00:00 CEST 2016,55.23,230.7550020625
TWTR,Mon Nov 02 00:00:00 CET 2015,628.349976,254.14294170588232
TWTR,Mon Aug 10 00:00:00 CEST 2015,119.720001,246.67500055555553
TWTR,Mon Mar 07 00:00:00 CET 2016,105.730003,239.25684278947364
TWTR,Wed Mar 30 00:00:00 CEST 2016,55.049999,230.04650059999994
TWTR,Fri Oct 30 00:00:00 CET 2015,625.900024,248.89666838095235
TWTR,Fri Aug 07 00:00:00 CEST 2015,115.519997,242.83409240909089
TWTR,Fri Mar 04 00:00:00 CET 2016,108.389999,236.98869704347825
TWTR,Tue Mar 29 00:00:00 CEST 2016,54.709999,229.39375129166663
TWTR,Thu Oct 29 00:00:00 CET 2015,626.549988,245.28000075999998
TWTR,Thu Aug 06 00:00:00 CEST 2015,115.129997,240.27423138461535
TWTR,Thu Mar 03 00:00:00 CET 2016,109.580002,235.43370437037032
TWTR,Mon Mar 28 00:00:00 CEST 2016,53.540001,228.9375006785714
TWTR,Wed Oct 28 00:00:00 CET 2015,617.099976,242.32241362068962
TWTR,Wed Aug 05 00:00:00 CEST 2015,115.400002,238.09166656666665
TWTR,Wed Mar 02 00:00:00 CET 2016,109.949997,233.9580643225806
TWTR,Thu Mar 24 00:00:00 CET 2016,54.209999,228.34093728124995
TWTR,Tue Oct 27 00:00:00 CET 2015,611.01001,239.93696978787875
TWTR,Tue Aug 04 00:00:00 CEST 2015,114.639999,236.25176476470583
TWTR,Tue Mar 01 00:00:00 CET 2016,109.82,232.63942862857138
TWTR,Wed Mar 23 00:00:00 CET 2016,53.970001,227.67638897222216
TWTR,Mon Oct 26 00:00:00 CET 2015,608.609985,237.97189156756752
TWTR,Mon Aug 03 00:00:00 CEST 2015,118.440002,234.82631552631574
TWTR,Mon Feb 29 00:00:00 CET 2016,106.919998,231.5466663589743
TWTR,Tue Mar 22 00:00:00 CET 2016,54.07,227.10974969999992
TWTR,Fri Oct 23 00:00:00 CEST 2015,599.030029,236.18097602439016
TWTR,Fri Jul 31 00:00:00 CEST 2015,121.300003,233.4457147619047
TWTR,Fri Feb 26 00:00:00 CET 2016,107.919998,230.52651204651156
TWTR,Mon Mar 21 00:00:00 CET 2016,53.860001,226.5113640681817
TWTR,Thu Oct 22 00:00:00 CEST 2015,563.909973,234.00911093333323
TWTR,Thu Jul 30 00:00:00 CEST 2015,122.370003,231.58217380434772
TWTR,Thu Feb 25 00:00:00 CET 2016,108.07,228.95425521276584
TWTR,Fri Mar 18 00:00:00 CET 2016,53.490002,225.2987499374999
TWTR,Wed Oct 21 00:00:00 CEST 2015,555.77002,232.04306157142847
TWTR,Wed Jul 29 00:00:00 CEST 2015,122.989998,229.8620002999999
TWTR,Wed Feb 24 00:00:00 CET 2016,106.879997,227.45058847058812
TWTR,Thu Mar 17 00:00:00 CET 2016,54.66,224.12769253846142
TWTR,Tue Oct 20 00:00:00 CEST 2015,560.880005,230.48150975471688
TWTR,Tue Jul 28 00:00:00 CEST 2015,123.379997,228.4981484074073
TWTR,Tue Feb 23 00:00:00 CET 2016,105.459999,226.26109114545446
TWTR,Wed Mar 16 00:00:00 CET 2016,54.349998,223.19125019642848
TWTR,Mon Oct 19 00:00:00 CEST 2015,573.150024,229.3308778070175
TWTR,Mon Jul 27 00:00:00 CEST 2015,122.769997,227.49362124137923
TWTR,Wed Apr 06 00:00:00 CEST 2016,17.26,223.93033952542365
TWTR,Mon Feb 22 00:00:00 CET 2016,107.160004,221.9841672666666
TWTR,Tue Mar 15 00:00:00 CET 2016,53.59,219.22360714754092
TWTR,Fri Oct 16 00:00:00 CEST 2015,570.76001,224.89354912903218
TWTR,Fri Jul 24 00:00:00 CEST 2015,124.5,223.30000073015864
TWTR,Tue Apr 05 00:00:00 CEST 2016,17.049999,220.07734445312494
TWTR,Fri Feb 19 00:00:00 CET 2016,104.57,218.3003083846153
TWTR,Mon Mar 14 00:00:00 CET 2016,53.169998,215.7983339848484
TWTR,Thu Oct 15 00:00:00 CEST 2015,562.440002,220.9720902238805
TWTR,Thu Jul 23 00:00:00 CEST 2015,125.160004,219.56308895588225
TWTR,Mon Apr 04 00:00:00 CEST 2016,17.09,216.62869636231875
TWTR,Thu Feb 18 00:00:00 CET 2016,103.470001,215.01214357142848
TWTR,Fri Mar 11 00:00:00 CET 2016,53.07,212.73126830985908
TWTR,Wed Oct 14 00:00:00 CEST 2015,544.830017,217.34375093055547
TWTR,Wed Jul 22 00:00:00 CEST 2015,125.220001,216.08178175342456
TWTR,Fri Apr 01 00:00:00 CEST 2016,15.98,213.37770362162152
TWTR,Wed Feb 17 00:00:00 CET 2016,105.199997,211.93533419999991
TWTR,Thu Mar 10 00:00:00 CET 2016,52.049999,209.8315797894736
TWTR,Tue Oct 13 00:00:00 CEST 2015,548.900024,214.23506607792197
TWTR,Tue Jul 21 00:00:00 CEST 2015,130.75,213.16474471794862
TWTR,Thu Mar 31 00:00:00 CEST 2016,16.549999,210.6759504683543
TWTR,Tue Feb 16 00:00:00 CET 2016,101.610001,209.3126260999999
TWTR,Wed Mar 09 00:00:00 CET 2016,52.84,207.38086528395053
TWTR,Mon Oct 12 00:00:00 CEST 2015,550.190002,211.56146451219502
TWTR,Mon Jul 20 00:00:00 CEST 2015,132.070007,210.60373610843362
TWTR,Wed Mar 30 00:00:00 CEST 2016,16.360001,208.29131069047608
TWTR,Fri Feb 12 00:00:00 CET 2016,102.010002,207.04094235294104
TWTR,Tue Mar 08 00:00:00 CET 2016,51.650002,205.23407095348824
TWTR,Fri Oct 09 00:00:00 CEST 2015,539.799988,209.0796562068964
TWTR,Fri Jul 17 00:00:00 CEST 2015,129.619995,208.1767055113635
TWTR,Tue Mar 29 00:00:00 CEST 2016,15.97,206.01707960674145
TWTR,Thu Feb 11 00:00:00 CET 2016,101.910004,204.86033432222212
TWTR,Mon Mar 07 00:00:00 CET 2016,51.029999,203.16989107692297
TWTR,Thu Oct 08 00:00:00 CEST 2015,533.159973,206.75673979347815
TWTR,Thu Jul 16 00:00:00 CEST 2015,128.509995,205.91537694623645
TWTR,Mon Mar 28 00:00:00 CEST 2016,15.6,203.89074527659562
TWTR,Wed Feb 10 00:00:00 CET 2016,101.0,202.8076847999999
TWTR,Fri Mar 04 00:00:00 CET 2016,52.029999,201.23708390624986
TWTR,Wed Oct 07 00:00:00 CEST 2015,541.940002,204.7494851237112
TWTR,Wed Jul 15 00:00:00 CEST 2015,126.82,203.95428629591822
TWTR,Thu Mar 24 00:00:00 CET 2016,15.91,202.05484906060593
TWTR,Tue Feb 09 00:00:00 CET 2016,99.540001,201.02970057999988
TWTR,Thu Mar 03 00:00:00 CET 2016,52.349998,199.55762431683158
TWTR,Tue Oct 06 00:00:00 CEST 2015,537.47998,202.8705885882352
TWTR,Tue Jul 14 00:00:00 CEST 2015,125.610001,202.1204857961164
TWTR,Wed Mar 23 00:00:00 CET 2016,16.01,200.33096189423065
TWTR,Mon Feb 08 00:00:00 CET 2016,99.75,199.37304797142846
TWTR,Wed Mar 02 00:00:00 CET 2016,52.950001,197.99169847169802
TWTR,Mon Oct 05 00:00:00 CEST 2015,543.679993,201.2224301962616
TWTR,Mon Jul 13 00:00:00 CEST 2015,125.660004,200.5227781018518
TWTR,Tue Mar 22 00:00:00 CET 2016,16.860001,198.83779849541278
TWTR,Fri Feb 05 00:00:00 CET 2016,104.07,197.9762730545454
TWTR,Tue Mar 01 00:00:00 CET 2016,52.580002,196.66639673873865
TWTR,Fri Oct 02 00:00:00 CEST 2015,532.539978,199.66526799999994
TWTR,Fri Jul 10 00:00:00 CEST 2015,123.279999,198.9892921681415
TWTR,Mon Mar 21 00:00:00 CET 2016,16.889999,197.39192994736834
TWTR,Thu Feb 04 00:00:00 CET 2016,110.489998,196.63626097391298
TWTR,Mon Feb 29 00:00:00 CET 2016,50.880001,195.37974149137924
TWTR,Thu Oct 01 00:00:00 CEST 2015,520.719971,198.16042721367515
TWTR,Thu Jul 09 00:00:00 CEST 2015,120.07,197.49864393220332
TWTR,Fri Mar 18 00:00:00 CET 2016,16.85,195.98058810084024
TWTR,Wed Feb 03 00:00:00 CET 2016,112.690002,195.28649988333325
TWTR,Fri Feb 26 00:00:00 CET 2016,51.299999,194.0965288016528
TWTR,Wed Sep 30 00:00:00 CEST 2015,511.890015,196.70139344262287
TWTR,Wed Jul 08 00:00:00 CEST 2015,122.57,196.09869918699178
TWTR,Thu Mar 17 00:00:00 CET 2016,16.85,194.6531451612902
TWTR,Tue Feb 02 00:00:00 CET 2016,114.610001,194.0128000079999
TWTR,Thu Feb 25 00:00:00 CET 2016,52.099998,192.88650792857135
TWTR,Tue Sep 29 00:00:00 CEST 2015,496.070007,195.27377957480306
TWTR,Tue Jul 07 00:00:00 CEST 2015,125.690002,194.7301563124999
TWTR,Wed Mar 16 00:00:00 CET 2016,16.700001,193.3500775891472
TWTR,Mon Feb 01 00:00:00 CET 2016,115.089996,192.74807696153837
TWTR,Wed Feb 24 00:00:00 CET 2016,51.360001,191.66877867175563
TWTR,Mon Sep 28 00:00:00 CEST 2015,504.059998,194.03537881818173
TWTR,Mon Jul 06 00:00:00 CEST 2015,126.0,193.52383461654128
TWTR,Tue Mar 15 00:00:00 CET 2016,16.190001,192.20044779850738
TWTR,Fri Jan 29 00:00:00 CET 2016,112.209999,191.60792595555546
TWTR,Tue Feb 23 00:00:00 CET 2016,51.18,190.57536767647048
TWTR,Fri Sep 25 00:00:00 CEST 2015,524.25,193.01094893430647
TWTR,Thu Jul 02 00:00:00 CEST 2015,126.440002,192.52855076811585
TWTR,Mon Mar 14 00:00:00 CET 2016,17.120001,191.26661875539557
TWTR,Thu Jan 28 00:00:00 CET 2016,109.110001,190.67978577142847
TWTR,Mon Feb 22 00:00:00 CET 2016,52.650002,189.70085113475167
TWTR,Thu Sep 24 00:00:00 CEST 2015,533.75,192.12373246478862
TWTR,Wed Jul 01 00:00:00 CEST 2015,126.599998,191.66552453146844
TWTR,Fri Mar 11 00:00:00 CET 2016,16.809999,190.45125004861103
TWTR,Wed Jan 27 00:00:00 CET 2016,94.449997,189.7891724413792
TWTR,Fri Feb 19 00:00:00 CET 2016,51.82,188.84417810958894
TWTR,Wed Sep 23 00:00:00 CEST 2015,536.070007,191.2062585782312
TWTR,Tue Jun 30 00:00:00 CEST 2015,125.43,190.76182439864854
TWTR,Thu Mar 10 00:00:00 CET 2016,16.610001,189.593020214765
TWTR,Tue Jan 26 00:00:00 CET 2016,97.339996,188.97800005333323
TWTR,Thu Feb 18 00:00:00 CET 2016,52.189999,188.07211925165552
TWTR,Tue Sep 22 00:00:00 CEST 2015,538.400024,190.37690809868408
TWTR,Mon Jun 29 00:00:00 CEST 2015,124.529999,189.94653614379072
TWTR,Wed Mar 09 00:00:00 CET 2016,17.66,188.82779240259728
TWTR,Mon Jan 25 00:00:00 CET 2016,97.010002,188.2354195612902
TWTR,Wed Feb 17 00:00:00 CET 2016,52.419998,187.36480788461526
TWTR,Mon Sep 21 00:00:00 CEST 2015,548.390015,189.66433149681518
TWTR,Fri Jun 26 00:00:00 CEST 2015,126.75,189.26613952531633
TWTR,Tue Mar 08 00:00:00 CET 2016,18.33,188.1910694654087
TWTR,Fri Jan 22 00:00:00 CET 2016,97.940002,187.6270002937499
TWTR,Tue Feb 16 00:00:00 CET 2016,51.09,186.77894439130424
TWTR,Fri Sep 18 00:00:00 CEST 2015,540.26001,188.96092627777767
TWTR,Thu Jun 25 00:00:00 CEST 2015,127.5,188.583865380368
TWTR,Mon Mar 07 00:00:00 CET 2016,19.17,187.55085400609744
TWTR,Thu Jan 21 00:00:00 CET 2016,94.160004,186.98484885454533
TWTR,Fri Feb 12 00:00:00 CET 2016,50.5,186.1626509698794
TWTR,Thu Sep 17 00:00:00 CEST 2015,538.869995,188.27467099401187
TWTR,Wed Jun 24 00:00:00 CEST 2015,128.110001,187.91654795833324
TWTR,Fri Mar 04 00:00:00 CET 2016,19.360001,186.9191719408283
TWTR,Wed Jan 20 00:00:00 CET 2016,94.349998,186.37464738823522
TWTR,Thu Feb 11 00:00:00 CET 2016,49.689999,185.57532195906424
TWTR,Wed Sep 16 00:00:00 CEST 2015,527.390015,187.56261668604643
TWTR,Tue Jun 23 00:00:00 CEST 2015,127.029999,187.2127171618496
TWTR,Thu Mar 03 00:00:00 CET 2016,19.309999,186.24775901149417
TWTR,Tue Jan 19 00:00:00 CET 2016,95.260002,185.72782897142847
TWTR,Wed Feb 10 00:00:00 CET 2016,49.709999,184.95500039204535
TWTR,Tue Sep 15 00:00:00 CEST 2015,522.369995,186.86129979661007
TWTR,Mon Jun 22 00:00:00 CEST 2015,127.610001,186.5284273314606
TWTR,Wed Mar 02 00:00:00 CET 2016,18.540001,185.5899445027932
TWTR,Fri Jan 15 00:00:00 CET 2016,94.970001,185.08650037222213
TWTR,Tue Feb 09 00:00:00 CET 2016,49.279999,184.33618820994465
TWTR,Mon Sep 14 00:00:00 CEST 2015,521.380005,186.1880773131867
TWTR,Fri Jun 19 00:00:00 CEST 2015,126.599998,185.86245939344252
TWTR,Tue Mar 01 00:00:00 CET 2016,17.85,184.94934820108685
TWTR,Thu Jan 14 00:00:00 CET 2016,98.370003,184.48135174054045
TWTR,Mon Feb 08 00:00:00 CET 2016,49.41,183.7551616774193
TWTR,Fri Sep 11 00:00:00 CEST 2015,529.440002,185.6037437112299
TWTR,Thu Jun 18 00:00:00 CEST 2015,127.879997,185.29670250531908
TWTR,Mon Feb 29 00:00:00 CET 2016,18.120001,184.41216969312163
TWTR,Wed Jan 13 00:00:00 CET 2016,95.440002,183.94389512631574
TWTR,Fri Feb 05 00:00:00 CET 2016,50.16,183.24345588481674
TWTR,Thu Sep 10 00:00:00 CEST 2015,522.23999,185.00906283333333
TWTR,Wed Jun 17 00:00:00 CEST 2015,127.300003,184.71005216062173
TWTR,Fri Feb 26 00:00:00 CET 2016,17.940001,183.85041272164946
TWTR,Tue Jan 12 00:00:00 CET 2016,99.370003,183.41717985128201
TWTR,Thu Feb 04 00:00:00 CET 2016,52.0,182.74668403571425
TWTR,Wed Sep 09 00:00:00 CEST 2015,516.890015,184.44284307614208
TWTR,Tue Jun 16 00:00:00 CEST 2015,127.599998,184.15575799999993
TWTR,Thu Feb 25 00:00:00 CET 2016,17.59,183.31874414070344
TWTR,Mon Jan 11 00:00:00 CET 2016,97.510002,182.88970042999995
TWTR,Wed Feb 03 00:00:00 CET 2016,52.16,182.23930391044772
TWTR,Tue Sep 08 00:00:00 CEST 2015,517.539978,183.89920823762372
TWTR,Mon Jun 15 00:00:00 CEST 2015,126.919998,183.61852247290636
TWTR,Wed Feb 24 00:00:00 CET 2016,18.0,182.8066669705882
TWTR,Fri Jan 08 00:00:00 CET 2016,97.330002,182.38970762926826
TWTR,Tue Feb 02 00:00:00 CET 2016,53.0,181.76160225242714
TWTR,Fri Sep 04 00:00:00 CEST 2015,499.0,183.2941548985507
TWTR,Fri Jun 12 00:00:00 CEST 2015,127.169998,183.02432722115378
TWTR,Tue Feb 23 00:00:00 CET 2016,18.299999,182.23617254066983
TWTR,Thu Jan 07 00:00:00 CET 2016,97.919998,181.83466694761898
TWTR,Mon Feb 01 00:00:00 CET 2016,54.709999,181.23218036966819
TWTR,Thu Sep 03 00:00:00 CEST 2015,504.720001,182.75806631603768
TWTR,Thu Jun 11 00:00:00 CEST 2015,128.589996,182.50375612676052
TWTR,Mon Feb 22 00:00:00 CET 2016,18.299999,181.73644885046727
TWTR,Wed Jan 06 00:00:00 CET 2016,102.970001,181.37009327906975
TWTR,Fri Jan 29 00:00:00 CET 2016,55.09,180.78546321759256
TWTR,Wed Sep 02 00:00:00 CEST 2015,510.549988,182.3051154055299
TWTR,Wed Jun 10 00:00:00 CEST 2015,128.880005,182.0600460917431
TWTR,Fri Feb 19 00:00:00 CET 2016,18.309999,181.3123289817351
TWTR,Tue Jan 05 00:00:00 CET 2016,102.730003,180.95513659090904
TWTR,Thu Jan 28 00:00:00 CET 2016,52.060001,180.37190068325785
TWTR,Tue Sep 01 00:00:00 CEST 2015,496.540009,181.79608135135126
TWTR,Thu Feb 18 00:00:00 CET 2016,18.43,181.06349802690573
TWTR,Tue Jun 09 00:00:00 CEST 2015,127.419998,180.82401811607133
TWTR,Mon Jan 04 00:00:00 CET 2016,102.220001,180.4746669288888
TWTR,Wed Jan 27 00:00:00 CET 2016,51.220001,179.9027436283185
TWTR,Mon Aug 31 00:00:00 CEST 2015,512.890015,181.36964790748888
TWTR,Wed Feb 17 00:00:00 CET 2016,17.459999,180.6507459385964
TWTR,Mon Jun 08 00:00:00 CEST 2015,127.800003,180.41995666812215
TWTR,Thu Dec 31 00:00:00 CET 2015,104.660004,180.0905655695651
TWTR,Tue Jan 26 00:00:00 CET 2016,52.169998,179.53679687878775
TWTR,Fri Aug 28 00:00:00 CEST 2015,518.01001,180.99573314224125
TWTR,Tue Feb 16 00:00:00 CET 2016,16.360001,180.28914201716725
TWTR,Fri Jun 05 00:00:00 CEST 2015,128.649994,180.06846189743575
TWTR,Wed Dec 30 00:00:00 CET 2015,106.220001,179.75421312765945
TWTR,Mon Jan 25 00:00:00 CET 2016,51.790001,179.2119918898304
TWTR,Thu Aug 27 00:00:00 CEST 2015,518.369995,180.64303831645557
TWTR,Fri Feb 12 00:00:00 CET 2016,15.88,179.95075664285702
TWTR,Thu Jun 04 00:00:00 CEST 2015,129.360001,179.73907984100404
TWTR,Tue Dec 29 00:00:00 CET 2015,107.260002,179.4370836833332
TWTR,Fri Jan 22 00:00:00 CET 2016,52.290001,178.90950242738577
TWTR,Wed Aug 26 00:00:00 CEST 2015,500.769989,180.2395044380164
TWTR,Thu Feb 11 00:00:00 CET 2016,14.31,179.5566669711933
TWTR,Wed Jun 03 00:00:00 CEST 2015,130.119995,179.35405765983595
TWTR,Mon Dec 28 00:00:00 CET 2015,105.93,179.05436762857133
TWTR,Thu Jan 21 00:00:00 CET 2016,50.48,178.53170759756088
TWTR,Tue Aug 25 00:00:00 CEST 2015,466.369995,179.69704479352217
TWTR,Wed Feb 10 00:00:00 CET 2016,14.98,179.03286316129024
TWTR,Tue Jun 02 00:00:00 CEST 2015,129.960007,178.8357834176706
TWTR,Thu Dec 24 00:00:00 CET 2015,105.019997,178.54052027199992
TWTR,Wed Jan 20 00:00:00 CET 2016,50.790001,178.0315540597609
TWTR,Mon Aug 24 00:00:00 CEST 2015,463.369995,179.1638494603174
TWTR,Tue Feb 09 00:00:00 CET 2016,14.4,178.51260894861656
TWTR,Mon Jun 01 00:00:00 CEST 2015,130.539993,178.3237403818897
TWTR,Wed Dec 23 00:00:00 CET 2015,104.629997,178.0347453098039
TWTR,Tue Jan 19 00:00:00 CET 2016,50.560001,177.5367970898437
TWTR,Fri Aug 21 00:00:00 CEST 2015,494.470001,178.7700002178988
TWTR,Mon Feb 08 00:00:00 CET 2016,14.9,178.13484517829454
TWTR,Fri May 29 00:00:00 CEST 2015,130.279999,177.95007743243238
TWTR,Tue Dec 22 00:00:00 CET 2015,105.510002,177.67146175769227
TWTR,Fri Jan 15 00:00:00 CET 2016,50.990002,177.1860921800766
TWTR,Thu Aug 20 00:00:00 CEST 2015,515.780029,178.47843545038165
TWTR,Fri Feb 05 00:00:00 CET 2016,15.72,177.85958208365017
TWTR,Thu May 28 00:00:00 CEST 2015,131.779999,177.6850382083333
TWTR,Mon Dec 21 00:00:00 CET 2015,104.769997,177.40988710943395
TWTR,Thu Jan 14 00:00:00 CET 2016,53.110001,176.94259430451126
TWTR,Wed Aug 19 00:00:00 CEST 2015,532.919983,178.27584295131084
TWTR,Thu Feb 04 00:00:00 CET 2016,16.91,177.67373159701492
TWTR,Wed May 27 00:00:00 CEST 2015,132.039993,177.50408944609666
TWTR,Fri Dec 18 00:00:00 CET 2015,104.040001,177.23200022962962
TWTR,Wed Jan 13 00:00:00 CET 2016,51.639999,176.76856111070109
TWTR,Tue Aug 18 00:00:00 CEST 2015,535.02002,178.0856620625
TWTR,Wed Feb 03 00:00:00 CET 2016,16.559999,177.49399296703297
TWTR,Tue May 26 00:00:00 CEST 2015,129.619995,177.3192703467153
TWTR,Thu Dec 17 00:00:00 CET 2015,106.220001,177.0607275490909
TWTR,Tue Jan 12 00:00:00 CET 2016,52.779999,176.61043505434782
TWTR,Mon Aug 17 00:00:00 CEST 2015,535.219971,177.90505431768952
TWTR,Tue Feb 02 00:00:00 CET 2016,16.08,177.3229498057554
TWTR,Fri May 22 00:00:00 CEST 2015,132.539993,177.1624374157706
TWTR,Wed Dec 16 00:00:00 CET 2015,106.790001,176.91110728571428
TWTR,Mon Jan 11 00:00:00 CET 2016,52.299999,176.46765138434165
TWTR,Fri Aug 14 00:00:00 CEST 2015,531.52002,177.72670233687944
TWTR,Mon Feb 01 00:00:00 CET 2016,17.91,177.16197900706717
TWTR,Thu May 21 00:00:00 CEST 2015,131.389999,177.0008100633803
TWTR,Tue Dec 15 00:00:00 CET 2015,104.550003,176.7465967052632
TWTR,Fri Jan 08 00:00:00 CET 2016,52.330002,176.31157364685316
TWTR,Thu Aug 13 00:00:00 CEST 2015,529.659973,177.542752738676
TWTR,Fri Jan 29 00:00:00 CET 2016,16.799999,176.98461817708338
TWTR,Wed May 20 00:00:00 CEST 2015,130.059998,176.82224924913498
TWTR,Mon Dec 14 00:00:00 CET 2015,104.660004,176.5734139206897
TWTR,Thu Jan 07 00:00:00 CET 2016,52.169998,176.14591077319588
TWTR,Wed Aug 12 00:00:00 CEST 2015,525.909973,177.3437329041096
TWTR,Thu Jan 28 00:00:00 CET 2016,16.49,176.79474405460752
TWTR,Tue May 19 00:00:00 CEST 2015,130.070007,176.63581637755104
TWTR,Fri Dec 11 00:00:00 CET 2015,102.120003,176.38322040000003
TWTR,Wed Jan 06 00:00:00 CET 2016,54.049999,175.9699324898649
TWTR,Tue Aug 11 00:00:00 CEST 2015,527.460022,177.15340080471384
TWTR,Wed Jan 27 00:00:00 CET 2016,16.780001,176.61523503355707
TWTR,Mon May 18 00:00:00 CEST 2015,130.190002,176.4599666956522
TWTR,Thu Dec 10 00:00:00 CET 2015,105.419998,176.22316680000003
TWTR,Tue Jan 05 00:00:00 CET 2016,55.049999,175.82059813621268
TWTR,Mon Aug 10 00:00:00 CEST 2015,524.0,176.97351006291396
TWTR,Tue Jan 26 00:00:00 CET 2016,17.01,176.4455776864687
TWTR,Fri May 15 00:00:00 CEST 2015,128.770004,176.28875014144742
TWTR,Wed Dec 09 00:00:00 CET 2015,104.599998,176.05370505245907
TWTR,Mon Jan 04 00:00:00 CET 2016,54.799999,175.65745111111116
TWTR,Fri Aug 07 00:00:00 CEST 2015,522.619995,176.7876222638437
TWTR,Mon Jan 25 00:00:00 CET 2016,17.02,176.2688962175325
TWTR,Thu May 14 00:00:00 CEST 2015,128.949997,176.11576062135927
TWTR,Tue Dec 08 00:00:00 CET 2015,106.489998,175.89116138709682
TWTR,Thu Dec 31 00:00:00 CET 2015,55.48,175.50398723472674
TWTR,Thu Aug 06 00:00:00 CEST 2015,529.460022,176.63846170512826
TWTR,Fri Jan 22 00:00:00 CET 2016,17.84,176.13111837699685
TWTR,Wed May 13 00:00:00 CEST 2015,126.010002,175.9714969872612
TWTR,Mon Dec 07 00:00:00 CET 2015,105.610001,175.7481271587302
TWTR,Wed Dec 30 00:00:00 CET 2015,56.310001,175.37015840506334
TWTR,Wed Aug 05 00:00:00 CEST 2015,537.01001,176.510978126183
TWTR,Thu Jan 21 00:00:00 CET 2016,17.83,176.01198133962268
TWTR,Tue May 12 00:00:00 CEST 2015,125.870003,175.8547964545455
TWTR,Fri Dec 04 00:00:00 CET 2015,106.18,175.63706271562504
TWTR,Tue Dec 29 00:00:00 CET 2015,56.549999,175.2660749781932
TWTR,Tue Aug 04 00:00:00 CEST 2015,531.900024,176.373633826087
TWTR,Wed Jan 20 00:00:00 CET 2016,17.379999,175.88139347058828
TWTR,Mon May 11 00:00:00 CEST 2015,126.32,175.72842620679015
TWTR,Thu Dec 03 00:00:00 CET 2015,104.379997,175.50889257846157
TWTR,Mon Dec 28 00:00:00 CET 2015,55.950001,175.14214751227
TWTR,Mon Aug 03 00:00:00 CEST 2015,535.030029,176.24272207339453
TWTR,Tue Jan 19 00:00:00 CET 2016,16.690001,175.7562808506098
TWTR,Fri May 08 00:00:00 CEST 2015,127.620003,175.60996997568395
TWTR,Wed Dec 02 00:00:00 CET 2015,106.07,175.39924279393946
TWTR,Thu Dec 24 00:00:00 CET 2015,55.669998,175.03752302114808
TWTR,Fri Jul 31 00:00:00 CEST 2015,536.150024,176.1252112771085
TWTR,Fri Jan 15 00:00:00 CET 2016,17.940001,175.65018061561568
TWTR,Thu May 07 00:00:00 CEST 2015,125.260002,175.49931181736534
TWTR,Tue Dec 01 00:00:00 CET 2015,107.120003,175.295194477612
TWTR,Wed Dec 23 00:00:00 CET 2015,55.82,174.93961354166672
TWTR,Thu Jul 30 00:00:00 CEST 2015,536.76001,176.013264569733
TWTR,Thu Jan 14 00:00:00 CET 2016,19.0,175.54872828402372
TWTR,Wed May 06 00:00:00 CEST 2015,125.010002,175.3996464955753
TWTR,Mon Nov 30 00:00:00 CET 2015,104.239998,175.19035341176476
TWTR,Tue Dec 22 00:00:00 CET 2015,55.349998,174.8389154193549
TWTR,Wed Jul 29 00:00:00 CEST 2015,529.0,175.87447414619888
TWTR,Wed Jan 13 00:00:00 CET 2016,18.68,175.41618121865895
TWTR,Tue May 05 00:00:00 CEST 2015,125.800003,175.27194814244191
TWTR,Fri Nov 27 00:00:00 CET 2015,105.449997,175.06956567536236
TWTR,Mon Dec 21 00:00:00 CET 2015,54.830002,174.7220524855492
TWTR,Tue Jul 28 00:00:00 CEST 2015,526.030029,175.73446740345827
TWTR,Tue Jan 12 00:00:00 CET 2016,19.620001,175.2858626149426
TWTR,Mon May 04 00:00:00 CEST 2015,128.699997,175.1523787593124
TWTR,Wed Nov 25 00:00:00 CET 2015,105.410004,174.95311483142865
TWTR,Fri Dec 18 00:00:00 CET 2015,54.130001,174.6088894358975
TWTR,Mon Jul 27 00:00:00 CEST 2015,531.409973,175.62252887784098
TWTR,Mon Jan 11 00:00:00 CET 2016,19.65,175.18068035410772
TWTR,Fri May 01 00:00:00 CEST 2015,128.949997,175.05008520338993
TWTR,Tue Nov 24 00:00:00 CET 2015,105.739998,174.85484552112683
TWTR,Thu Dec 17 00:00:00 CET 2015,55.700001,174.52014090168547
TWTR,Fri Jul 24 00:00:00 CEST 2015,529.419983,175.51425810644264
TWTR,Fri Jan 08 00:00:00 CET 2016,19.98,175.07980487150846
TWTR,Thu Apr 30 00:00:00 CEST 2015,125.150002,174.9407246406686
TWTR,Mon Nov 23 00:00:00 CET 2015,106.949997,174.75186150833343
TWTR,Wed Dec 16 00:00:00 CET 2015,56.130001,174.423269096953
TWTR,Thu Jul 23 00:00:00 CEST 2015,482.179993,175.27342579281776
TWTR,Thu Jan 07 00:00:00 CET 2016,20.26,174.84639156198355
TWTR,Wed Apr 29 00:00:00 CEST 2015,128.639999,174.719450923077
TWTR,Fri Nov 20 00:00:00 CET 2015,107.32,174.53479489315077
TWTR,Tue Dec 15 00:00:00 CET 2015,55.200001,174.2087435437159
TWTR,Wed Jul 22 00:00:00 CEST 2015,488.269989,175.06449625613087
TWTR,Wed Jan 06 00:00:00 CET 2016,21.389999,174.64690251358704
TWTR,Tue Apr 28 00:00:00 CEST 2015,130.559998,174.52742580758814
TWTR,Thu Nov 19 00:00:00 CET 2015,106.260002,174.34291925675683
TWTR,Mon Dec 14 00:00:00 CET 2015,55.139999,174.02161758490573
TWTR,Tue Jul 21 00:00:00 CEST 2015,488.0,174.86564549462372
TWTR,Tue Jan 05 00:00:00 CET 2016,21.92,174.45560354959792
TWTR,Mon Apr 27 00:00:00 CEST 2015,132.649994,174.34382384491985
TWTR,Wed Nov 18 00:00:00 CET 2015,107.769997,174.16629364000008
TWTR,Fri Dec 11 00:00:00 CET 2015,54.060001,173.84686201063835
TWTR,Mon Jul 20 00:00:00 CEST 2015,488.100006,174.6804247267905
TWTR,Mon Jan 04 00:00:00 CET 2016,22.559999,174.2779897380953
TWTR,Fri Apr 24 00:00:00 CEST 2015,130.279999,174.1619000527705
TWTR,Tue Nov 17 00:00:00 CET 2015,105.129997,173.98023715000005
TWTR,Thu Dec 10 00:00:00 CET 2015,55.27,173.66866172440953
TWTR,Fri Jul 17 00:00:00 CEST 2015,483.01001,174.478455829843
TWTR,Thu Dec 31 00:00:00 CET 2015,23.139999,174.08331625587476
TWTR,Thu Apr 23 00:00:00 CEST 2015,129.669998,173.96765657291675
TWTR,Mon Nov 16 00:00:00 CET 2015,104.040001,173.7860262987014
TWTR,Wed Dec 09 00:00:00 CET 2015,54.98,173.4782386658032
TWTR,Thu Jul 16 00:00:00 CEST 2015,475.480011,174.25860500258406
TWTR,Wed Dec 30 00:00:00 CET 2015,22.23,173.866778701031
TWTR,Wed Apr 22 00:00:00 CEST 2015,128.619995,173.75046306169673
TWTR,Fri Nov 13 00:00:00 CET 2015,103.949997,173.57148750769238
TWTR,Tue Dec 08 00:00:00 CET 2015,55.790001,173.27025608439908
TWTR,Wed Jul 15 00:00:00 CEST 2015,461.190002,174.00474523214297
TWTR,Tue Dec 29 00:00:00 CET 2015,22.469999,173.6191606361324
TWTR,Tue Apr 21 00:00:00 CEST 2015,126.910004,173.50060947715744
TWTR,Thu Nov 12 00:00:00 CET 2015,108.019997,173.33483577468363
TWTR,Mon Dec 07 00:00:00 CET 2015,55.810001,173.03805588888898
TWTR,Tue Jul 14 00:00:00 CEST 2015,465.570007,173.77491218891697
TWTR,Mon Dec 28 00:00:00 CET 2015,22.530001,173.39489984924634
TWTR,Mon Apr 20 00:00:00 CEST 2015,127.599998,173.28012565914798
TWTR,Wed Nov 11 00:00:00 CET 2015,109.010002,173.1194503500001
TWTR,Fri Dec 04 00:00:00 CET 2015,55.91,172.82715745635923
TWTR,Mon Jul 13 00:00:00 CEST 2015,455.570007,173.53049787810957
TWTR,Thu Dec 24 00:00:00 CET 2015,22.969999,173.15689862531028
TWTR,Fri Apr 17 00:00:00 CEST 2015,124.75,173.03707956930705
TWTR,Tue Nov 10 00:00:00 CET 2015,107.910004,172.87627197530875
TWTR,Thu Dec 03 00:00:00 CET 2015,54.200001,172.5839658891627
TWTR,Fri Jul 10 00:00:00 CEST 2015,443.51001,173.24963184520897
TWTR,Wed Dec 23 00:00:00 CET 2015,22.67,172.88056412009817
TWTR,Thu Apr 16 00:00:00 CEST 2015,126.169998,172.76635735696834
TWTR,Mon Nov 09 00:00:00 CET 2015,106.489998,172.60470770000012
TWTR,Wed Dec 02 00:00:00 CET 2015,55.209999,172.31907580535292
TWTR,Thu Jul 09 00:00:00 CEST 2015,434.390015,172.9551703179613
TWTR,Tue Dec 22 00:00:00 CET 2015,22.559999,172.59101736077494
TWTR,Wed Apr 15 00:00:00 CEST 2015,126.779999,172.4803627270533
TWTR,Fri Nov 06 00:00:00 CET 2015,107.099998,172.32281967951823
TWTR,Tue Dec 01 00:00:00 CET 2015,55.220001,172.0413225192309
TWTR,Wed Jul 08 00:00:00 CEST 2015,429.700012,172.65920906474835
TWTR,Mon Dec 21 00:00:00 CET 2015,22.139999,172.29911526076572
TWTR,Tue Apr 14 00:00:00 CEST 2015,126.300003,172.18933217661112
TWTR,Thu Nov 05 00:00:00 CET 2015,108.760002,172.0383099619049
TWTR,Mon Nov 30 00:00:00 CET 2015,54.349998,171.7587652779099
TWTR,Tue Jul 07 00:00:00 CEST 2015,436.720001,172.38663550473947
TWTR,Fri Dec 18 00:00:00 CET 2015,22.99,172.03345196926728
TWTR,Mon Apr 13 00:00:00 CEST 2015,126.849998,171.9268872193398
TWTR,Wed Nov 04 00:00:00 CET 2015,103.940002,171.76691807764723
TWTR,Fri Nov 27 00:00:00 CET 2015,53.93,171.49030559389686
TWTR,Mon Jul 06 00:00:00 CEST 2015,436.040009,172.1098599344264
TWTR,Thu Dec 17 00:00:00 CET 2015,23.309999,171.7621967079441
TWTR,Fri Apr 10 00:00:00 CEST 2015,127.099998,171.6580890186482
TWTR,Tue Nov 03 00:00:00 CET 2015,102.580002,171.49744230465134
TWTR,Wed Nov 25 00:00:00 CET 2015,53.689999,171.22410716937372
TWTR,Thu Jul 02 00:00:00 CEST 2015,437.709991,171.84097264120388
TWTR,Wed Dec 16 00:00:00 CET 2015,24.299999,171.50023136258676
TWTR,Thu Apr 09 00:00:00 CEST 2015,126.559998,171.39668243778817
TWTR,Mon Nov 02 00:00:00 CET 2015,103.309998,171.24016132413806
TWTR,Tue Nov 24 00:00:00 CET 2015,54.25,170.9718352660552
TWTR,Wed Jul 01 00:00:00 CEST 2015,437.390015,171.58148785125871
TWTR,Tue Dec 15 00:00:00 CET 2015,23.950001,171.2444296621006
TWTR,Wed Apr 08 00:00:00 CEST 2015,125.599998,171.14045601366757
TWTR,Fri Oct 30 00:00:00 CET 2015,101.970001,170.98325043409105
TWTR,Mon Nov 23 00:00:00 CET 2015,54.189999,170.71841312925184
TWTR,Tue Jun 30 00:00:00 CEST 2015,434.089996,171.31427643891413
TWTR,Mon Dec 14 00:00:00 CET 2015,24.92,170.98381531828454
TWTR,Tue Apr 07 00:00:00 CEST 2015,126.010002,170.88252294594605
TWTR,Thu Oct 29 00:00:00 CET 2015,104.879997,170.73420266292143
TWTR,Fri Nov 20 00:00:00 CET 2015,54.189999,170.47289278923776
TWTR,Mon Jun 29 00:00:00 CEST 2015,429.859985,171.0531771118569
TWTR,Fri Dec 11 00:00:00 CET 2015,24.84,170.7268084129465
TWTR,Wed Oct 28 00:00:00 CET 2015,104.199997,170.5786417951003
TWTR,Thu Nov 19 00:00:00 CET 2015,53.939999,170.3194448111112
TWTR,Fri Jun 26 00:00:00 CEST 2015,438.100006,170.9131932838138
TWTR,Thu Dec 10 00:00:00 CET 2015,25.91,170.59238975884963
TWTR,Tue Oct 27 00:00:00 CET 2015,103.699997,170.44472443267117
TWTR,Wed Nov 18 00:00:00 CET 2015,53.849998,170.18790785462565
TWTR,Thu Jun 25 00:00:00 CEST 2015,440.100006,170.78112125714293
TWTR,Wed Dec 09 00:00:00 CET 2015,24.309999,170.45991265570183
TWTR,Mon Oct 26 00:00:00 CET 2015,103.769997,170.31398286214448
TWTR,Tue Nov 17 00:00:00 CET 2015,52.970001,170.0577732947599
TWTR,Wed Jun 24 00:00:00 CEST 2015,440.839996,170.64771277777783
TWTR,Tue Dec 08 00:00:00 CET 2015,24.99,170.331065576087
TWTR,Fri Oct 23 00:00:00 CEST 2015,102.190002,170.18325415835147
TWTR,Mon Nov 16 00:00:00 CET 2015,53.77,169.931277417749
TWTR,Tue Jun 23 00:00:00 CEST 2015,445.98999,170.52751653779706
TWTR,Mon Dec 07 00:00:00 CET 2015,24.459999,170.21271585344834
TWTR,Thu Oct 22 00:00:00 CEST 2015,99.669998,170.06101108387105
TWTR,Fri Nov 13 00:00:00 CET 2015,52.84,169.80946384978546
TWTR,Mon Jun 22 00:00:00 CEST 2015,436.290009,170.3800860021414
TWTR,Fri Dec 04 00:00:00 CET 2015,25.02,170.06948752777785
TWTR,Wed Oct 21 00:00:00 CEST 2015,97.110001,169.9139235906184
TWTR,Thu Nov 12 00:00:00 CET 2015,53.32,169.66585141276605
TWTR,Fri Jun 19 00:00:00 CEST 2015,434.920013,170.229023730361
TWTR,Thu Dec 03 00:00:00 CET 2015,25.9,169.9232419004238
TWTR,Tue Oct 20 00:00:00 CEST 2015,97.0,169.7690701416491
TWTR,Wed Nov 11 00:00:00 CET 2015,53.650002,169.5240932046414
TWTR,Thu Jun 18 00:00:00 CEST 2015,439.390015,170.09223198736845
TWTR,Wed Dec 02 00:00:00 CET 2015,25.4,169.78825671008406
TWTR,Mon Oct 19 00:00:00 CEST 2015,98.470001,169.63874254716984
TWTR,Tue Nov 10 00:00:00 CET 2015,53.509998,169.3957953828452
TWTR,Wed Jun 17 00:00:00 CEST 2015,427.809998,169.93528223590815
TWTR,Tue Dec 01 00:00:00 CET 2015,25.530001,169.63443790000002
TWTR,Fri Oct 16 00:00:00 CEST 2015,97.540001,169.48455341580043
TWTR,Mon Nov 09 00:00:00 CET 2015,54.16,169.24529085684648
TWTR,Tue Jun 16 00:00:00 CEST 2015,427.26001,169.77948282194617
TWTR,Mon Nov 30 00:00:00 CET 2015,25.4,169.4811781053719
TWTR,Thu Oct 15 00:00:00 CEST 2015,95.959999,169.32958804536082
TWTR,Fri Nov 06 00:00:00 CET 2015,54.919998,169.09417736625514
TWTR,Mon Jun 15 00:00:00 CEST 2015,423.670013,169.61692035523612
TWTR,Fri Nov 27 00:00:00 CET 2015,25.75,169.3221110922131
TWTR,Wed Oct 14 00:00:00 CEST 2015,94.07,169.16822129447854
TWTR,Thu Nov 05 00:00:00 CET 2015,54.380001,168.93395962040816
TWTR,Fri Jun 12 00:00:00 CEST 2015,429.920013,169.46549944399183
TWTR,Wed Nov 25 00:00:00 CET 2015,26.059999,169.1740248495935
TWTR,Tue Oct 13 00:00:00 CEST 2015,94.120003,169.02178545436107
TWTR,Wed Nov 04 00:00:00 CET 2015,54.400002,168.78975755263158
TWTR,Thu Jun 11 00:00:00 CEST 2015,432.970001,169.3234550141414
TWTR,Tue Nov 24 00:00:00 CET 2015,25.52,169.0335286935484
TWTR,Mon Oct 12 00:00:00 CEST 2015,94.260002,168.88307894164987
TWTR,Tue Nov 03 00:00:00 CET 2015,54.150002,168.65269123694776
TWTR,Wed Jun 10 00:00:00 CEST 2015,430.769989,169.17797640280557
TWTR,Mon Nov 23 00:00:00 CET 2015,25.200001,168.89002045199996
TWTR,Fri Oct 09 00:00:00 CEST 2015,93.239998,168.7390224031936
TWTR,Mon Nov 02 00:00:00 CET 2015,53.240002,168.50894467330676
TWTR,Tue Jun 09 00:00:00 CEST 2015,425.480011,169.01982154473163
TWTR,Fri Nov 20 00:00:00 CET 2015,26.27,168.7365877718254
TWTR,Thu Oct 08 00:00:00 CEST 2015,92.470001,168.58556482772278
TWTR,Fri Oct 30 00:00:00 CET 2015,52.639999,168.35642339328064
TWTR,Mon Jun 08 00:00:00 CEST 2015,423.5,168.8596651617357
TWTR,Thu Nov 19 00:00:00 CET 2015,26.32,168.57907526968506
TWTR,Wed Oct 07 00:00:00 CEST 2015,92.400002,168.42941107858547
TWTR,Thu Oct 29 00:00:00 CET 2015,53.360001,168.20378478431374
TWTR,Fri Jun 05 00:00:00 CEST 2015,426.950012,168.71013747945207
TWTR,Wed Nov 18 00:00:00 CET 2015,25.9,168.4312114296875
TWTR,Tue Oct 06 00:00:00 CEST 2015,92.800003,168.28378217348927
TWTR,Wed Oct 28 00:00:00 CET 2015,53.98,168.06140127431905
TWTR,Thu Jun 04 00:00:00 CEST 2015,430.779999,168.5715344737864
TWTR,Tue Nov 17 00:00:00 CET 2015,25.23,168.29374080232557
TWTR,Mon Oct 05 00:00:00 CEST 2015,94.010002,168.15005852224368
TWTR,Tue Oct 27 00:00:00 CET 2015,53.689999,167.9290931563706
TWTR,Wed Jun 03 00:00:00 CEST 2015,436.589996,168.4467442215799
TWTR,Mon Nov 16 00:00:00 CET 2015,25.41,168.17167355961536
TWTR,Fri Oct 02 00:00:00 CEST 2015,92.07,168.0256050882917
TWTR,Mon Oct 26 00:00:00 CET 2015,54.25,167.80764415900381
TWTR,Tue Jun 02 00:00:00 CEST 2015,430.98999,168.31086088145312
TWTR,Fri Nov 13 00:00:00 CET 2015,25.18,168.03771038358775
TWTR,Thu Oct 01 00:00:00 CEST 2015,90.949997,167.8908766438095
TWTR,Fri Oct 23 00:00:00 CEST 2015,52.869999,167.67220577376423
TWTR,Mon Jun 01 00:00:00 CEST 2015,430.920013,168.1717272296015
TWTR,Thu Nov 12 00:00:00 CET 2015,26.129999,167.9027088049242
TWTR,Wed Sep 30 00:00:00 CEST 2015,89.900002,167.75525567296782
TWTR,Thu Oct 22 00:00:00 CEST 2015,48.029999,167.52935896226413
TWTR,Fri May 29 00:00:00 CEST 2015,429.230011,168.02220388135592
TWTR,Wed Nov 11 00:00:00 CET 2015,26.5,167.7561847011278
TWTR,Tue Sep 29 00:00:00 CEST 2015,86.669998,167.6040530187617
TWTR,Wed Oct 21 00:00:00 CEST 2015,47.200001,167.37857726591758
TWTR,Thu May 28 00:00:00 CEST 2015,426.570007,167.86304722803737
TWTR,Tue Nov 10 00:00:00 CET 2015,27.049999,167.60033631716416
TWTR,Mon Sep 28 00:00:00 CEST 2015,89.209999,167.45435803538172
TWTR,Tue Oct 20 00:00:00 CEST 2015,47.77,167.2318964033457
TWTR,Wed May 27 00:00:00 CEST 2015,431.420013,167.72204133209644
TWTR,Mon Nov 09 00:00:00 CET 2015,27.09,167.46161162592588
TWTR,Fri Sep 25 00:00:00 CEST 2015,92.769997,167.32354949168203
TWTR,Mon Oct 19 00:00:00 CEST 2015,47.619999,167.1026942324723
TWTR,Tue May 26 00:00:00 CEST 2015,425.470001,167.57850879373845
TWTR,Fri Nov 06 00:00:00 CET 2015,28.280001,167.32244536029407
TWTR,Thu Sep 24 00:00:00 CEST 2015,94.410004,167.18866106422016
TWTR,Fri Oct 16 00:00:00 CEST 2015,47.509998,166.96946937362634
TWTR,Fri May 22 00:00:00 CEST 2015,427.630005,167.44599686106028
TWTR,Thu Nov 05 00:00:00 CET 2015,28.66,167.1927377427007
TWTR,Wed Sep 23 00:00:00 CEST 2015,93.970001,167.05936299453546
TWTR,Thu Oct 15 00:00:00 CEST 2015,47.009998,166.84109142181813
TWTR,Thu May 21 00:00:00 CEST 2015,431.630005,167.32165206352082
TWTR,Wed Nov 04 00:00:00 CET 2015,29.360001,167.07172153623182
TWTR,Tue Sep 22 00:00:00 CEST 2015,92.959999,166.93770395479197
TWTR,Wed Oct 14 00:00:00 CEST 2015,46.68,166.72063228700353
TWTR,Wed May 20 00:00:00 CEST 2015,423.859985,167.18394643603597
TWTR,Tue Nov 03 00:00:00 CET 2015,29.129999,166.93564796942437
TWTR,Mon Sep 21 00:00:00 CEST 2015,95.550003,166.8074870269299
TWTR,Tue Oct 13 00:00:00 CEST 2015,46.889999,166.59258113440853
TWTR,Tue May 19 00:00:00 CEST 2015,421.709991,167.04896290518775
TWTR,Mon Nov 02 00:00:00 CET 2015,29.200001,166.80280404464278
TWTR,Fri Sep 18 00:00:00 CEST 2015,94.400002,166.67374379144377
TWTR,Mon Oct 12 00:00:00 CEST 2015,47.0,166.46080118683267
TWTR,Mon May 18 00:00:00 CEST 2015,425.23999,166.92044450621663
TWTR,Fri Oct 30 00:00:00 CET 2015,28.459999,166.67494726241128
TWTR,Thu Sep 17 00:00:00 CEST 2015,94.339996,166.5469207999999
TWTR,Fri Oct 09 00:00:00 CEST 2015,47.110001,166.33590150706704
TWTR,Fri May 15 00:00:00 CEST 2015,426.0,166.79386288007044
TWTR,Thu Oct 29 00:00:00 CET 2015,29.059999,166.5513736830985
TWTR,Wed Sep 16 00:00:00 CEST 2015,93.449997,166.42290026186282
TWTR,Thu Oct 08 00:00:00 CEST 2015,47.450001,166.2141758771929
TWTR,Thu May 14 00:00:00 CEST 2015,432.279999,166.6801405411558
TWTR,Wed Oct 28 00:00:00 CET 2015,30.870001,166.44271022727267
TWTR,Tue Sep 15 00:00:00 CEST 2015,92.900002,166.3143634415357
TWTR,Wed Oct 07 00:00:00 CEST 2015,46.799999,166.10615026306613
TWTR,Wed May 13 00:00:00 CEST 2015,426.869995,166.55965260173906
TWTR,Tue Oct 27 00:00:00 CET 2015,31.34,166.32489626041658
TWTR,Mon Sep 14 00:00:00 CEST 2015,92.309998,166.19662087348345
TWTR,Tue Oct 06 00:00:00 CEST 2015,46.75,165.9899658200691
TWTR,Tue May 12 00:00:00 CEST 2015,431.019989,166.44770333851457
TWTR,Mon Oct 26 00:00:00 CET 2015,30.889999,166.2139831586206
TWTR,Fri Sep 11 00:00:00 CEST 2015,92.050003,166.08633431153174
TWTR,Mon Oct 05 00:00:00 CEST 2015,46.630001,165.881082879725
TWTR,Mon May 11 00:00:00 CEST 2015,432.850006,166.33900556089182
TWTR,Fri Oct 23 00:00:00 CEST 2015,30.280001,166.10602781335606
TWTR,Thu Sep 10 00:00:00 CEST 2015,91.980003,165.97931665982898
TWTR,Fri Oct 02 00:00:00 CEST 2015,45.57,165.77384001023884
TWTR,Fri May 08 00:00:00 CEST 2015,433.690002,166.23025595911406
TWTR,Thu Oct 22 00:00:00 CEST 2015,29.15,165.99712627210877
TWTR,Wed Sep 09 00:00:00 CEST 2015,90.440002,165.86884592529702
TWTR,Thu Oct 01 00:00:00 CEST 2015,44.610001,165.66332245932193
TWTR,Thu May 07 00:00:00 CEST 2015,426.880005,166.10531346192883
TWTR,Wed Oct 21 00:00:00 CEST 2015,29.299999,165.87422340371612
TWTR,Tue Sep 08 00:00:00 CEST 2015,89.529999,165.74548103541306
TWTR,Wed Sep 30 00:00:00 CEST 2015,44.259998,165.5409600202019
TWTR,Wed May 06 00:00:00 CEST 2015,419.100006,165.96710967731082
TWTR,Tue Oct 20 00:00:00 CEST 2015,30.91,165.7405037885905
TWTR,Fri Sep 04 00:00:00 CEST 2015,88.260002,165.61072070351747
TWTR,Tue Sep 29 00:00:00 CEST 2015,43.439999,165.40642183779252
TWTR,Tue May 05 00:00:00 CEST 2015,421.190002,165.8334395008346
TWTR,Mon Oct 19 00:00:00 CEST 2015,30.91,165.60856710166655
TWTR,Thu Sep 03 00:00:00 CEST 2015,88.150002,165.47968429783683
TWTR,Mon Sep 28 00:00:00 CEST 2015,43.290001,165.27671140199325
TWTR,Mon May 04 00:00:00 CEST 2015,423.040009,165.70417955721382
TWTR,Fri Oct 16 00:00:00 CEST 2015,31.15,165.48140773675485
TWTR,Wed Sep 02 00:00:00 CEST 2015,89.889999,165.35646325950404
TWTR,Fri Sep 25 00:00:00 CEST 2015,43.939999,165.15610605775566
TWTR,Fri May 01 00:00:00 CEST 2015,422.869995,165.5806758912684
TWTR,Thu Oct 15 00:00:00 CEST 2015,29.709999,165.35720438322357
TWTR,Tue Sep 01 00:00:00 CEST 2015,87.230003,165.22891669622322
TWTR,Thu Sep 24 00:00:00 CEST 2015,43.91,165.0300332262294
TWTR,Thu Apr 30 00:00:00 CEST 2015,421.779999,165.45024593617012
TWTR,Wed Oct 14 00:00:00 CEST 2015,29.379999,165.22790893137244
TWTR,Mon Aug 31 00:00:00 CEST 2015,89.43,165.1042581827079
TWTR,Wed Sep 23 00:00:00 CEST 2015,43.869999,164.90680824918556
TWTR,Wed Apr 29 00:00:00 CEST 2015,429.369995,165.3368296910568
TWTR,Tue Oct 13 00:00:00 CEST 2015,29.059999,165.1156010698051
TWTR,Fri Aug 28 00:00:00 CEST 2015,91.010002,164.99549475040507
TWTR,Tue Sep 22 00:00:00 CEST 2015,43.900002,164.7995473511326
TWTR,Tue Apr 28 00:00:00 CEST 2015,429.309998,165.22686633441023
TWTR,Mon Oct 12 00:00:00 CEST 2015,28.75,165.0067423564515
TWTR,Thu Aug 27 00:00:00 CEST 2015,89.730003,164.88552377455704
TWTR,Mon Sep 21 00:00:00 CEST 2015,44.110001,164.69135090836002
TWTR,Mon Apr 27 00:00:00 CEST 2015,438.559998,165.13094745264834
TWTR,Fri Oct 09 00:00:00 CEST 2015,30.85,164.91575362660245
TWTR,Wed Aug 26 00:00:00 CEST 2015,87.190002,164.7913924239999
TWTR,Fri Sep 18 00:00:00 CEST 2015,43.48,164.59760425718838
TWTR,Fri Apr 24 00:00:00 CEST 2015,445.100006,165.0449765087718
TWTR,Thu Oct 08 00:00:00 CEST 2015,30.32,164.83044629140116
TWTR,Tue Aug 25 00:00:00 CEST 2015,83.0,164.70035019236872
TWTR,Thu Sep 17 00:00:00 CEST 2015,44.25,164.50915916031735
TWTR,Thu Apr 23 00:00:00 CEST 2015,389.98999,164.86649803644997
TWTR,Wed Oct 07 00:00:00 CEST 2015,29.83,164.6528326914556
TWTR,Mon Aug 24 00:00:00 CEST 2015,82.089996,164.5224016698261
TWTR,Wed Sep 16 00:00:00 CEST 2015,44.299999,164.33277642902195
TWTR,Wed Apr 22 00:00:00 CEST 2015,389.799988,164.68784290393688
TWTR,Tue Oct 06 00:00:00 CEST 2015,27.620001,164.47232742924515
TWTR,Fri Aug 21 00:00:00 CEST 2015,86.059998,164.34923115070632
TWTR,Tue Sep 15 00:00:00 CEST 2015,43.98,164.1605646442005
TWTR,Tue Apr 21 00:00:00 CEST 2015,391.179993,164.51583761502334
TWTR,Mon Oct 05 00:00:00 CEST 2015,28.15,164.30276599374986
TWTR,Thu Aug 20 00:00:00 CEST 2015,90.559998,164.1877226739468
TWTR,Mon Sep 14 00:00:00 CEST 2015,43.040001,163.99901905763227
TWTR,Mon Apr 20 00:00:00 CEST 2015,389.51001,164.3497359953342
TWTR,Fri Oct 02 00:00:00 CEST 2015,26.309999,164.13538857763962
TWTR,Wed Aug 19 00:00:00 CEST 2015,95.309998,164.0286825457363
TWTR,Fri Sep 11 00:00:00 CEST 2015,43.48,163.84207467801843
TWTR,Fri Apr 17 00:00:00 CEST 2015,375.559998,164.1693048531683
TWTR,Thu Oct 01 00:00:00 CEST 2015,24.68,163.95404358024675
TWTR,Tue Aug 18 00:00:00 CEST 2015,95.169998,163.84805891833574
TWTR,Thu Sep 10 00:00:00 CEST 2015,43.290001,163.66258498307675
TWTR,Thu Apr 16 00:00:00 CEST 2015,386.040009,164.00417856835622
TWTR,Wed Sep 30 00:00:00 CEST 2015,26.940001,163.7939574371164
TWTR,Mon Aug 17 00:00:00 CEST 2015,93.93,163.6869682220519
TWTR,Wed Sep 09 00:00:00 CEST 2015,43.07,163.50253860703347
TWTR,Wed Apr 15 00:00:00 CEST 2015,383.450012,163.83833627633572
TWTR,Tue Sep 29 00:00:00 CEST 2015,25.59,163.6275918612803
TWTR,Fri Aug 14 00:00:00 CEST 2015,94.419998,163.5222530578385
TWTR,Tue Sep 08 00:00:00 CEST 2015,43.889999,163.3404411215804
TWTR,Tue Apr 14 00:00:00 CEST 2015,385.109985,163.67696546737466
TWTR,Mon Sep 28 00:00:00 CEST 2015,25.26,163.4672427924241
TWTR,Thu Aug 13 00:00:00 CEST 2015,93.43,163.3612862980331
TWTR,Fri Sep 04 00:00:00 CEST 2015,42.610001,163.17888254380645
TWTR,Mon Apr 13 00:00:00 CEST 2015,382.359985,163.50947244193043
TWTR,Fri Sep 25 00:00:00 CEST 2015,25.290001,163.3013105873492
TWTR,Wed Aug 12 00:00:00 CEST 2015,94.190002,163.19738380751863
TWTR,Thu Sep 03 00:00:00 CEST 2015,43.5,163.01765800600583
TWTR,Fri Apr 10 00:00:00 CEST 2015,382.649994,163.3469418680658
TWTR,Thu Sep 24 00:00:00 CEST 2015,26.6,163.14223087724537
TWTR,Tue Aug 11 00:00:00 CEST 2015,93.620003,163.03831125411045
TWTR,Wed Sep 02 00:00:00 CEST 2015,43.360001,162.8596869104476
TWTR,Thu Apr 09 00:00:00 CEST 2015,383.540009,163.18856965573755
TWTR,Wed Sep 23 00:00:00 CEST 2015,26.790001,162.98559559523795
TWTR,Mon Aug 10 00:00:00 CEST 2015,94.150002,162.8833138811291
TWTR,Tue Sep 01 00:00:00 CEST 2015,41.82,162.7036947210681
TWTR,Wed Apr 08 00:00:00 CEST 2015,381.200012,163.02739296888873
TWTR,Tue Sep 22 00:00:00 CEST 2015,26.83,162.8259175355028
TWTR,Fri Aug 07 00:00:00 CEST 2015,94.300003,162.72469757311654
TWTR,Mon Aug 31 00:00:00 CEST 2015,43.52,162.54887943510312
TWTR,Tue Apr 07 00:00:00 CEST 2015,374.410004,162.8608987643592
TWTR,Mon Sep 21 00:00:00 CEST 2015,27.379999,162.66166214705868
TWTR,Thu Aug 06 00:00:00 CEST 2015,95.120003,162.56248203083686
TWTR,Fri Aug 28 00:00:00 CEST 2015,43.93,162.38853410997052
TWTR,Fri Sep 18 00:00:00 CEST 2015,27.959999,162.19171341434833
TWTR,Wed Aug 05 00:00:00 CEST 2015,96.440002,162.09558518128642
TWTR,Thu Aug 27 00:00:00 CEST 2015,43.900002,161.92303688467138
TWTR,Thu Sep 17 00:00:00 CEST 2015,27.41,161.72695374052464
TWTR,Tue Aug 04 00:00:00 CEST 2015,94.059998,161.6284574439591
TWTR,Wed Aug 26 00:00:00 CEST 2015,42.709999,161.45561084738358
TWTR,Wed Sep 16 00:00:00 CEST 2015,27.75,161.26155335703905
TWTR,Mon Aug 03 00:00:00 CEST 2015,94.139999,161.16427574202885
TWTR,Tue Aug 25 00:00:00 CEST 2015,40.470001,160.9896096425469
TWTR,Tue Sep 15 00:00:00 CEST 2015,27.17,160.79622870375707
TWTR,Fri Jul 31 00:00:00 CEST 2015,94.010002,160.69985608225093
TWTR,Mon Aug 24 00:00:00 CEST 2015,41.68,160.52835773054738
TWTR,Mon Sep 14 00:00:00 CEST 2015,26.9,160.33608671223004
TWTR,Thu Jul 30 00:00:00 CEST 2015,95.209999,160.24251474712625
TWTR,Fri Aug 21 00:00:00 CEST 2015,43.07,160.0744049698707
TWTR,Fri Sep 11 00:00:00 CEST 2015,27.389999,159.88431269770757
TWTR,Wed Jul 29 00:00:00 CEST 2015,96.989998,159.79433513733892
TWTR,Thu Aug 20 00:00:00 CEST 2015,45.66,159.6312860871427
TWTR,Thu Sep 10 00:00:00 CEST 2015,27.709999,159.44309594864464
TWTR,Tue Jul 28 00:00:00 CEST 2015,95.290001,159.35170977350413
TWTR,Wed Aug 19 00:00:00 CEST 2015,46.610001,159.1913374992886
TWTR,Wed Sep 09 00:00:00 CEST 2015,27.18,159.00382139488622
TWTR,Mon Jul 27 00:00:00 CEST 2015,94.169998,158.91185852482252
TWTR,Tue Aug 18 00:00:00 CEST 2015,47.27,158.7537255807364
TWTR,Tue Sep 08 00:00:00 CEST 2015,27.18,158.56762413012714
TWTR,Fri Jul 24 00:00:00 CEST 2015,96.949997,158.48059358333316
TWTR,Mon Aug 17 00:00:00 CEST 2015,47.32,158.32380854301817
TWTR,Fri Sep 04 00:00:00 CEST 2015,28.15,158.14046515070407
TWTR,Thu Jul 23 00:00:00 CEST 2015,95.440002,158.05227884528816
TWTR,Fri Aug 14 00:00:00 CEST 2015,47.0,157.89630654353917
TWTR,Thu Sep 03 00:00:00 CEST 2015,28.299999,157.71454454137432
TWTR,Wed Jul 22 00:00:00 CEST 2015,97.040001,157.62956618907546
TWTR,Thu Aug 13 00:00:00 CEST 2015,46.73,157.47446190069914
TWTR,Wed Sep 02 00:00:00 CEST 2015,27.82,157.29338024999984
TWTR,Tue Jul 21 00:00:00 CEST 2015,98.389999,157.21122769595522
TWTR,Wed Aug 12 00:00:00 CEST 2015,46.740002,157.05736805013913
TWTR,Tue Sep 01 00:00:00 CEST 2015,27.030001,156.87652331154368
TWTR,Mon Jul 20 00:00:00 CEST 2015,97.910004,156.79462536805542
TWTR,Tue Aug 11 00:00:00 CEST 2015,46.41,156.64152602635218
TWTR,Mon Aug 31 00:00:00 CEST 2015,27.790001,156.4630613102492
TWTR,Fri Jul 17 00:00:00 CEST 2015,94.970001,156.37800866804966
TWTR,Mon Aug 10 00:00:00 CEST 2015,47.330002,156.22738987430927
TWTR,Fri Aug 28 00:00:00 CEST 2015,26.83,156.04891071586195
TWTR,Thu Jul 16 00:00:00 CEST 2015,90.849998,155.95910505096407
TWTR,Fri Aug 07 00:00:00 CEST 2015,46.740002,155.80887244704255
TWTR,Thu Aug 27 00:00:00 CEST 2015,26.459999,155.63119542307683
TWTR,Wed Jul 15 00:00:00 CEST 2015,89.760002,155.5408371330589
TWTR,Thu Aug 06 00:00:00 CEST 2015,46.619999,155.39163050547936
TWTR,Wed Aug 26 00:00:00 CEST 2015,25.030001,155.2132972229821
TWTR,Tue Jul 14 00:00:00 CEST 2015,89.68,155.12377086065564
TWTR,Wed Aug 05 00:00:00 CEST 2015,47.580002,154.9770535770804
TWTR,Tue Aug 25 00:00:00 CEST 2015,24.379999,154.7991284346048
TWTR,Mon Jul 13 00:00:00 CEST 2015,90.099998,154.7111024068026
TWTR,Tue Aug 04 00:00:00 CEST 2015,47.540001,154.5654894972825
TWTR,Mon Aug 24 00:00:00 CEST 2015,25.17,154.38991895522378
TWTR,Fri Jul 10 00:00:00 CEST 2015,87.949997,154.2998919607045
TWTR,Mon Aug 03 00:00:00 CEST 2015,46.810001,154.1544387929634
TWTR,Fri Aug 21 00:00:00 CEST 2015,25.870001,153.9810814445945
TWTR,Thu Jul 09 00:00:00 CEST 2015,85.879997,153.88917714709842
TWTR,Fri Jul 31 00:00:00 CEST 2015,46.700001,153.74471734097028
TWTR,Thu Aug 20 00:00:00 CEST 2015,26.0,153.5727863620457
TWTR,Wed Jul 08 00:00:00 CEST 2015,85.650002,153.48149229704293
TWTR,Thu Jul 30 00:00:00 CEST 2015,46.880001,153.33840304697978
TWTR,Wed Aug 19 00:00:00 CEST 2015,27.610001,153.1698663150133
TWTR,Tue Jul 07 00:00:00 CEST 2015,87.220001,153.08158001606415
TWTR,Wed Jul 29 00:00:00 CEST 2015,46.290001,152.93881052540095
TWTR,Tue Aug 18 00:00:00 CEST 2015,28.299999,152.7724035674231
TWTR,Mon Jul 06 00:00:00 CEST 2015,87.550003,152.68544036666654
TWTR,Tue Jul 28 00:00:00 CEST 2015,45.34,152.54250369507312
TWTR,Mon Aug 17 00:00:00 CEST 2015,29.059999,152.37829823670202
TWTR,Thu Jul 02 00:00:00 CEST 2015,87.290001,152.2918595949534
TWTR,Mon Jul 27 00:00:00 CEST 2015,45.349998,152.15002688726779
TWTR,Fri Aug 14 00:00:00 CEST 2015,29.059999,151.98699373774824
TWTR,Wed Jul 01 00:00:00 CEST 2015,86.910004,151.90091306349197
TWTR,Fri Jul 24 00:00:00 CEST 2015,45.939999,151.76093827608972
TWTR,Thu Aug 13 00:00:00 CEST 2015,28.540001,151.59837767282312
TWTR,Tue Jun 30 00:00:00 CEST 2015,85.769997,151.5116472635045
TWTR,Thu Jul 23 00:00:00 CEST 2015,46.110001,151.37296088684198
TWTR,Wed Aug 12 00:00:00 CEST 2015,29.389999,151.21266790144537
TWTR,Mon Jun 29 00:00:00 CEST 2015,85.800003,151.12682450918624
TWTR,Wed Jul 22 00:00:00 CEST 2015,45.540001,150.988440730013
TWTR,Tue Aug 11 00:00:00 CEST 2015,29.620001,150.8295815157067
TWTR,Fri Jun 26 00:00:00 CEST 2015,88.010002,150.74746441830055
TWTR,Tue Jul 21 00:00:00 CEST 2015,47.279999,150.6123893981722
TWTR,Mon Aug 10 00:00:00 CEST 2015,29.5,150.4544853702737
TWTR,Thu Jun 25 00:00:00 CEST 2015,87.980003,150.37313838802075
TWTR,Mon Jul 20 00:00:00 CEST 2015,46.919998,150.2386089466839
TWTR,Fri Aug 07 00:00:00 CEST 2015,27.040001,150.07861075454537
TWTR,Wed Jun 24 00:00:00 CEST 2015,88.860001,149.99920918547332
TWTR,Fri Jul 17 00:00:00 CEST 2015,46.619999,149.86529829145067
TWTR,Thu Aug 06 00:00:00 CEST 2015,27.540001,149.70705081759368
TWTR,Tue Jun 23 00:00:00 CEST 2015,87.879997,149.62717090310068
TWTR,Thu Jul 16 00:00:00 CEST 2015,46.66,149.49431003741927
TWTR,Wed Aug 05 00:00:00 CEST 2015,28.48,149.33836376159783
TWTR,Mon Jun 22 00:00:00 CEST 2015,84.739998,149.2552255817245
TWTR,Wed Jul 15 00:00:00 CEST 2015,45.759998,149.12219829691506
TWTR,Tue Aug 04 00:00:00 CEST 2015,29.34,148.96843424261863
TWTR,Fri Jun 19 00:00:00 CEST 2015,82.510002,148.88323112435887
TWTR,Tue Jul 14 00:00:00 CEST 2015,45.619999,148.75101187708054
TWTR,Mon Aug 03 00:00:00 CEST 2015,29.27,148.59822285933492
TWTR,Thu Jun 18 00:00:00 CEST 2015,82.910004,148.5143298595146
TWTR,Mon Jul 13 00:00:00 CEST 2015,45.540001,148.38298505229582
TWTR,Fri Jul 31 00:00:00 CEST 2015,31.01,148.23346532611455
TWTR,Wed Jun 17 00:00:00 CEST 2015,81.790001,148.14893165648846
TWTR,Fri Jul 10 00:00:00 CEST 2015,44.610001,148.01737011817016
TWTR,Thu Jul 30 00:00:00 CEST 2015,31.469999,147.86946736294405
TWTR,Tue Jun 16 00:00:00 CEST 2015,81.059998,147.7847912294042
TWTR,Thu Jul 09 00:00:00 CEST 2015,44.52,147.65407630379735
TWTR,Wed Jul 29 00:00:00 CEST 2015,31.24,147.50690300884943
TWTR,Mon Jun 15 00:00:00 CEST 2015,80.709999,147.42256348358575
TWTR,Wed Jul 08 00:00:00 CEST 2015,44.240002,147.29244676040344
TWTR,Tue Jul 28 00:00:00 CEST 2015,36.540001,147.15296005289662
TWTR,Fri Jun 12 00:00:00 CEST 2015,81.529999,147.07041544779864
TWTR,Tue Jul 07 00:00:00 CEST 2015,44.299999,146.941306884422
TWTR,Mon Jul 27 00:00:00 CEST 2015,34.700001,146.80047714052688
TWTR,Thu Jun 11 00:00:00 CEST 2015,81.830002,146.71906050501244
TWTR,Mon Jul 06 00:00:00 CEST 2015,44.389999,146.590989088861
TWTR,Fri Jul 24 00:00:00 CEST 2015,35.419998,146.4520253499999
TWTR,Wed Jun 10 00:00:00 CEST 2015,82.160004,146.3717606541822
TWTR,Thu Jul 02 00:00:00 CEST 2015,44.400002,146.24461382294257
TWTR,Thu Jul 23 00:00:00 CEST 2015,36.189999,146.10755950809454
TWTR,Tue Jun 09 00:00:00 CEST 2015,80.669998,146.02616950621882
TWTR,Wed Jul 01 00:00:00 CEST 2015,44.450001,145.8999879304347
TWTR,Wed Jul 22 00:00:00 CEST 2015,36.09,145.76374725062024
TWTR,Mon Jun 08 00:00:00 CEST 2015,80.669998,145.68308585130103
TWTR,Tue Jun 30 00:00:00 CEST 2015,44.150002,145.5574260940593
TWTR,Tue Jul 21 00:00:00 CEST 2015,36.630001,145.42278156365873
TWTR,Fri Jun 05 00:00:00 CEST 2015,82.139999,145.34465467160484
TWTR,Mon Jun 29 00:00:00 CEST 2015,44.369999,145.22014831442652
TWTR,Mon Jul 20 00:00:00 CEST 2015,35.810001,145.08540675369449
TWTR,Thu Jun 04 00:00:00 CEST 2015,82.050003,145.00787243173423
TWTR,Fri Jun 26 00:00:00 CEST 2015,45.259998,144.88533204545445
TWTR,Fri Jul 17 00:00:00 CEST 2015,35.669998,144.7513255006134
TWTR,Wed Jun 03 00:00:00 CEST 2015,82.440002,144.67496358455872
TWTR,Thu Jun 25 00:00:00 CEST 2015,45.650002,144.55375800122388
TWTR,Thu Jul 16 00:00:00 CEST 2015,36.099998,144.42117394254268
TWTR,Tue Jun 02 00:00:00 CEST 2015,80.440002,144.34305285347975
TWTR,Wed Jun 24 00:00:00 CEST 2015,45.639999,144.22268327560965
TWTR,Wed Jul 15 00:00:00 CEST 2015,35.66,144.09045101827033
TWTR,Mon Jun 01 00:00:00 CEST 2015,80.290001,144.01283489902667
TWTR,Tue Jun 23 00:00:00 CEST 2015,45.91,143.89363339854185
TWTR,Tue Jul 14 00:00:00 CEST 2015,36.720001,143.76356831067952
TWTR,Fri May 29 00:00:00 CEST 2015,79.190002,143.68529732121203
TWTR,Mon Jun 22 00:00:00 CEST 2015,46.23,143.5673126997578
TWTR,Mon Jul 13 00:00:00 CEST 2015,35.779999,143.43697737484877
TWTR,Thu May 28 00:00:00 CEST 2015,80.150002,143.36054382971005
TWTR,Fri Jun 19 00:00:00 CEST 2015,46.099998,143.24322109650174
TWTR,Fri Jul 10 00:00:00 CEST 2015,34.91,143.11269914337342
TWTR,Wed May 27 00:00:00 CEST 2015,80.550003,143.0374131070998
TWTR,Thu Jun 18 00:00:00 CEST 2015,46.720001,142.92164698677877
TWTR,Thu Jul 09 00:00:00 CEST 2015,34.360001,142.79132088115236
TWTR,Tue May 26 00:00:00 CEST 2015,79.330002,142.71522817266177
TWTR,Wed Jun 17 00:00:00 CEST 2015,45.970001,142.5993656251496
TWTR,Wed Jul 08 00:00:00 CEST 2015,34.759998,142.47037116626785
TWTR,Fri May 22 00:00:00 CEST 2015,80.540001,142.39638028195927
TWTR,Tue Jun 16 00:00:00 CEST 2015,45.830002,142.28114594033403
TWTR,Tue Jul 07 00:00:00 CEST 2015,35.52,142.15389785220492
TWTR,Thu May 21 00:00:00 CEST 2015,80.480003,142.08047654880943
TWTR,Mon Jun 15 00:00:00 CEST 2015,45.48,141.96561272413783
TWTR,Mon Jul 06 00:00:00 CEST 2015,35.43,141.8390858681709
TWTR,Wed May 20 00:00:00 CEST 2015,80.550003,141.7663823297745
TWTR,Fri Jun 12 00:00:00 CEST 2015,45.970001,141.65287950829372
TWTR,Thu Jul 02 00:00:00 CEST 2015,35.720001,141.52751515502948
TWTR,Tue May 19 00:00:00 CEST 2015,80.629997,141.45553227304953
TWTR,Thu Jun 11 00:00:00 CEST 2015,46.439999,141.34335336717814
TWTR,Wed Jul 01 00:00:00 CEST 2015,35.400002,141.2184201698112
TWTR,Mon May 18 00:00:00 CEST 2015,80.879997,141.14735017785617
TWTR,Wed Jun 10 00:00:00 CEST 2015,46.610001,141.03612976705867
TWTR,Tue Jun 30 00:00:00 CEST 2015,36.220001,140.9129615781432
TWTR,Fri May 15 00:00:00 CEST 2015,80.419998,140.84196044718294
TWTR,Tue Jun 09 00:00:00 CEST 2015,45.650002,140.7303637784289
TWTR,Mon Jun 29 00:00:00 CEST 2015,34.209999,140.60563267213098
TWTR,Thu May 14 00:00:00 CEST 2015,81.370003,140.53635123391797
TWTR,Mon Jun 08 00:00:00 CEST 2015,45.73,140.42559615070078
TWTR,Fri Jun 26 00:00:00 CEST 2015,35.259998,140.30288250058325
TWTR,Wed May 13 00:00:00 CEST 2015,78.440002,140.23078124125857
TWTR,Fri Jun 05 00:00:00 CEST 2015,46.139999,140.1212459883584
TWTR,Thu Jun 25 00:00:00 CEST 2015,35.169998,139.9992096534882
TWTR,Tue May 12 00:00:00 CEST 2015,77.459999,139.92657410104513
TWTR,Thu Jun 04 00:00:00 CEST 2015,46.360001,139.81802819257524
TWTR,Wed Jun 24 00:00:00 CEST 2015,35.169998,139.69676743916554
TWTR,Mon May 11 00:00:00 CEST 2015,78.010002,139.62537071990724
TWTR,Wed Jun 03 00:00:00 CEST 2015,46.849998,139.51811595375705
TWTR,Tue Jun 23 00:00:00 CEST 2015,35.369999,139.3978525392608
TWTR,Fri May 08 00:00:00 CEST 2015,78.510002,139.32762433794676
TWTR,Tue Jun 02 00:00:00 CEST 2015,46.919998,139.22116393893992
TWTR,Mon Jun 22 00:00:00 CEST 2015,35.549999,139.10186455466035
TWTR,Thu May 07 00:00:00 CEST 2015,78.43,139.03212677931015
TWTR,Mon Jun 01 00:00:00 CEST 2015,47.23,138.92672824110198
TWTR,Fri Jun 19 00:00:00 CEST 2015,35.860001,138.80853245298144
TWTR,Wed May 06 00:00:00 CEST 2015,78.099998,138.73899232187838
TWTR,Fri May 29 00:00:00 CEST 2015,46.860001,138.63386761784878
TWTR,Thu Jun 18 00:00:00 CEST 2015,34.66,138.51504034057123
TWTR,Tue May 05 00:00:00 CEST 2015,77.559998,138.44545695890392
TWTR,Thu May 28 00:00:00 CEST 2015,47.450001,138.34169931242855
TWTR,Wed Jun 17 00:00:00 CEST 2015,34.689999,138.22364498405446
TWTR,Mon May 04 00:00:00 CEST 2015,78.809998,138.15605266666645
TWTR,Wed May 27 00:00:00 CEST 2015,47.610001,138.05315942613615
TWTR,Tue Jun 16 00:00:00 CEST 2015,34.82,137.93598217366608
TWTR,Fri May 01 00:00:00 CEST 2015,78.989998,137.86914999206329
TWTR,Tue May 26 00:00:00 CEST 2015,46.59,137.76577609626253
TWTR,Mon Jun 15 00:00:00 CEST 2015,34.669998,137.64915191289572
TWTR,Thu Apr 30 00:00:00 CEST 2015,78.769997,137.58262179435008
TWTR,Fri May 22 00:00:00 CEST 2015,46.900002,137.48027120767472
TWTR,Fri Jun 12 00:00:00 CEST 2015,35.900002,137.3657500473504
TWTR,Wed Apr 29 00:00:00 CEST 2015,80.470001,137.30167825788266
TWTR,Thu May 21 00:00:00 CEST 2015,47.419998,137.20057400562408
TWTR,Thu Jun 11 00:00:00 CEST 2015,35.84,137.0866857202245
TWTR,Tue Apr 28 00:00:00 CEST 2015,80.68,137.02337855331064
TWTR,Wed May 20 00:00:00 CEST 2015,47.580002,136.92310570964102
TWTR,Wed Jun 10 00:00:00 CEST 2015,35.849998,136.80992193840962
TWTR,Mon Apr 27 00:00:00 CEST 2015,81.910004,136.74851263422795
TWTR,Tue May 19 00:00:00 CEST 2015,47.580002,136.6488830134076
TWTR,Tue Jun 09 00:00:00 CEST 2015,35.880001,136.53641774330336
TWTR,Fri Apr 24 00:00:00 CEST 2015,81.529999,136.47509509141562
TWTR,Mon May 18 00:00:00 CEST 2015,48.009998,136.37658162026705
TWTR,Mon Jun 08 00:00:00 CEST 2015,36.459999,136.26543970411547
TWTR,Thu Apr 23 00:00:00 CEST 2015,82.410004,136.2056003311109
TWTR,Fri May 15 00:00:00 CEST 2015,48.299999,136.10803584572676
TWTR,Fri Jun 05 00:00:00 CEST 2015,37.0,135.99815997450088
TWTR,Wed Apr 22 00:00:00 CEST 2015,84.629997,135.94127385825004
TWTR,Thu May 14 00:00:00 CEST 2015,48.720001,135.84479014933606
TWTR,Thu Jun 04 00:00:00 CEST 2015,36.709999,135.73524894364618
TWTR,Tue Apr 21 00:00:00 CEST 2015,83.620003,135.67772659713
TWTR,Wed May 13 00:00:00 CEST 2015,47.630001,135.58065082469656
TWTR,Wed Jun 03 00:00:00 CEST 2015,37.0,135.47208182599095
TWTR,Mon Apr 20 00:00:00 CEST 2015,83.089996,135.41445576897667
TWTR,Tue May 12 00:00:00 CEST 2015,47.349998,135.31768163956022
TWTR,Tue Jun 02 00:00:00 CEST 2015,36.400002,135.20910021295256
TWTR,Fri Apr 17 00:00:00 CEST 2015,80.779999,135.14941918092083
TWTR,Mon May 11 00:00:00 CEST 2015,47.369999,135.05327523767775
TWTR,Mon Jun 01 00:00:00 CEST 2015,36.630001,134.9455911301967
TWTR,Thu Apr 16 00:00:00 CEST 2015,8